ISO-10303-21;
HEADER;
/* Generated by software containing ST-Developer
 * from STEP Tools, Inc. (www.steptools.com) 
 */

FILE_DESCRIPTION(
/* description */ (''),
/* implementation_level */ '2;1');

FILE_NAME(
/* name */ 'Gehuse unten.step',
/* time_stamp */ '2026-06-04T21:12:23+02:00',
/* author */ (''),
/* organization */ (''),
/* preprocessor_version */ 'ST-DEVELOPER v20.1',
/* originating_system */ 'Autodesk Translation Framework v15.8.0.0',
/* authorisation */ '');

FILE_SCHEMA (('AUTOMOTIVE_DESIGN { 1 0 10303 214 3 1 1 }'));
ENDSEC;

DATA;
#10=MECHANICAL_DESIGN_GEOMETRIC_PRESENTATION_REPRESENTATION('',(#13),#6625);
#11=SHAPE_REPRESENTATION_RELATIONSHIP('SRR','None',#6632,#12);
#12=ADVANCED_BREP_SHAPE_REPRESENTATION('',(#14),#6624);
#13=STYLED_ITEM('',(#6641),#14);
#14=MANIFOLD_SOLID_BREP('K\X\F6rper1',#4242);
#15=CYLINDRICAL_SURFACE('',#4423,4.);
#16=CYLINDRICAL_SURFACE('',#4428,4.);
#17=CYLINDRICAL_SURFACE('',#4429,4.);
#18=CYLINDRICAL_SURFACE('',#4430,4.);
#19=CYLINDRICAL_SURFACE('',#4432,4.);
#20=CYLINDRICAL_SURFACE('',#4434,4.);
#21=CYLINDRICAL_SURFACE('',#4435,4.);
#22=CYLINDRICAL_SURFACE('',#4437,4.);
#23=CIRCLE('',#4412,4.);
#24=CIRCLE('',#4413,4.);
#25=CIRCLE('',#4414,4.);
#26=CIRCLE('',#4416,4.);
#27=CIRCLE('',#4417,4.);
#28=CIRCLE('',#4418,4.);
#29=CIRCLE('',#4420,3.99999999999999);
#30=CIRCLE('',#4421,4.);
#31=CIRCLE('',#4422,4.);
#32=CIRCLE('',#4425,4.);
#33=CIRCLE('',#4426,4.);
#34=CIRCLE('',#4427,4.);
#35=CIRCLE('',#4431,4.);
#36=CIRCLE('',#4433,4.);
#37=CIRCLE('',#4436,4.);
#38=CIRCLE('',#4438,4.);
#39=SPHERICAL_SURFACE('',#4411,4.);
#40=SPHERICAL_SURFACE('',#4415,4.);
#41=SPHERICAL_SURFACE('',#4419,4.);
#42=SPHERICAL_SURFACE('',#4424,4.);
#43=FACE_BOUND('',#362,.T.);
#44=FACE_BOUND('',#363,.T.);
#45=FACE_BOUND('',#364,.T.);
#46=FACE_BOUND('',#390,.T.);
#47=FACE_BOUND('',#391,.T.);
#48=FACE_OUTER_BOUND('',#218,.T.);
#49=FACE_OUTER_BOUND('',#219,.T.);
#50=FACE_OUTER_BOUND('',#220,.T.);
#51=FACE_OUTER_BOUND('',#221,.T.);
#52=FACE_OUTER_BOUND('',#222,.T.);
#53=FACE_OUTER_BOUND('',#223,.T.);
#54=FACE_OUTER_BOUND('',#224,.T.);
#55=FACE_OUTER_BOUND('',#225,.T.);
#56=FACE_OUTER_BOUND('',#226,.T.);
#57=FACE_OUTER_BOUND('',#227,.T.);
#58=FACE_OUTER_BOUND('',#228,.T.);
#59=FACE_OUTER_BOUND('',#229,.T.);
#60=FACE_OUTER_BOUND('',#230,.T.);
#61=FACE_OUTER_BOUND('',#231,.T.);
#62=FACE_OUTER_BOUND('',#232,.T.);
#63=FACE_OUTER_BOUND('',#233,.T.);
#64=FACE_OUTER_BOUND('',#234,.T.);
#65=FACE_OUTER_BOUND('',#235,.T.);
#66=FACE_OUTER_BOUND('',#236,.T.);
#67=FACE_OUTER_BOUND('',#237,.T.);
#68=FACE_OUTER_BOUND('',#238,.T.);
#69=FACE_OUTER_BOUND('',#239,.T.);
#70=FACE_OUTER_BOUND('',#240,.T.);
#71=FACE_OUTER_BOUND('',#241,.T.);
#72=FACE_OUTER_BOUND('',#242,.T.);
#73=FACE_OUTER_BOUND('',#243,.T.);
#74=FACE_OUTER_BOUND('',#244,.T.);
#75=FACE_OUTER_BOUND('',#245,.T.);
#76=FACE_OUTER_BOUND('',#246,.T.);
#77=FACE_OUTER_BOUND('',#247,.T.);
#78=FACE_OUTER_BOUND('',#248,.T.);
#79=FACE_OUTER_BOUND('',#249,.T.);
#80=FACE_OUTER_BOUND('',#250,.T.);
#81=FACE_OUTER_BOUND('',#251,.T.);
#82=FACE_OUTER_BOUND('',#252,.T.);
#83=FACE_OUTER_BOUND('',#253,.T.);
#84=FACE_OUTER_BOUND('',#254,.T.);
#85=FACE_OUTER_BOUND('',#255,.T.);
#86=FACE_OUTER_BOUND('',#256,.T.);
#87=FACE_OUTER_BOUND('',#257,.T.);
#88=FACE_OUTER_BOUND('',#258,.T.);
#89=FACE_OUTER_BOUND('',#259,.T.);
#90=FACE_OUTER_BOUND('',#260,.T.);
#91=FACE_OUTER_BOUND('',#261,.T.);
#92=FACE_OUTER_BOUND('',#262,.T.);
#93=FACE_OUTER_BOUND('',#263,.T.);
#94=FACE_OUTER_BOUND('',#264,.T.);
#95=FACE_OUTER_BOUND('',#265,.T.);
#96=FACE_OUTER_BOUND('',#266,.T.);
#97=FACE_OUTER_BOUND('',#267,.T.);
#98=FACE_OUTER_BOUND('',#268,.T.);
#99=FACE_OUTER_BOUND('',#269,.T.);
#100=FACE_OUTER_BOUND('',#270,.T.);
#101=FACE_OUTER_BOUND('',#271,.T.);
#102=FACE_OUTER_BOUND('',#272,.T.);
#103=FACE_OUTER_BOUND('',#273,.T.);
#104=FACE_OUTER_BOUND('',#274,.T.);
#105=FACE_OUTER_BOUND('',#275,.T.);
#106=FACE_OUTER_BOUND('',#276,.T.);
#107=FACE_OUTER_BOUND('',#277,.T.);
#108=FACE_OUTER_BOUND('',#278,.T.);
#109=FACE_OUTER_BOUND('',#279,.T.);
#110=FACE_OUTER_BOUND('',#280,.T.);
#111=FACE_OUTER_BOUND('',#281,.T.);
#112=FACE_OUTER_BOUND('',#282,.T.);
#113=FACE_OUTER_BOUND('',#283,.T.);
#114=FACE_OUTER_BOUND('',#284,.T.);
#115=FACE_OUTER_BOUND('',#285,.T.);
#116=FACE_OUTER_BOUND('',#286,.T.);
#117=FACE_OUTER_BOUND('',#287,.T.);
#118=FACE_OUTER_BOUND('',#288,.T.);
#119=FACE_OUTER_BOUND('',#289,.T.);
#120=FACE_OUTER_BOUND('',#290,.T.);
#121=FACE_OUTER_BOUND('',#291,.T.);
#122=FACE_OUTER_BOUND('',#292,.T.);
#123=FACE_OUTER_BOUND('',#293,.T.);
#124=FACE_OUTER_BOUND('',#294,.T.);
#125=FACE_OUTER_BOUND('',#295,.T.);
#126=FACE_OUTER_BOUND('',#296,.T.);
#127=FACE_OUTER_BOUND('',#297,.T.);
#128=FACE_OUTER_BOUND('',#298,.T.);
#129=FACE_OUTER_BOUND('',#299,.T.);
#130=FACE_OUTER_BOUND('',#300,.T.);
#131=FACE_OUTER_BOUND('',#301,.T.);
#132=FACE_OUTER_BOUND('',#302,.T.);
#133=FACE_OUTER_BOUND('',#303,.T.);
#134=FACE_OUTER_BOUND('',#304,.T.);
#135=FACE_OUTER_BOUND('',#305,.T.);
#136=FACE_OUTER_BOUND('',#306,.T.);
#137=FACE_OUTER_BOUND('',#307,.T.);
#138=FACE_OUTER_BOUND('',#308,.T.);
#139=FACE_OUTER_BOUND('',#309,.T.);
#140=FACE_OUTER_BOUND('',#310,.T.);
#141=FACE_OUTER_BOUND('',#311,.T.);
#142=FACE_OUTER_BOUND('',#312,.T.);
#143=FACE_OUTER_BOUND('',#313,.T.);
#144=FACE_OUTER_BOUND('',#314,.T.);
#145=FACE_OUTER_BOUND('',#315,.T.);
#146=FACE_OUTER_BOUND('',#316,.T.);
#147=FACE_OUTER_BOUND('',#317,.T.);
#148=FACE_OUTER_BOUND('',#318,.T.);
#149=FACE_OUTER_BOUND('',#319,.T.);
#150=FACE_OUTER_BOUND('',#320,.T.);
#151=FACE_OUTER_BOUND('',#321,.T.);
#152=FACE_OUTER_BOUND('',#322,.T.);
#153=FACE_OUTER_BOUND('',#323,.T.);
#154=FACE_OUTER_BOUND('',#324,.T.);
#155=FACE_OUTER_BOUND('',#325,.T.);
#156=FACE_OUTER_BOUND('',#326,.T.);
#157=FACE_OUTER_BOUND('',#327,.T.);
#158=FACE_OUTER_BOUND('',#328,.T.);
#159=FACE_OUTER_BOUND('',#329,.T.);
#160=FACE_OUTER_BOUND('',#330,.T.);
#161=FACE_OUTER_BOUND('',#331,.T.);
#162=FACE_OUTER_BOUND('',#332,.T.);
#163=FACE_OUTER_BOUND('',#333,.T.);
#164=FACE_OUTER_BOUND('',#334,.T.);
#165=FACE_OUTER_BOUND('',#335,.T.);
#166=FACE_OUTER_BOUND('',#336,.T.);
#167=FACE_OUTER_BOUND('',#337,.T.);
#168=FACE_OUTER_BOUND('',#338,.T.);
#169=FACE_OUTER_BOUND('',#339,.T.);
#170=FACE_OUTER_BOUND('',#340,.T.);
#171=FACE_OUTER_BOUND('',#341,.T.);
#172=FACE_OUTER_BOUND('',#342,.T.);
#173=FACE_OUTER_BOUND('',#343,.T.);
#174=FACE_OUTER_BOUND('',#344,.T.);
#175=FACE_OUTER_BOUND('',#345,.T.);
#176=FACE_OUTER_BOUND('',#346,.T.);
#177=FACE_OUTER_BOUND('',#347,.T.);
#178=FACE_OUTER_BOUND('',#348,.T.);
#179=FACE_OUTER_BOUND('',#349,.T.);
#180=FACE_OUTER_BOUND('',#350,.T.);
#181=FACE_OUTER_BOUND('',#351,.T.);
#182=FACE_OUTER_BOUND('',#352,.T.);
#183=FACE_OUTER_BOUND('',#353,.T.);
#184=FACE_OUTER_BOUND('',#354,.T.);
#185=FACE_OUTER_BOUND('',#355,.T.);
#186=FACE_OUTER_BOUND('',#356,.T.);
#187=FACE_OUTER_BOUND('',#357,.T.);
#188=FACE_OUTER_BOUND('',#358,.T.);
#189=FACE_OUTER_BOUND('',#359,.T.);
#190=FACE_OUTER_BOUND('',#360,.T.);
#191=FACE_OUTER_BOUND('',#361,.T.);
#192=FACE_OUTER_BOUND('',#365,.T.);
#193=FACE_OUTER_BOUND('',#366,.T.);
#194=FACE_OUTER_BOUND('',#367,.T.);
#195=FACE_OUTER_BOUND('',#368,.T.);
#196=FACE_OUTER_BOUND('',#369,.T.);
#197=FACE_OUTER_BOUND('',#370,.T.);
#198=FACE_OUTER_BOUND('',#371,.T.);
#199=FACE_OUTER_BOUND('',#372,.T.);
#200=FACE_OUTER_BOUND('',#373,.T.);
#201=FACE_OUTER_BOUND('',#374,.T.);
#202=FACE_OUTER_BOUND('',#375,.T.);
#203=FACE_OUTER_BOUND('',#376,.T.);
#204=FACE_OUTER_BOUND('',#377,.T.);
#205=FACE_OUTER_BOUND('',#378,.T.);
#206=FACE_OUTER_BOUND('',#379,.T.);
#207=FACE_OUTER_BOUND('',#380,.T.);
#208=FACE_OUTER_BOUND('',#381,.T.);
#209=FACE_OUTER_BOUND('',#382,.T.);
#210=FACE_OUTER_BOUND('',#383,.T.);
#211=FACE_OUTER_BOUND('',#384,.T.);
#212=FACE_OUTER_BOUND('',#385,.T.);
#213=FACE_OUTER_BOUND('',#386,.T.);
#214=FACE_OUTER_BOUND('',#387,.T.);
#215=FACE_OUTER_BOUND('',#388,.T.);
#216=FACE_OUTER_BOUND('',#389,.T.);
#217=FACE_OUTER_BOUND('',#392,.T.);
#218=EDGE_LOOP('',(#2646,#2647,#2648,#2649));
#219=EDGE_LOOP('',(#2650,#2651,#2652,#2653));
#220=EDGE_LOOP('',(#2654,#2655,#2656,#2657));
#221=EDGE_LOOP('',(#2658,#2659,#2660,#2661));
#222=EDGE_LOOP('',(#2662,#2663,#2664,#2665));
#223=EDGE_LOOP('',(#2666,#2667,#2668,#2669));
#224=EDGE_LOOP('',(#2670,#2671,#2672,#2673));
#225=EDGE_LOOP('',(#2674,#2675,#2676,#2677));
#226=EDGE_LOOP('',(#2678,#2679,#2680,#2681));
#227=EDGE_LOOP('',(#2682,#2683,#2684,#2685));
#228=EDGE_LOOP('',(#2686,#2687,#2688,#2689));
#229=EDGE_LOOP('',(#2690,#2691,#2692,#2693));
#230=EDGE_LOOP('',(#2694,#2695,#2696,#2697));
#231=EDGE_LOOP('',(#2698,#2699,#2700,#2701));
#232=EDGE_LOOP('',(#2702,#2703,#2704,#2705));
#233=EDGE_LOOP('',(#2706,#2707,#2708,#2709));
#234=EDGE_LOOP('',(#2710,#2711,#2712,#2713));
#235=EDGE_LOOP('',(#2714,#2715,#2716,#2717));
#236=EDGE_LOOP('',(#2718,#2719,#2720,#2721));
#237=EDGE_LOOP('',(#2722,#2723,#2724,#2725));
#238=EDGE_LOOP('',(#2726,#2727,#2728,#2729));
#239=EDGE_LOOP('',(#2730,#2731,#2732,#2733));
#240=EDGE_LOOP('',(#2734,#2735,#2736,#2737));
#241=EDGE_LOOP('',(#2738,#2739,#2740,#2741));
#242=EDGE_LOOP('',(#2742,#2743,#2744,#2745));
#243=EDGE_LOOP('',(#2746,#2747,#2748,#2749));
#244=EDGE_LOOP('',(#2750,#2751,#2752,#2753));
#245=EDGE_LOOP('',(#2754,#2755,#2756,#2757));
#246=EDGE_LOOP('',(#2758,#2759,#2760,#2761));
#247=EDGE_LOOP('',(#2762,#2763,#2764,#2765));
#248=EDGE_LOOP('',(#2766,#2767,#2768,#2769));
#249=EDGE_LOOP('',(#2770,#2771,#2772,#2773));
#250=EDGE_LOOP('',(#2774,#2775,#2776,#2777));
#251=EDGE_LOOP('',(#2778,#2779,#2780,#2781));
#252=EDGE_LOOP('',(#2782,#2783,#2784,#2785));
#253=EDGE_LOOP('',(#2786,#2787,#2788,#2789));
#254=EDGE_LOOP('',(#2790,#2791,#2792,#2793));
#255=EDGE_LOOP('',(#2794,#2795,#2796,#2797));
#256=EDGE_LOOP('',(#2798,#2799,#2800,#2801));
#257=EDGE_LOOP('',(#2802,#2803,#2804,#2805));
#258=EDGE_LOOP('',(#2806,#2807,#2808,#2809));
#259=EDGE_LOOP('',(#2810,#2811,#2812,#2813));
#260=EDGE_LOOP('',(#2814,#2815,#2816,#2817,#2818,#2819,#2820,#2821,#2822,
#2823,#2824,#2825));
#261=EDGE_LOOP('',(#2826,#2827,#2828,#2829,#2830,#2831,#2832,#2833,#2834,
#2835,#2836,#2837));
#262=EDGE_LOOP('',(#2838,#2839,#2840,#2841,#2842,#2843,#2844,#2845,#2846,
#2847,#2848,#2849));
#263=EDGE_LOOP('',(#2850,#2851,#2852));
#264=EDGE_LOOP('',(#2853,#2854,#2855,#2856));
#265=EDGE_LOOP('',(#2857,#2858,#2859,#2860));
#266=EDGE_LOOP('',(#2861,#2862,#2863,#2864,#2865,#2866,#2867,#2868,#2869,
#2870,#2871,#2872,#2873,#2874,#2875,#2876,#2877,#2878,#2879,#2880,#2881,
#2882,#2883,#2884,#2885,#2886,#2887,#2888,#2889,#2890,#2891,#2892,#2893,
#2894,#2895,#2896,#2897,#2898,#2899,#2900,#2901,#2902,#2903,#2904,#2905,
#2906,#2907,#2908,#2909,#2910,#2911));
#267=EDGE_LOOP('',(#2912,#2913,#2914,#2915,#2916,#2917,#2918,#2919,#2920));
#268=EDGE_LOOP('',(#2921,#2922,#2923,#2924,#2925,#2926,#2927,#2928,#2929,
#2930,#2931,#2932));
#269=EDGE_LOOP('',(#2933,#2934,#2935,#2936));
#270=EDGE_LOOP('',(#2937,#2938,#2939,#2940,#2941,#2942,#2943,#2944,#2945,
#2946,#2947,#2948));
#271=EDGE_LOOP('',(#2949,#2950,#2951,#2952,#2953,#2954,#2955,#2956,#2957,
#2958,#2959,#2960,#2961,#2962,#2963,#2964,#2965,#2966,#2967,#2968,#2969,
#2970,#2971,#2972,#2973,#2974,#2975,#2976,#2977,#2978,#2979,#2980,#2981,
#2982,#2983,#2984,#2985,#2986,#2987,#2988,#2989,#2990,#2991,#2992,#2993,
#2994,#2995,#2996,#2997,#2998,#2999,#3000,#3001,#3002,#3003,#3004,#3005,
#3006,#3007,#3008,#3009,#3010,#3011,#3012,#3013,#3014,#3015,#3016,#3017,
#3018,#3019,#3020,#3021,#3022,#3023,#3024,#3025,#3026,#3027,#3028,#3029,
#3030,#3031,#3032,#3033,#3034,#3035,#3036,#3037,#3038,#3039,#3040,#3041,
#3042,#3043,#3044,#3045,#3046,#3047,#3048,#3049,#3050,#3051));
#272=EDGE_LOOP('',(#3052,#3053,#3054,#3055));
#273=EDGE_LOOP('',(#3056,#3057,#3058,#3059));
#274=EDGE_LOOP('',(#3060,#3061,#3062,#3063));
#275=EDGE_LOOP('',(#3064,#3065,#3066,#3067));
#276=EDGE_LOOP('',(#3068,#3069,#3070,#3071));
#277=EDGE_LOOP('',(#3072,#3073,#3074,#3075));
#278=EDGE_LOOP('',(#3076,#3077,#3078,#3079));
#279=EDGE_LOOP('',(#3080,#3081,#3082,#3083));
#280=EDGE_LOOP('',(#3084,#3085,#3086,#3087));
#281=EDGE_LOOP('',(#3088,#3089,#3090,#3091));
#282=EDGE_LOOP('',(#3092,#3093,#3094,#3095));
#283=EDGE_LOOP('',(#3096,#3097,#3098,#3099));
#284=EDGE_LOOP('',(#3100,#3101,#3102,#3103));
#285=EDGE_LOOP('',(#3104,#3105,#3106,#3107));
#286=EDGE_LOOP('',(#3108,#3109,#3110,#3111));
#287=EDGE_LOOP('',(#3112,#3113,#3114,#3115));
#288=EDGE_LOOP('',(#3116,#3117,#3118,#3119));
#289=EDGE_LOOP('',(#3120,#3121,#3122,#3123,#3124,#3125,#3126,#3127));
#290=EDGE_LOOP('',(#3128,#3129,#3130,#3131,#3132,#3133,#3134,#3135));
#291=EDGE_LOOP('',(#3136,#3137,#3138,#3139));
#292=EDGE_LOOP('',(#3140,#3141,#3142,#3143,#3144,#3145,#3146,#3147,#3148,
#3149,#3150,#3151,#3152,#3153,#3154,#3155,#3156,#3157,#3158,#3159,#3160,
#3161,#3162,#3163,#3164,#3165,#3166,#3167));
#293=EDGE_LOOP('',(#3168,#3169,#3170,#3171,#3172,#3173,#3174,#3175));
#294=EDGE_LOOP('',(#3176,#3177,#3178,#3179,#3180,#3181,#3182,#3183));
#295=EDGE_LOOP('',(#3184,#3185,#3186,#3187,#3188,#3189,#3190,#3191,#3192,
#3193,#3194,#3195,#3196,#3197,#3198,#3199,#3200,#3201,#3202,#3203,#3204,
#3205,#3206,#3207,#3208,#3209,#3210,#3211,#3212,#3213));
#296=EDGE_LOOP('',(#3214,#3215,#3216,#3217));
#297=EDGE_LOOP('',(#3218,#3219,#3220,#3221));
#298=EDGE_LOOP('',(#3222,#3223,#3224,#3225));
#299=EDGE_LOOP('',(#3226,#3227,#3228,#3229));
#300=EDGE_LOOP('',(#3230,#3231,#3232,#3233));
#301=EDGE_LOOP('',(#3234,#3235,#3236,#3237));
#302=EDGE_LOOP('',(#3238,#3239,#3240,#3241));
#303=EDGE_LOOP('',(#3242,#3243,#3244,#3245));
#304=EDGE_LOOP('',(#3246,#3247,#3248,#3249));
#305=EDGE_LOOP('',(#3250,#3251,#3252,#3253));
#306=EDGE_LOOP('',(#3254,#3255,#3256,#3257));
#307=EDGE_LOOP('',(#3258,#3259,#3260,#3261));
#308=EDGE_LOOP('',(#3262,#3263,#3264,#3265));
#309=EDGE_LOOP('',(#3266,#3267,#3268,#3269));
#310=EDGE_LOOP('',(#3270,#3271,#3272,#3273));
#311=EDGE_LOOP('',(#3274,#3275,#3276,#3277));
#312=EDGE_LOOP('',(#3278,#3279,#3280,#3281));
#313=EDGE_LOOP('',(#3282,#3283,#3284,#3285));
#314=EDGE_LOOP('',(#3286,#3287,#3288,#3289));
#315=EDGE_LOOP('',(#3290,#3291,#3292,#3293));
#316=EDGE_LOOP('',(#3294,#3295,#3296,#3297));
#317=EDGE_LOOP('',(#3298,#3299,#3300,#3301));
#318=EDGE_LOOP('',(#3302,#3303,#3304,#3305));
#319=EDGE_LOOP('',(#3306,#3307,#3308,#3309));
#320=EDGE_LOOP('',(#3310,#3311,#3312,#3313));
#321=EDGE_LOOP('',(#3314,#3315,#3316,#3317));
#322=EDGE_LOOP('',(#3318,#3319,#3320,#3321));
#323=EDGE_LOOP('',(#3322,#3323,#3324,#3325));
#324=EDGE_LOOP('',(#3326,#3327,#3328,#3329));
#325=EDGE_LOOP('',(#3330,#3331,#3332,#3333,#3334,#3335,#3336,#3337));
#326=EDGE_LOOP('',(#3338,#3339,#3340));
#327=EDGE_LOOP('',(#3341,#3342,#3343,#3344));
#328=EDGE_LOOP('',(#3345,#3346,#3347,#3348,#3349,#3350,#3351,#3352,#3353,
#3354,#3355,#3356,#3357,#3358,#3359,#3360,#3361,#3362,#3363,#3364,#3365,
#3366,#3367,#3368,#3369,#3370,#3371,#3372,#3373,#3374,#3375,#3376,#3377,
#3378,#3379,#3380,#3381,#3382,#3383,#3384,#3385,#3386,#3387,#3388,#3389,
#3390,#3391,#3392,#3393,#3394,#3395));
#329=EDGE_LOOP('',(#3396,#3397,#3398,#3399));
#330=EDGE_LOOP('',(#3400,#3401,#3402,#3403,#3404,#3405,#3406,#3407,#3408));
#331=EDGE_LOOP('',(#3409,#3410,#3411,#3412,#3413,#3414,#3415,#3416));
#332=EDGE_LOOP('',(#3417,#3418,#3419,#3420,#3421,#3422,#3423,#3424));
#333=EDGE_LOOP('',(#3425,#3426,#3427,#3428,#3429,#3430,#3431,#3432));
#334=EDGE_LOOP('',(#3433,#3434,#3435,#3436,#3437,#3438,#3439,#3440,#3441,
#3442,#3443,#3444));
#335=EDGE_LOOP('',(#3445,#3446,#3447,#3448,#3449,#3450,#3451,#3452));
#336=EDGE_LOOP('',(#3453,#3454,#3455,#3456,#3457,#3458,#3459,#3460));
#337=EDGE_LOOP('',(#3461,#3462,#3463,#3464,#3465,#3466,#3467,#3468));
#338=EDGE_LOOP('',(#3469,#3470,#3471,#3472,#3473,#3474,#3475,#3476));
#339=EDGE_LOOP('',(#3477,#3478,#3479,#3480,#3481,#3482,#3483,#3484));
#340=EDGE_LOOP('',(#3485,#3486,#3487,#3488,#3489,#3490,#3491,#3492));
#341=EDGE_LOOP('',(#3493,#3494,#3495,#3496,#3497,#3498,#3499,#3500,#3501,
#3502,#3503,#3504));
#342=EDGE_LOOP('',(#3505,#3506,#3507,#3508));
#343=EDGE_LOOP('',(#3509,#3510,#3511,#3512));
#344=EDGE_LOOP('',(#3513,#3514,#3515,#3516));
#345=EDGE_LOOP('',(#3517,#3518,#3519,#3520));
#346=EDGE_LOOP('',(#3521,#3522,#3523,#3524));
#347=EDGE_LOOP('',(#3525,#3526,#3527,#3528));
#348=EDGE_LOOP('',(#3529,#3530,#3531,#3532));
#349=EDGE_LOOP('',(#3533,#3534,#3535,#3536));
#350=EDGE_LOOP('',(#3537,#3538,#3539,#3540));
#351=EDGE_LOOP('',(#3541,#3542,#3543,#3544));
#352=EDGE_LOOP('',(#3545,#3546,#3547,#3548));
#353=EDGE_LOOP('',(#3549,#3550,#3551,#3552));
#354=EDGE_LOOP('',(#3553,#3554,#3555,#3556));
#355=EDGE_LOOP('',(#3557,#3558,#3559,#3560));
#356=EDGE_LOOP('',(#3561,#3562,#3563,#3564));
#357=EDGE_LOOP('',(#3565,#3566,#3567,#3568));
#358=EDGE_LOOP('',(#3569,#3570,#3571,#3572,#3573,#3574,#3575,#3576,#3577,
#3578,#3579));
#359=EDGE_LOOP('',(#3580,#3581,#3582,#3583,#3584,#3585,#3586,#3587,#3588,
#3589,#3590,#3591,#3592,#3593,#3594,#3595));
#360=EDGE_LOOP('',(#3596,#3597,#3598,#3599));
#361=EDGE_LOOP('',(#3600,#3601,#3602,#3603,#3604,#3605,#3606));
#362=EDGE_LOOP('',(#3607,#3608,#3609,#3610));
#363=EDGE_LOOP('',(#3611,#3612,#3613,#3614));
#364=EDGE_LOOP('',(#3615,#3616,#3617));
#365=EDGE_LOOP('',(#3618,#3619,#3620,#3621));
#366=EDGE_LOOP('',(#3622,#3623,#3624,#3625));
#367=EDGE_LOOP('',(#3626,#3627,#3628,#3629));
#368=EDGE_LOOP('',(#3630,#3631,#3632,#3633));
#369=EDGE_LOOP('',(#3634,#3635,#3636,#3637));
#370=EDGE_LOOP('',(#3638,#3639,#3640,#3641));
#371=EDGE_LOOP('',(#3642,#3643,#3644,#3645));
#372=EDGE_LOOP('',(#3646,#3647,#3648,#3649));
#373=EDGE_LOOP('',(#3650,#3651,#3652,#3653,#3654,#3655,#3656,#3657,#3658,
#3659,#3660,#3661,#3662,#3663,#3664,#3665,#3666,#3667,#3668,#3669,#3670,
#3671,#3672,#3673,#3674,#3675,#3676,#3677,#3678,#3679,#3680,#3681,#3682,
#3683,#3684,#3685,#3686,#3687,#3688,#3689,#3690,#3691,#3692,#3693,#3694,
#3695,#3696,#3697,#3698,#3699,#3700,#3701,#3702,#3703,#3704,#3705,#3706,
#3707,#3708,#3709,#3710,#3711,#3712,#3713,#3714,#3715,#3716,#3717,#3718,
#3719,#3720,#3721,#3722,#3723,#3724,#3725,#3726,#3727,#3728,#3729));
#374=EDGE_LOOP('',(#3730,#3731,#3732,#3733,#3734,#3735,#3736,#3737));
#375=EDGE_LOOP('',(#3738,#3739,#3740,#3741));
#376=EDGE_LOOP('',(#3742,#3743,#3744));
#377=EDGE_LOOP('',(#3745,#3746,#3747));
#378=EDGE_LOOP('',(#3748,#3749,#3750));
#379=EDGE_LOOP('',(#3751,#3752,#3753,#3754));
#380=EDGE_LOOP('',(#3755,#3756,#3757));
#381=EDGE_LOOP('',(#3758,#3759,#3760,#3761,#3762,#3763,#3764,#3765,#3766,
#3767,#3768,#3769,#3770,#3771,#3772,#3773,#3774));
#382=EDGE_LOOP('',(#3775,#3776,#3777,#3778,#3779,#3780,#3781,#3782,#3783,
#3784,#3785,#3786,#3787,#3788,#3789,#3790,#3791,#3792,#3793,#3794,#3795,
#3796,#3797,#3798,#3799,#3800,#3801,#3802,#3803,#3804,#3805,#3806,#3807,
#3808,#3809,#3810,#3811,#3812,#3813,#3814,#3815,#3816,#3817,#3818,#3819,
#3820,#3821,#3822,#3823,#3824));
#383=EDGE_LOOP('',(#3825,#3826,#3827,#3828,#3829,#3830,#3831,#3832,#3833,
#3834,#3835,#3836,#3837,#3838,#3839,#3840,#3841,#3842));
#384=EDGE_LOOP('',(#3843,#3844,#3845,#3846));
#385=EDGE_LOOP('',(#3847,#3848,#3849,#3850,#3851,#3852,#3853,#3854,#3855,
#3856,#3857,#3858,#3859,#3860,#3861,#3862,#3863,#3864));
#386=EDGE_LOOP('',(#3865,#3866,#3867,#3868,#3869,#3870,#3871,#3872,#3873,
#3874,#3875,#3876,#3877,#3878,#3879,#3880,#3881));
#387=EDGE_LOOP('',(#3882,#3883,#3884,#3885));
#388=EDGE_LOOP('',(#3886,#3887,#3888,#3889,#3890,#3891,#3892,#3893));
#389=EDGE_LOOP('',(#3894,#3895,#3896,#3897,#3898,#3899,#3900,#3901));
#390=EDGE_LOOP('',(#3902,#3903,#3904,#3905));
#391=EDGE_LOOP('',(#3906,#3907,#3908,#3909));
#392=EDGE_LOOP('',(#3910,#3911,#3912,#3913));
#393=LINE('',#5438,#1011);
#394=LINE('',#5440,#1012);
#395=LINE('',#5442,#1013);
#396=LINE('',#5443,#1014);
#397=LINE('',#5447,#1015);
#398=LINE('',#5449,#1016);
#399=LINE('',#5451,#1017);
#400=LINE('',#5452,#1018);
#401=LINE('',#5456,#1019);
#402=LINE('',#5458,#1020);
#403=LINE('',#5460,#1021);
#404=LINE('',#5461,#1022);
#405=LINE('',#5464,#1023);
#406=LINE('',#5466,#1024);
#407=LINE('',#5467,#1025);
#408=LINE('',#5470,#1026);
#409=LINE('',#5472,#1027);
#410=LINE('',#5473,#1028);
#411=LINE('',#5477,#1029);
#412=LINE('',#5479,#1030);
#413=LINE('',#5481,#1031);
#414=LINE('',#5482,#1032);
#415=LINE('',#5486,#1033);
#416=LINE('',#5488,#1034);
#417=LINE('',#5490,#1035);
#418=LINE('',#5491,#1036);
#419=LINE('',#5493,#1037);
#420=LINE('',#5494,#1038);
#421=LINE('',#5498,#1039);
#422=LINE('',#5500,#1040);
#423=LINE('',#5502,#1041);
#424=LINE('',#5503,#1042);
#425=LINE('',#5506,#1043);
#426=LINE('',#5508,#1044);
#427=LINE('',#5509,#1045);
#428=LINE('',#5513,#1046);
#429=LINE('',#5515,#1047);
#430=LINE('',#5517,#1048);
#431=LINE('',#5518,#1049);
#432=LINE('',#5521,#1050);
#433=LINE('',#5523,#1051);
#434=LINE('',#5524,#1052);
#435=LINE('',#5528,#1053);
#436=LINE('',#5530,#1054);
#437=LINE('',#5532,#1055);
#438=LINE('',#5533,#1056);
#439=LINE('',#5535,#1057);
#440=LINE('',#5536,#1058);
#441=LINE('',#5540,#1059);
#442=LINE('',#5542,#1060);
#443=LINE('',#5544,#1061);
#444=LINE('',#5545,#1062);
#445=LINE('',#5549,#1063);
#446=LINE('',#5551,#1064);
#447=LINE('',#5553,#1065);
#448=LINE('',#5554,#1066);
#449=LINE('',#5556,#1067);
#450=LINE('',#5557,#1068);
#451=LINE('',#5561,#1069);
#452=LINE('',#5563,#1070);
#453=LINE('',#5565,#1071);
#454=LINE('',#5566,#1072);
#455=LINE('',#5569,#1073);
#456=LINE('',#5571,#1074);
#457=LINE('',#5572,#1075);
#458=LINE('',#5575,#1076);
#459=LINE('',#5577,#1077);
#460=LINE('',#5578,#1078);
#461=LINE('',#5582,#1079);
#462=LINE('',#5584,#1080);
#463=LINE('',#5586,#1081);
#464=LINE('',#5587,#1082);
#465=LINE('',#5591,#1083);
#466=LINE('',#5593,#1084);
#467=LINE('',#5595,#1085);
#468=LINE('',#5596,#1086);
#469=LINE('',#5600,#1087);
#470=LINE('',#5602,#1088);
#471=LINE('',#5604,#1089);
#472=LINE('',#5605,#1090);
#473=LINE('',#5608,#1091);
#474=LINE('',#5610,#1092);
#475=LINE('',#5611,#1093);
#476=LINE('',#5614,#1094);
#477=LINE('',#5616,#1095);
#478=LINE('',#5617,#1096);
#479=LINE('',#5621,#1097);
#480=LINE('',#5623,#1098);
#481=LINE('',#5625,#1099);
#482=LINE('',#5626,#1100);
#483=LINE('',#5629,#1101);
#484=LINE('',#5631,#1102);
#485=LINE('',#5632,#1103);
#486=LINE('',#5635,#1104);
#487=LINE('',#5637,#1105);
#488=LINE('',#5638,#1106);
#489=LINE('',#5642,#1107);
#490=LINE('',#5644,#1108);
#491=LINE('',#5646,#1109);
#492=LINE('',#5647,#1110);
#493=LINE('',#5650,#1111);
#494=LINE('',#5652,#1112);
#495=LINE('',#5653,#1113);
#496=LINE('',#5656,#1114);
#497=LINE('',#5658,#1115);
#498=LINE('',#5659,#1116);
#499=LINE('',#5663,#1117);
#500=LINE('',#5665,#1118);
#501=LINE('',#5667,#1119);
#502=LINE('',#5668,#1120);
#503=LINE('',#5671,#1121);
#504=LINE('',#5673,#1122);
#505=LINE('',#5674,#1123);
#506=LINE('',#5677,#1124);
#507=LINE('',#5679,#1125);
#508=LINE('',#5680,#1126);
#509=LINE('',#5684,#1127);
#510=LINE('',#5686,#1128);
#511=LINE('',#5688,#1129);
#512=LINE('',#5689,#1130);
#513=LINE('',#5692,#1131);
#514=LINE('',#5694,#1132);
#515=LINE('',#5695,#1133);
#516=LINE('',#5698,#1134);
#517=LINE('',#5700,#1135);
#518=LINE('',#5701,#1136);
#519=LINE('',#5705,#1137);
#520=LINE('',#5707,#1138);
#521=LINE('',#5709,#1139);
#522=LINE('',#5710,#1140);
#523=LINE('',#5714,#1141);
#524=LINE('',#5716,#1142);
#525=LINE('',#5718,#1143);
#526=LINE('',#5719,#1144);
#527=LINE('',#5721,#1145);
#528=LINE('',#5722,#1146);
#529=LINE('',#5726,#1147);
#530=LINE('',#5728,#1148);
#531=LINE('',#5730,#1149);
#532=LINE('',#5731,#1150);
#533=LINE('',#5735,#1151);
#534=LINE('',#5737,#1152);
#535=LINE('',#5739,#1153);
#536=LINE('',#5740,#1154);
#537=LINE('',#5744,#1155);
#538=LINE('',#5745,#1156);
#539=LINE('',#5746,#1157);
#540=LINE('',#5748,#1158);
#541=LINE('',#5750,#1159);
#542=LINE('',#5752,#1160);
#543=LINE('',#5754,#1161);
#544=LINE('',#5756,#1162);
#545=LINE('',#5758,#1163);
#546=LINE('',#5759,#1164);
#547=LINE('',#5763,#1165);
#548=LINE('',#5764,#1166);
#549=LINE('',#5765,#1167);
#550=LINE('',#5767,#1168);
#551=LINE('',#5769,#1169);
#552=LINE('',#5771,#1170);
#553=LINE('',#5773,#1171);
#554=LINE('',#5775,#1172);
#555=LINE('',#5777,#1173);
#556=LINE('',#5778,#1174);
#557=LINE('',#5782,#1175);
#558=LINE('',#5783,#1176);
#559=LINE('',#5784,#1177);
#560=LINE('',#5786,#1178);
#561=LINE('',#5788,#1179);
#562=LINE('',#5790,#1180);
#563=LINE('',#5792,#1181);
#564=LINE('',#5794,#1182);
#565=LINE('',#5796,#1183);
#566=LINE('',#5797,#1184);
#567=LINE('',#5800,#1185);
#568=LINE('',#5801,#1186);
#569=LINE('',#5803,#1187);
#570=LINE('',#5804,#1188);
#571=LINE('',#5806,#1189);
#572=LINE('',#5807,#1190);
#573=LINE('',#5810,#1191);
#574=LINE('',#5812,#1192);
#575=LINE('',#5813,#1193);
#576=LINE('',#5814,#1194);
#577=LINE('',#5815,#1195);
#578=LINE('',#5816,#1196);
#579=LINE('',#5817,#1197);
#580=LINE('',#5818,#1198);
#581=LINE('',#5819,#1199);
#582=LINE('',#5820,#1200);
#583=LINE('',#5821,#1201);
#584=LINE('',#5822,#1202);
#585=LINE('',#5823,#1203);
#586=LINE('',#5824,#1204);
#587=LINE('',#5825,#1205);
#588=LINE('',#5828,#1206);
#589=LINE('',#5830,#1207);
#590=LINE('',#5832,#1208);
#591=LINE('',#5834,#1209);
#592=LINE('',#5836,#1210);
#593=LINE('',#5838,#1211);
#594=LINE('',#5840,#1212);
#595=LINE('',#5841,#1213);
#596=LINE('',#5844,#1214);
#597=LINE('',#5846,#1215);
#598=LINE('',#5848,#1216);
#599=LINE('',#5850,#1217);
#600=LINE('',#5851,#1218);
#601=LINE('',#5853,#1219);
#602=LINE('',#5855,#1220);
#603=LINE('',#5857,#1221);
#604=LINE('',#5859,#1222);
#605=LINE('',#5860,#1223);
#606=LINE('',#5863,#1224);
#607=LINE('',#5865,#1225);
#608=LINE('',#5866,#1226);
#609=LINE('',#5869,#1227);
#610=LINE('',#5871,#1228);
#611=LINE('',#5873,#1229);
#612=LINE('',#5875,#1230);
#613=LINE('',#5876,#1231);
#614=LINE('',#5878,#1232);
#615=LINE('',#5880,#1233);
#616=LINE('',#5882,#1234);
#617=LINE('',#5884,#1235);
#618=LINE('',#5885,#1236);
#619=LINE('',#5888,#1237);
#620=LINE('',#5890,#1238);
#621=LINE('',#5892,#1239);
#622=LINE('',#5894,#1240);
#623=LINE('',#5896,#1241);
#624=LINE('',#5897,#1242);
#625=LINE('',#5899,#1243);
#626=LINE('',#5901,#1244);
#627=LINE('',#5903,#1245);
#628=LINE('',#5905,#1246);
#629=LINE('',#5906,#1247);
#630=LINE('',#5908,#1248);
#631=LINE('',#5910,#1249);
#632=LINE('',#5912,#1250);
#633=LINE('',#5914,#1251);
#634=LINE('',#5915,#1252);
#635=LINE('',#5917,#1253);
#636=LINE('',#5919,#1254);
#637=LINE('',#5921,#1255);
#638=LINE('',#5923,#1256);
#639=LINE('',#5924,#1257);
#640=LINE('',#5926,#1258);
#641=LINE('',#5928,#1259);
#642=LINE('',#5930,#1260);
#643=LINE('',#5932,#1261);
#644=LINE('',#5933,#1262);
#645=LINE('',#5935,#1263);
#646=LINE('',#5937,#1264);
#647=LINE('',#5939,#1265);
#648=LINE('',#5941,#1266);
#649=LINE('',#5942,#1267);
#650=LINE('',#5944,#1268);
#651=LINE('',#5946,#1269);
#652=LINE('',#5948,#1270);
#653=LINE('',#5950,#1271);
#654=LINE('',#5951,#1272);
#655=LINE('',#5953,#1273);
#656=LINE('',#5955,#1274);
#657=LINE('',#5957,#1275);
#658=LINE('',#5959,#1276);
#659=LINE('',#5960,#1277);
#660=LINE('',#5962,#1278);
#661=LINE('',#5964,#1279);
#662=LINE('',#5966,#1280);
#663=LINE('',#5968,#1281);
#664=LINE('',#5969,#1282);
#665=LINE('',#5971,#1283);
#666=LINE('',#5973,#1284);
#667=LINE('',#5974,#1285);
#668=LINE('',#5976,#1286);
#669=LINE('',#5978,#1287);
#670=LINE('',#5979,#1288);
#671=LINE('',#5981,#1289);
#672=LINE('',#5983,#1290);
#673=LINE('',#5984,#1291);
#674=LINE('',#5986,#1292);
#675=LINE('',#5988,#1293);
#676=LINE('',#5990,#1294);
#677=LINE('',#5992,#1295);
#678=LINE('',#5994,#1296);
#679=LINE('',#5995,#1297);
#680=LINE('',#5999,#1298);
#681=LINE('',#6001,#1299);
#682=LINE('',#6003,#1300);
#683=LINE('',#6004,#1301);
#684=LINE('',#6008,#1302);
#685=LINE('',#6010,#1303);
#686=LINE('',#6012,#1304);
#687=LINE('',#6013,#1305);
#688=LINE('',#6016,#1306);
#689=LINE('',#6018,#1307);
#690=LINE('',#6019,#1308);
#691=LINE('',#6021,#1309);
#692=LINE('',#6022,#1310);
#693=LINE('',#6025,#1311);
#694=LINE('',#6027,#1312);
#695=LINE('',#6028,#1313);
#696=LINE('',#6031,#1314);
#697=LINE('',#6033,#1315);
#698=LINE('',#6034,#1316);
#699=LINE('',#6038,#1317);
#700=LINE('',#6040,#1318);
#701=LINE('',#6042,#1319);
#702=LINE('',#6043,#1320);
#703=LINE('',#6047,#1321);
#704=LINE('',#6049,#1322);
#705=LINE('',#6051,#1323);
#706=LINE('',#6052,#1324);
#707=LINE('',#6056,#1325);
#708=LINE('',#6058,#1326);
#709=LINE('',#6060,#1327);
#710=LINE('',#6061,#1328);
#711=LINE('',#6064,#1329);
#712=LINE('',#6066,#1330);
#713=LINE('',#6067,#1331);
#714=LINE('',#6070,#1332);
#715=LINE('',#6072,#1333);
#716=LINE('',#6073,#1334);
#717=LINE('',#6075,#1335);
#718=LINE('',#6076,#1336);
#719=LINE('',#6079,#1337);
#720=LINE('',#6081,#1338);
#721=LINE('',#6082,#1339);
#722=LINE('',#6085,#1340);
#723=LINE('',#6087,#1341);
#724=LINE('',#6088,#1342);
#725=LINE('',#6090,#1343);
#726=LINE('',#6091,#1344);
#727=LINE('',#6095,#1345);
#728=LINE('',#6097,#1346);
#729=LINE('',#6099,#1347);
#730=LINE('',#6100,#1348);
#731=LINE('',#6103,#1349);
#732=LINE('',#6105,#1350);
#733=LINE('',#6106,#1351);
#734=LINE('',#6109,#1352);
#735=LINE('',#6111,#1353);
#736=LINE('',#6113,#1354);
#737=LINE('',#6115,#1355);
#738=LINE('',#6116,#1356);
#739=LINE('',#6117,#1357);
#740=LINE('',#6119,#1358);
#741=LINE('',#6121,#1359);
#742=LINE('',#6123,#1360);
#743=LINE('',#6125,#1361);
#744=LINE('',#6126,#1362);
#745=LINE('',#6129,#1363);
#746=LINE('',#6131,#1364);
#747=LINE('',#6132,#1365);
#748=LINE('',#6135,#1366);
#749=LINE('',#6136,#1367);
#750=LINE('',#6137,#1368);
#751=LINE('',#6138,#1369);
#752=LINE('',#6139,#1370);
#753=LINE('',#6141,#1371);
#754=LINE('',#6143,#1372);
#755=LINE('',#6145,#1373);
#756=LINE('',#6147,#1374);
#757=LINE('',#6148,#1375);
#758=LINE('',#6151,#1376);
#759=LINE('',#6153,#1377);
#760=LINE('',#6154,#1378);
#761=LINE('',#6155,#1379);
#762=LINE('',#6157,#1380);
#763=LINE('',#6158,#1381);
#764=LINE('',#6159,#1382);
#765=LINE('',#6160,#1383);
#766=LINE('',#6161,#1384);
#767=LINE('',#6163,#1385);
#768=LINE('',#6165,#1386);
#769=LINE('',#6167,#1387);
#770=LINE('',#6168,#1388);
#771=LINE('',#6169,#1389);
#772=LINE('',#6170,#1390);
#773=LINE('',#6171,#1391);
#774=LINE('',#6172,#1392);
#775=LINE('',#6173,#1393);
#776=LINE('',#6175,#1394);
#777=LINE('',#6176,#1395);
#778=LINE('',#6178,#1396);
#779=LINE('',#6179,#1397);
#780=LINE('',#6182,#1398);
#781=LINE('',#6184,#1399);
#782=LINE('',#6185,#1400);
#783=LINE('',#6188,#1401);
#784=LINE('',#6190,#1402);
#785=LINE('',#6191,#1403);
#786=LINE('',#6194,#1404);
#787=LINE('',#6196,#1405);
#788=LINE('',#6197,#1406);
#789=LINE('',#6200,#1407);
#790=LINE('',#6202,#1408);
#791=LINE('',#6203,#1409);
#792=LINE('',#6206,#1410);
#793=LINE('',#6207,#1411);
#794=LINE('',#6210,#1412);
#795=LINE('',#6212,#1413);
#796=LINE('',#6213,#1414);
#797=LINE('',#6216,#1415);
#798=LINE('',#6218,#1416);
#799=LINE('',#6219,#1417);
#800=LINE('',#6222,#1418);
#801=LINE('',#6224,#1419);
#802=LINE('',#6225,#1420);
#803=LINE('',#6228,#1421);
#804=LINE('',#6230,#1422);
#805=LINE('',#6231,#1423);
#806=LINE('',#6234,#1424);
#807=LINE('',#6236,#1425);
#808=LINE('',#6237,#1426);
#809=LINE('',#6240,#1427);
#810=LINE('',#6242,#1428);
#811=LINE('',#6243,#1429);
#812=LINE('',#6245,#1430);
#813=LINE('',#6246,#1431);
#814=LINE('',#6248,#1432);
#815=LINE('',#6249,#1433);
#816=LINE('',#6252,#1434);
#817=LINE('',#6254,#1435);
#818=LINE('',#6255,#1436);
#819=LINE('',#6258,#1437);
#820=LINE('',#6260,#1438);
#821=LINE('',#6261,#1439);
#822=LINE('',#6264,#1440);
#823=LINE('',#6266,#1441);
#824=LINE('',#6267,#1442);
#825=LINE('',#6270,#1443);
#826=LINE('',#6272,#1444);
#827=LINE('',#6273,#1445);
#828=LINE('',#6276,#1446);
#829=LINE('',#6277,#1447);
#830=LINE('',#6280,#1448);
#831=LINE('',#6281,#1449);
#832=LINE('',#6285,#1450);
#833=LINE('',#6287,#1451);
#834=LINE('',#6289,#1452);
#835=LINE('',#6290,#1453);
#836=LINE('',#6293,#1454);
#837=LINE('',#6295,#1455);
#838=LINE('',#6296,#1456);
#839=LINE('',#6299,#1457);
#840=LINE('',#6301,#1458);
#841=LINE('',#6302,#1459);
#842=LINE('',#6305,#1460);
#843=LINE('',#6307,#1461);
#844=LINE('',#6308,#1462);
#845=LINE('',#6311,#1463);
#846=LINE('',#6313,#1464);
#847=LINE('',#6314,#1465);
#848=LINE('',#6317,#1466);
#849=LINE('',#6319,#1467);
#850=LINE('',#6320,#1468);
#851=LINE('',#6322,#1469);
#852=LINE('',#6323,#1470);
#853=LINE('',#6325,#1471);
#854=LINE('',#6326,#1472);
#855=LINE('',#6328,#1473);
#856=LINE('',#6329,#1474);
#857=LINE('',#6330,#1475);
#858=LINE('',#6333,#1476);
#859=LINE('',#6334,#1477);
#860=LINE('',#6336,#1478);
#861=LINE('',#6337,#1479);
#862=LINE('',#6340,#1480);
#863=LINE('',#6342,#1481);
#864=LINE('',#6343,#1482);
#865=LINE('',#6344,#1483);
#866=LINE('',#6345,#1484);
#867=LINE('',#6346,#1485);
#868=LINE('',#6347,#1486);
#869=LINE('',#6348,#1487);
#870=LINE('',#6349,#1488);
#871=LINE('',#6350,#1489);
#872=LINE('',#6351,#1490);
#873=LINE('',#6352,#1491);
#874=LINE('',#6353,#1492);
#875=LINE('',#6354,#1493);
#876=LINE('',#6355,#1494);
#877=LINE('',#6356,#1495);
#878=LINE('',#6357,#1496);
#879=LINE('',#6358,#1497);
#880=LINE('',#6359,#1498);
#881=LINE('',#6360,#1499);
#882=LINE('',#6361,#1500);
#883=LINE('',#6362,#1501);
#884=LINE('',#6363,#1502);
#885=LINE('',#6364,#1503);
#886=LINE('',#6365,#1504);
#887=LINE('',#6366,#1505);
#888=LINE('',#6367,#1506);
#889=LINE('',#6369,#1507);
#890=LINE('',#6370,#1508);
#891=LINE('',#6373,#1509);
#892=LINE('',#6374,#1510);
#893=LINE('',#6375,#1511);
#894=LINE('',#6377,#1512);
#895=LINE('',#6378,#1513);
#896=LINE('',#6380,#1514);
#897=LINE('',#6381,#1515);
#898=LINE('',#6383,#1516);
#899=LINE('',#6384,#1517);
#900=LINE('',#6387,#1518);
#901=LINE('',#6389,#1519);
#902=LINE('',#6390,#1520);
#903=LINE('',#6391,#1521);
#904=LINE('',#6393,#1522);
#905=LINE('',#6394,#1523);
#906=LINE('',#6396,#1524);
#907=LINE('',#6397,#1525);
#908=LINE('',#6399,#1526);
#909=LINE('',#6400,#1527);
#910=LINE('',#6402,#1528);
#911=LINE('',#6403,#1529);
#912=LINE('',#6405,#1530);
#913=LINE('',#6406,#1531);
#914=LINE('',#6408,#1532);
#915=LINE('',#6409,#1533);
#916=LINE('',#6412,#1534);
#917=LINE('',#6414,#1535);
#918=LINE('',#6415,#1536);
#919=LINE('',#6416,#1537);
#920=LINE('',#6418,#1538);
#921=LINE('',#6420,#1539);
#922=LINE('',#6424,#1540);
#923=LINE('',#6426,#1541);
#924=LINE('',#6428,#1542);
#925=LINE('',#6429,#1543);
#926=LINE('',#6432,#1544);
#927=LINE('',#6434,#1545);
#928=LINE('',#6435,#1546);
#929=LINE('',#6438,#1547);
#930=LINE('',#6440,#1548);
#931=LINE('',#6441,#1549);
#932=LINE('',#6444,#1550);
#933=LINE('',#6446,#1551);
#934=LINE('',#6447,#1552);
#935=LINE('',#6450,#1553);
#936=LINE('',#6451,#1554);
#937=LINE('',#6453,#1555);
#938=LINE('',#6455,#1556);
#939=LINE('',#6459,#1557);
#940=LINE('',#6461,#1558);
#941=LINE('',#6463,#1559);
#942=LINE('',#6464,#1560);
#943=LINE('',#6467,#1561);
#944=LINE('',#6469,#1562);
#945=LINE('',#6470,#1563);
#946=LINE('',#6473,#1564);
#947=LINE('',#6475,#1565);
#948=LINE('',#6476,#1566);
#949=LINE('',#6480,#1567);
#950=LINE('',#6482,#1568);
#951=LINE('',#6484,#1569);
#952=LINE('',#6485,#1570);
#953=LINE('',#6488,#1571);
#954=LINE('',#6490,#1572);
#955=LINE('',#6491,#1573);
#956=LINE('',#6494,#1574);
#957=LINE('',#6496,#1575);
#958=LINE('',#6497,#1576);
#959=LINE('',#6499,#1577);
#960=LINE('',#6502,#1578);
#961=LINE('',#6503,#1579);
#962=LINE('',#6504,#1580);
#963=LINE('',#6507,#1581);
#964=LINE('',#6508,#1582);
#965=LINE('',#6509,#1583);
#966=LINE('',#6510,#1584);
#967=LINE('',#6511,#1585);
#968=LINE('',#6513,#1586);
#969=LINE('',#6514,#1587);
#970=LINE('',#6517,#1588);
#971=LINE('',#6519,#1589);
#972=LINE('',#6521,#1590);
#973=LINE('',#6522,#1591);
#974=LINE('',#6523,#1592);
#975=LINE('',#6524,#1593);
#976=LINE('',#6525,#1594);
#977=LINE('',#6526,#1595);
#978=LINE('',#6528,#1596);
#979=LINE('',#6529,#1597);
#980=LINE('',#6531,#1598);
#981=LINE('',#6532,#1599);
#982=LINE('',#6536,#1600);
#983=LINE('',#6538,#1601);
#984=LINE('',#6540,#1602);
#985=LINE('',#6541,#1603);
#986=LINE('',#6545,#1604);
#987=LINE('',#6547,#1605);
#988=LINE('',#6549,#1606);
#989=LINE('',#6550,#1607);
#990=LINE('',#6554,#1608);
#991=LINE('',#6556,#1609);
#992=LINE('',#6558,#1610);
#993=LINE('',#6559,#1611);
#994=LINE('',#6562,#1612);
#995=LINE('',#6564,#1613);
#996=LINE('',#6565,#1614);
#997=LINE('',#6567,#1615);
#998=LINE('',#6568,#1616);
#999=LINE('',#6571,#1617);
#1000=LINE('',#6573,#1618);
#1001=LINE('',#6574,#1619);
#1002=LINE('',#6576,#1620);
#1003=LINE('',#6578,#1621);
#1004=LINE('',#6579,#1622);
#1005=LINE('',#6581,#1623);
#1006=LINE('',#6597,#1624);
#1007=LINE('',#6609,#1625);
#1008=LINE('',#6616,#1626);
#1009=LINE('',#6618,#1627);
#1010=LINE('',#6620,#1628);
#1011=VECTOR('',#4446,10.);
#1012=VECTOR('',#4447,10.);
#1013=VECTOR('',#4448,10.);
#1014=VECTOR('',#4449,10.);
#1015=VECTOR('',#4452,10.);
#1016=VECTOR('',#4453,10.);
#1017=VECTOR('',#4454,10.);
#1018=VECTOR('',#4455,10.);
#1019=VECTOR('',#4458,10.);
#1020=VECTOR('',#4459,10.);
#1021=VECTOR('',#4460,10.);
#1022=VECTOR('',#4461,10.);
#1023=VECTOR('',#4464,10.);
#1024=VECTOR('',#4465,10.);
#1025=VECTOR('',#4466,10.);
#1026=VECTOR('',#4469,10.);
#1027=VECTOR('',#4470,10.);
#1028=VECTOR('',#4471,10.);
#1029=VECTOR('',#4474,10.);
#1030=VECTOR('',#4475,10.);
#1031=VECTOR('',#4476,10.);
#1032=VECTOR('',#4477,10.);
#1033=VECTOR('',#4480,10.);
#1034=VECTOR('',#4481,10.);
#1035=VECTOR('',#4482,10.);
#1036=VECTOR('',#4483,10.);
#1037=VECTOR('',#4486,10.);
#1038=VECTOR('',#4487,10.);
#1039=VECTOR('',#4490,10.);
#1040=VECTOR('',#4491,10.);
#1041=VECTOR('',#4492,10.);
#1042=VECTOR('',#4493,10.);
#1043=VECTOR('',#4496,10.);
#1044=VECTOR('',#4497,10.);
#1045=VECTOR('',#4498,10.);
#1046=VECTOR('',#4501,10.);
#1047=VECTOR('',#4502,10.);
#1048=VECTOR('',#4503,10.);
#1049=VECTOR('',#4504,10.);
#1050=VECTOR('',#4507,10.);
#1051=VECTOR('',#4508,10.);
#1052=VECTOR('',#4509,10.);
#1053=VECTOR('',#4512,10.);
#1054=VECTOR('',#4513,10.);
#1055=VECTOR('',#4514,10.);
#1056=VECTOR('',#4515,10.);
#1057=VECTOR('',#4518,10.);
#1058=VECTOR('',#4519,10.);
#1059=VECTOR('',#4522,10.);
#1060=VECTOR('',#4523,10.);
#1061=VECTOR('',#4524,10.);
#1062=VECTOR('',#4525,10.);
#1063=VECTOR('',#4528,10.);
#1064=VECTOR('',#4529,10.);
#1065=VECTOR('',#4530,10.);
#1066=VECTOR('',#4531,10.);
#1067=VECTOR('',#4534,10.);
#1068=VECTOR('',#4535,10.);
#1069=VECTOR('',#4538,10.);
#1070=VECTOR('',#4539,10.);
#1071=VECTOR('',#4540,10.);
#1072=VECTOR('',#4541,10.);
#1073=VECTOR('',#4544,10.);
#1074=VECTOR('',#4545,10.);
#1075=VECTOR('',#4546,10.);
#1076=VECTOR('',#4549,10.);
#1077=VECTOR('',#4550,10.);
#1078=VECTOR('',#4551,10.);
#1079=VECTOR('',#4554,10.);
#1080=VECTOR('',#4555,10.);
#1081=VECTOR('',#4556,10.);
#1082=VECTOR('',#4557,10.);
#1083=VECTOR('',#4560,10.);
#1084=VECTOR('',#4561,10.);
#1085=VECTOR('',#4562,10.);
#1086=VECTOR('',#4563,10.);
#1087=VECTOR('',#4566,10.);
#1088=VECTOR('',#4567,10.);
#1089=VECTOR('',#4568,10.);
#1090=VECTOR('',#4569,10.);
#1091=VECTOR('',#4572,10.);
#1092=VECTOR('',#4573,10.);
#1093=VECTOR('',#4574,10.);
#1094=VECTOR('',#4577,10.);
#1095=VECTOR('',#4578,10.);
#1096=VECTOR('',#4579,10.);
#1097=VECTOR('',#4582,10.);
#1098=VECTOR('',#4583,10.);
#1099=VECTOR('',#4584,10.);
#1100=VECTOR('',#4585,10.);
#1101=VECTOR('',#4588,10.);
#1102=VECTOR('',#4589,10.);
#1103=VECTOR('',#4590,10.);
#1104=VECTOR('',#4593,10.);
#1105=VECTOR('',#4594,10.);
#1106=VECTOR('',#4595,10.);
#1107=VECTOR('',#4598,10.);
#1108=VECTOR('',#4599,10.);
#1109=VECTOR('',#4600,10.);
#1110=VECTOR('',#4601,10.);
#1111=VECTOR('',#4604,10.);
#1112=VECTOR('',#4605,10.);
#1113=VECTOR('',#4606,10.);
#1114=VECTOR('',#4609,10.);
#1115=VECTOR('',#4610,10.);
#1116=VECTOR('',#4611,10.);
#1117=VECTOR('',#4614,10.);
#1118=VECTOR('',#4615,10.);
#1119=VECTOR('',#4616,10.);
#1120=VECTOR('',#4617,10.);
#1121=VECTOR('',#4620,10.);
#1122=VECTOR('',#4621,10.);
#1123=VECTOR('',#4622,10.);
#1124=VECTOR('',#4625,10.);
#1125=VECTOR('',#4626,10.);
#1126=VECTOR('',#4627,10.);
#1127=VECTOR('',#4630,10.);
#1128=VECTOR('',#4631,10.);
#1129=VECTOR('',#4632,10.);
#1130=VECTOR('',#4633,10.);
#1131=VECTOR('',#4636,10.);
#1132=VECTOR('',#4637,10.);
#1133=VECTOR('',#4638,10.);
#1134=VECTOR('',#4641,10.);
#1135=VECTOR('',#4642,10.);
#1136=VECTOR('',#4643,10.);
#1137=VECTOR('',#4646,10.);
#1138=VECTOR('',#4647,10.);
#1139=VECTOR('',#4648,10.);
#1140=VECTOR('',#4649,10.);
#1141=VECTOR('',#4652,10.);
#1142=VECTOR('',#4653,10.);
#1143=VECTOR('',#4654,10.);
#1144=VECTOR('',#4655,10.);
#1145=VECTOR('',#4658,10.);
#1146=VECTOR('',#4659,10.);
#1147=VECTOR('',#4662,10.);
#1148=VECTOR('',#4663,10.);
#1149=VECTOR('',#4664,10.);
#1150=VECTOR('',#4665,10.);
#1151=VECTOR('',#4668,10.);
#1152=VECTOR('',#4669,10.);
#1153=VECTOR('',#4670,10.);
#1154=VECTOR('',#4671,10.);
#1155=VECTOR('',#4674,10.);
#1156=VECTOR('',#4675,10.);
#1157=VECTOR('',#4676,10.);
#1158=VECTOR('',#4677,10.);
#1159=VECTOR('',#4678,10.);
#1160=VECTOR('',#4679,10.);
#1161=VECTOR('',#4680,10.);
#1162=VECTOR('',#4681,10.);
#1163=VECTOR('',#4682,10.);
#1164=VECTOR('',#4683,10.);
#1165=VECTOR('',#4686,10.);
#1166=VECTOR('',#4687,10.);
#1167=VECTOR('',#4688,10.);
#1168=VECTOR('',#4689,10.);
#1169=VECTOR('',#4690,10.);
#1170=VECTOR('',#4691,10.);
#1171=VECTOR('',#4692,10.);
#1172=VECTOR('',#4693,10.);
#1173=VECTOR('',#4694,10.);
#1174=VECTOR('',#4695,10.);
#1175=VECTOR('',#4698,10.);
#1176=VECTOR('',#4699,10.);
#1177=VECTOR('',#4700,10.);
#1178=VECTOR('',#4701,10.);
#1179=VECTOR('',#4702,10.);
#1180=VECTOR('',#4703,10.);
#1181=VECTOR('',#4704,10.);
#1182=VECTOR('',#4705,10.);
#1183=VECTOR('',#4706,10.);
#1184=VECTOR('',#4707,10.);
#1185=VECTOR('',#4710,10.);
#1186=VECTOR('',#4711,10.);
#1187=VECTOR('',#4714,10.);
#1188=VECTOR('',#4715,10.);
#1189=VECTOR('',#4718,10.);
#1190=VECTOR('',#4719,10.);
#1191=VECTOR('',#4722,10.);
#1192=VECTOR('',#4723,10.);
#1193=VECTOR('',#4724,10.);
#1194=VECTOR('',#4725,10.);
#1195=VECTOR('',#4726,10.);
#1196=VECTOR('',#4727,10.);
#1197=VECTOR('',#4728,10.);
#1198=VECTOR('',#4729,10.);
#1199=VECTOR('',#4730,10.);
#1200=VECTOR('',#4731,10.);
#1201=VECTOR('',#4732,10.);
#1202=VECTOR('',#4733,10.);
#1203=VECTOR('',#4734,10.);
#1204=VECTOR('',#4735,10.);
#1205=VECTOR('',#4736,10.);
#1206=VECTOR('',#4739,10.);
#1207=VECTOR('',#4740,10.);
#1208=VECTOR('',#4741,10.);
#1209=VECTOR('',#4742,10.);
#1210=VECTOR('',#4743,10.);
#1211=VECTOR('',#4744,10.);
#1212=VECTOR('',#4745,10.);
#1213=VECTOR('',#4746,10.);
#1214=VECTOR('',#4749,10.);
#1215=VECTOR('',#4750,10.);
#1216=VECTOR('',#4751,10.);
#1217=VECTOR('',#4752,10.);
#1218=VECTOR('',#4753,10.);
#1219=VECTOR('',#4754,10.);
#1220=VECTOR('',#4755,10.);
#1221=VECTOR('',#4756,10.);
#1222=VECTOR('',#4757,10.);
#1223=VECTOR('',#4758,10.);
#1224=VECTOR('',#4761,10.);
#1225=VECTOR('',#4762,10.);
#1226=VECTOR('',#4763,10.);
#1227=VECTOR('',#4766,10.);
#1228=VECTOR('',#4767,10.);
#1229=VECTOR('',#4768,10.);
#1230=VECTOR('',#4769,10.);
#1231=VECTOR('',#4770,10.);
#1232=VECTOR('',#4771,10.);
#1233=VECTOR('',#4772,10.);
#1234=VECTOR('',#4773,10.);
#1235=VECTOR('',#4774,10.);
#1236=VECTOR('',#4775,10.);
#1237=VECTOR('',#4778,10.);
#1238=VECTOR('',#4779,10.);
#1239=VECTOR('',#4780,10.);
#1240=VECTOR('',#4781,10.);
#1241=VECTOR('',#4782,10.);
#1242=VECTOR('',#4783,10.);
#1243=VECTOR('',#4784,10.);
#1244=VECTOR('',#4785,10.);
#1245=VECTOR('',#4786,10.);
#1246=VECTOR('',#4787,10.);
#1247=VECTOR('',#4788,10.);
#1248=VECTOR('',#4789,10.);
#1249=VECTOR('',#4790,10.);
#1250=VECTOR('',#4791,10.);
#1251=VECTOR('',#4792,10.);
#1252=VECTOR('',#4793,10.);
#1253=VECTOR('',#4794,10.);
#1254=VECTOR('',#4795,10.);
#1255=VECTOR('',#4796,10.);
#1256=VECTOR('',#4797,10.);
#1257=VECTOR('',#4798,10.);
#1258=VECTOR('',#4799,10.);
#1259=VECTOR('',#4800,10.);
#1260=VECTOR('',#4801,10.);
#1261=VECTOR('',#4802,10.);
#1262=VECTOR('',#4803,10.);
#1263=VECTOR('',#4804,10.);
#1264=VECTOR('',#4805,10.);
#1265=VECTOR('',#4806,10.);
#1266=VECTOR('',#4807,10.);
#1267=VECTOR('',#4808,10.);
#1268=VECTOR('',#4809,10.);
#1269=VECTOR('',#4810,10.);
#1270=VECTOR('',#4811,10.);
#1271=VECTOR('',#4812,10.);
#1272=VECTOR('',#4813,10.);
#1273=VECTOR('',#4814,10.);
#1274=VECTOR('',#4815,10.);
#1275=VECTOR('',#4816,10.);
#1276=VECTOR('',#4817,10.);
#1277=VECTOR('',#4818,10.);
#1278=VECTOR('',#4819,10.);
#1279=VECTOR('',#4820,10.);
#1280=VECTOR('',#4821,10.);
#1281=VECTOR('',#4822,10.);
#1282=VECTOR('',#4823,10.);
#1283=VECTOR('',#4824,10.);
#1284=VECTOR('',#4825,10.);
#1285=VECTOR('',#4826,10.);
#1286=VECTOR('',#4827,10.);
#1287=VECTOR('',#4828,10.);
#1288=VECTOR('',#4829,10.);
#1289=VECTOR('',#4830,10.);
#1290=VECTOR('',#4831,10.);
#1291=VECTOR('',#4832,10.);
#1292=VECTOR('',#4833,10.);
#1293=VECTOR('',#4834,10.);
#1294=VECTOR('',#4835,10.);
#1295=VECTOR('',#4836,10.);
#1296=VECTOR('',#4837,10.);
#1297=VECTOR('',#4838,10.);
#1298=VECTOR('',#4841,10.);
#1299=VECTOR('',#4842,10.);
#1300=VECTOR('',#4843,10.);
#1301=VECTOR('',#4844,10.);
#1302=VECTOR('',#4847,10.);
#1303=VECTOR('',#4848,10.);
#1304=VECTOR('',#4849,10.);
#1305=VECTOR('',#4850,10.);
#1306=VECTOR('',#4853,10.);
#1307=VECTOR('',#4854,10.);
#1308=VECTOR('',#4855,10.);
#1309=VECTOR('',#4858,10.);
#1310=VECTOR('',#4859,10.);
#1311=VECTOR('',#4862,10.);
#1312=VECTOR('',#4863,10.);
#1313=VECTOR('',#4864,10.);
#1314=VECTOR('',#4867,10.);
#1315=VECTOR('',#4868,10.);
#1316=VECTOR('',#4869,10.);
#1317=VECTOR('',#4872,10.);
#1318=VECTOR('',#4873,10.);
#1319=VECTOR('',#4874,10.);
#1320=VECTOR('',#4875,10.);
#1321=VECTOR('',#4878,10.);
#1322=VECTOR('',#4879,10.);
#1323=VECTOR('',#4880,10.);
#1324=VECTOR('',#4881,10.);
#1325=VECTOR('',#4884,10.);
#1326=VECTOR('',#4885,10.);
#1327=VECTOR('',#4886,10.);
#1328=VECTOR('',#4887,10.);
#1329=VECTOR('',#4890,10.);
#1330=VECTOR('',#4891,10.);
#1331=VECTOR('',#4892,10.);
#1332=VECTOR('',#4895,10.);
#1333=VECTOR('',#4896,10.);
#1334=VECTOR('',#4897,10.);
#1335=VECTOR('',#4900,10.);
#1336=VECTOR('',#4901,10.);
#1337=VECTOR('',#4904,10.);
#1338=VECTOR('',#4905,10.);
#1339=VECTOR('',#4906,10.);
#1340=VECTOR('',#4909,10.);
#1341=VECTOR('',#4910,10.);
#1342=VECTOR('',#4911,10.);
#1343=VECTOR('',#4914,10.);
#1344=VECTOR('',#4915,10.);
#1345=VECTOR('',#4918,10.);
#1346=VECTOR('',#4919,10.);
#1347=VECTOR('',#4920,10.);
#1348=VECTOR('',#4921,10.);
#1349=VECTOR('',#4924,10.);
#1350=VECTOR('',#4925,10.);
#1351=VECTOR('',#4926,10.);
#1352=VECTOR('',#4929,10.);
#1353=VECTOR('',#4930,10.);
#1354=VECTOR('',#4931,10.);
#1355=VECTOR('',#4932,10.);
#1356=VECTOR('',#4933,10.);
#1357=VECTOR('',#4934,10.);
#1358=VECTOR('',#4937,10.);
#1359=VECTOR('',#4938,10.);
#1360=VECTOR('',#4939,10.);
#1361=VECTOR('',#4940,10.);
#1362=VECTOR('',#4941,10.);
#1363=VECTOR('',#4944,10.);
#1364=VECTOR('',#4945,10.);
#1365=VECTOR('',#4946,10.);
#1366=VECTOR('',#4949,10.);
#1367=VECTOR('',#4950,10.);
#1368=VECTOR('',#4951,10.);
#1369=VECTOR('',#4952,10.);
#1370=VECTOR('',#4953,10.);
#1371=VECTOR('',#4956,10.);
#1372=VECTOR('',#4957,10.);
#1373=VECTOR('',#4958,10.);
#1374=VECTOR('',#4959,10.);
#1375=VECTOR('',#4960,10.);
#1376=VECTOR('',#4963,10.);
#1377=VECTOR('',#4964,10.);
#1378=VECTOR('',#4965,10.);
#1379=VECTOR('',#4966,10.);
#1380=VECTOR('',#4969,10.);
#1381=VECTOR('',#4970,10.);
#1382=VECTOR('',#4971,10.);
#1383=VECTOR('',#4972,10.);
#1384=VECTOR('',#4973,10.);
#1385=VECTOR('',#4974,10.);
#1386=VECTOR('',#4975,10.);
#1387=VECTOR('',#4976,10.);
#1388=VECTOR('',#4977,10.);
#1389=VECTOR('',#4978,10.);
#1390=VECTOR('',#4979,10.);
#1391=VECTOR('',#4980,10.);
#1392=VECTOR('',#4981,10.);
#1393=VECTOR('',#4982,10.);
#1394=VECTOR('',#4985,10.);
#1395=VECTOR('',#4986,10.);
#1396=VECTOR('',#4989,10.);
#1397=VECTOR('',#4990,10.);
#1398=VECTOR('',#4993,10.);
#1399=VECTOR('',#4994,10.);
#1400=VECTOR('',#4995,10.);
#1401=VECTOR('',#4998,10.);
#1402=VECTOR('',#4999,10.);
#1403=VECTOR('',#5000,10.);
#1404=VECTOR('',#5003,10.);
#1405=VECTOR('',#5004,10.);
#1406=VECTOR('',#5005,10.);
#1407=VECTOR('',#5008,10.);
#1408=VECTOR('',#5009,10.);
#1409=VECTOR('',#5010,10.);
#1410=VECTOR('',#5013,10.);
#1411=VECTOR('',#5014,10.);
#1412=VECTOR('',#5017,10.);
#1413=VECTOR('',#5018,10.);
#1414=VECTOR('',#5019,10.);
#1415=VECTOR('',#5022,10.);
#1416=VECTOR('',#5023,10.);
#1417=VECTOR('',#5024,10.);
#1418=VECTOR('',#5027,10.);
#1419=VECTOR('',#5028,10.);
#1420=VECTOR('',#5029,10.);
#1421=VECTOR('',#5032,10.);
#1422=VECTOR('',#5033,10.);
#1423=VECTOR('',#5034,10.);
#1424=VECTOR('',#5037,10.);
#1425=VECTOR('',#5038,10.);
#1426=VECTOR('',#5039,10.);
#1427=VECTOR('',#5042,10.);
#1428=VECTOR('',#5043,10.);
#1429=VECTOR('',#5044,10.);
#1430=VECTOR('',#5047,10.);
#1431=VECTOR('',#5048,10.);
#1432=VECTOR('',#5051,10.);
#1433=VECTOR('',#5052,10.);
#1434=VECTOR('',#5055,10.);
#1435=VECTOR('',#5056,10.);
#1436=VECTOR('',#5057,10.);
#1437=VECTOR('',#5060,10.);
#1438=VECTOR('',#5061,10.);
#1439=VECTOR('',#5062,10.);
#1440=VECTOR('',#5065,10.);
#1441=VECTOR('',#5066,10.);
#1442=VECTOR('',#5067,10.);
#1443=VECTOR('',#5070,10.);
#1444=VECTOR('',#5071,10.);
#1445=VECTOR('',#5072,10.);
#1446=VECTOR('',#5075,10.);
#1447=VECTOR('',#5076,10.);
#1448=VECTOR('',#5079,10.);
#1449=VECTOR('',#5080,10.);
#1450=VECTOR('',#5083,10.);
#1451=VECTOR('',#5084,10.);
#1452=VECTOR('',#5085,10.);
#1453=VECTOR('',#5086,10.);
#1454=VECTOR('',#5089,10.);
#1455=VECTOR('',#5090,10.);
#1456=VECTOR('',#5091,10.);
#1457=VECTOR('',#5094,10.);
#1458=VECTOR('',#5095,10.);
#1459=VECTOR('',#5096,10.);
#1460=VECTOR('',#5099,10.);
#1461=VECTOR('',#5100,10.);
#1462=VECTOR('',#5101,10.);
#1463=VECTOR('',#5104,10.);
#1464=VECTOR('',#5105,10.);
#1465=VECTOR('',#5106,10.);
#1466=VECTOR('',#5109,10.);
#1467=VECTOR('',#5110,10.);
#1468=VECTOR('',#5111,10.);
#1469=VECTOR('',#5114,10.);
#1470=VECTOR('',#5115,10.);
#1471=VECTOR('',#5118,10.);
#1472=VECTOR('',#5119,10.);
#1473=VECTOR('',#5122,10.);
#1474=VECTOR('',#5123,10.);
#1475=VECTOR('',#5124,10.);
#1476=VECTOR('',#5127,10.);
#1477=VECTOR('',#5128,10.);
#1478=VECTOR('',#5131,10.);
#1479=VECTOR('',#5132,10.);
#1480=VECTOR('',#5135,10.);
#1481=VECTOR('',#5136,10.);
#1482=VECTOR('',#5137,10.);
#1483=VECTOR('',#5138,10.);
#1484=VECTOR('',#5139,10.);
#1485=VECTOR('',#5140,10.);
#1486=VECTOR('',#5141,10.);
#1487=VECTOR('',#5142,10.);
#1488=VECTOR('',#5143,10.);
#1489=VECTOR('',#5144,10.);
#1490=VECTOR('',#5145,10.);
#1491=VECTOR('',#5146,10.);
#1492=VECTOR('',#5147,10.);
#1493=VECTOR('',#5148,10.);
#1494=VECTOR('',#5149,10.);
#1495=VECTOR('',#5150,10.);
#1496=VECTOR('',#5151,10.);
#1497=VECTOR('',#5152,10.);
#1498=VECTOR('',#5153,10.);
#1499=VECTOR('',#5154,10.);
#1500=VECTOR('',#5155,10.);
#1501=VECTOR('',#5156,10.);
#1502=VECTOR('',#5157,10.);
#1503=VECTOR('',#5158,10.);
#1504=VECTOR('',#5159,10.);
#1505=VECTOR('',#5160,10.);
#1506=VECTOR('',#5161,10.);
#1507=VECTOR('',#5164,10.);
#1508=VECTOR('',#5165,10.);
#1509=VECTOR('',#5168,10.);
#1510=VECTOR('',#5169,10.);
#1511=VECTOR('',#5170,10.);
#1512=VECTOR('',#5173,10.);
#1513=VECTOR('',#5174,10.);
#1514=VECTOR('',#5177,10.);
#1515=VECTOR('',#5178,10.);
#1516=VECTOR('',#5181,10.);
#1517=VECTOR('',#5182,10.);
#1518=VECTOR('',#5185,10.);
#1519=VECTOR('',#5186,10.);
#1520=VECTOR('',#5187,10.);
#1521=VECTOR('',#5188,10.);
#1522=VECTOR('',#5191,10.);
#1523=VECTOR('',#5192,10.);
#1524=VECTOR('',#5195,10.);
#1525=VECTOR('',#5196,10.);
#1526=VECTOR('',#5199,10.);
#1527=VECTOR('',#5200,10.);
#1528=VECTOR('',#5203,10.);
#1529=VECTOR('',#5204,10.);
#1530=VECTOR('',#5207,10.);
#1531=VECTOR('',#5208,10.);
#1532=VECTOR('',#5211,10.);
#1533=VECTOR('',#5212,10.);
#1534=VECTOR('',#5215,10.);
#1535=VECTOR('',#5216,10.);
#1536=VECTOR('',#5217,10.);
#1537=VECTOR('',#5218,10.);
#1538=VECTOR('',#5221,10.);
#1539=VECTOR('',#5224,10.);
#1540=VECTOR('',#5227,10.);
#1541=VECTOR('',#5228,10.);
#1542=VECTOR('',#5229,10.);
#1543=VECTOR('',#5230,10.);
#1544=VECTOR('',#5233,10.);
#1545=VECTOR('',#5234,10.);
#1546=VECTOR('',#5235,10.);
#1547=VECTOR('',#5238,10.);
#1548=VECTOR('',#5239,10.);
#1549=VECTOR('',#5240,10.);
#1550=VECTOR('',#5243,10.);
#1551=VECTOR('',#5244,10.);
#1552=VECTOR('',#5245,10.);
#1553=VECTOR('',#5248,10.);
#1554=VECTOR('',#5249,10.);
#1555=VECTOR('',#5252,10.);
#1556=VECTOR('',#5255,10.);
#1557=VECTOR('',#5258,10.);
#1558=VECTOR('',#5259,10.);
#1559=VECTOR('',#5260,10.);
#1560=VECTOR('',#5261,10.);
#1561=VECTOR('',#5264,10.);
#1562=VECTOR('',#5265,10.);
#1563=VECTOR('',#5266,10.);
#1564=VECTOR('',#5269,10.);
#1565=VECTOR('',#5270,10.);
#1566=VECTOR('',#5271,10.);
#1567=VECTOR('',#5274,10.);
#1568=VECTOR('',#5275,10.);
#1569=VECTOR('',#5276,10.);
#1570=VECTOR('',#5277,10.);
#1571=VECTOR('',#5280,10.);
#1572=VECTOR('',#5281,10.);
#1573=VECTOR('',#5282,10.);
#1574=VECTOR('',#5285,10.);
#1575=VECTOR('',#5286,10.);
#1576=VECTOR('',#5287,10.);
#1577=VECTOR('',#5290,10.);
#1578=VECTOR('',#5293,10.);
#1579=VECTOR('',#5294,10.);
#1580=VECTOR('',#5295,10.);
#1581=VECTOR('',#5298,10.);
#1582=VECTOR('',#5299,10.);
#1583=VECTOR('',#5300,10.);
#1584=VECTOR('',#5301,10.);
#1585=VECTOR('',#5302,10.);
#1586=VECTOR('',#5305,10.);
#1587=VECTOR('',#5306,10.);
#1588=VECTOR('',#5309,10.);
#1589=VECTOR('',#5310,10.);
#1590=VECTOR('',#5311,10.);
#1591=VECTOR('',#5312,10.);
#1592=VECTOR('',#5313,10.);
#1593=VECTOR('',#5314,10.);
#1594=VECTOR('',#5315,10.);
#1595=VECTOR('',#5316,10.);
#1596=VECTOR('',#5319,10.);
#1597=VECTOR('',#5320,10.);
#1598=VECTOR('',#5323,10.);
#1599=VECTOR('',#5324,10.);
#1600=VECTOR('',#5327,10.);
#1601=VECTOR('',#5328,10.);
#1602=VECTOR('',#5329,10.);
#1603=VECTOR('',#5330,10.);
#1604=VECTOR('',#5333,10.);
#1605=VECTOR('',#5334,10.);
#1606=VECTOR('',#5335,10.);
#1607=VECTOR('',#5336,10.);
#1608=VECTOR('',#5339,10.);
#1609=VECTOR('',#5340,10.);
#1610=VECTOR('',#5341,10.);
#1611=VECTOR('',#5342,10.);
#1612=VECTOR('',#5345,10.);
#1613=VECTOR('',#5346,10.);
#1614=VECTOR('',#5347,10.);
#1615=VECTOR('',#5350,10.);
#1616=VECTOR('',#5351,10.);
#1617=VECTOR('',#5354,10.);
#1618=VECTOR('',#5355,10.);
#1619=VECTOR('',#5356,10.);
#1620=VECTOR('',#5359,10.);
#1621=VECTOR('',#5362,10.);
#1622=VECTOR('',#5363,10.);
#1623=VECTOR('',#5366,10.);
#1624=VECTOR('',#5393,10.);
#1625=VECTOR('',#5414,10.);
#1626=VECTOR('',#5425,10.);
#1627=VECTOR('',#5428,10.);
#1628=VECTOR('',#5431,10.);
#1629=VERTEX_POINT('',#5436);
#1630=VERTEX_POINT('',#5437);
#1631=VERTEX_POINT('',#5439);
#1632=VERTEX_POINT('',#5441);
#1633=VERTEX_POINT('',#5445);
#1634=VERTEX_POINT('',#5446);
#1635=VERTEX_POINT('',#5448);
#1636=VERTEX_POINT('',#5450);
#1637=VERTEX_POINT('',#5454);
#1638=VERTEX_POINT('',#5455);
#1639=VERTEX_POINT('',#5457);
#1640=VERTEX_POINT('',#5459);
#1641=VERTEX_POINT('',#5463);
#1642=VERTEX_POINT('',#5465);
#1643=VERTEX_POINT('',#5469);
#1644=VERTEX_POINT('',#5471);
#1645=VERTEX_POINT('',#5475);
#1646=VERTEX_POINT('',#5476);
#1647=VERTEX_POINT('',#5478);
#1648=VERTEX_POINT('',#5480);
#1649=VERTEX_POINT('',#5484);
#1650=VERTEX_POINT('',#5485);
#1651=VERTEX_POINT('',#5487);
#1652=VERTEX_POINT('',#5489);
#1653=VERTEX_POINT('',#5496);
#1654=VERTEX_POINT('',#5497);
#1655=VERTEX_POINT('',#5499);
#1656=VERTEX_POINT('',#5501);
#1657=VERTEX_POINT('',#5505);
#1658=VERTEX_POINT('',#5507);
#1659=VERTEX_POINT('',#5511);
#1660=VERTEX_POINT('',#5512);
#1661=VERTEX_POINT('',#5514);
#1662=VERTEX_POINT('',#5516);
#1663=VERTEX_POINT('',#5520);
#1664=VERTEX_POINT('',#5522);
#1665=VERTEX_POINT('',#5526);
#1666=VERTEX_POINT('',#5527);
#1667=VERTEX_POINT('',#5529);
#1668=VERTEX_POINT('',#5531);
#1669=VERTEX_POINT('',#5538);
#1670=VERTEX_POINT('',#5539);
#1671=VERTEX_POINT('',#5541);
#1672=VERTEX_POINT('',#5543);
#1673=VERTEX_POINT('',#5547);
#1674=VERTEX_POINT('',#5548);
#1675=VERTEX_POINT('',#5550);
#1676=VERTEX_POINT('',#5552);
#1677=VERTEX_POINT('',#5559);
#1678=VERTEX_POINT('',#5560);
#1679=VERTEX_POINT('',#5562);
#1680=VERTEX_POINT('',#5564);
#1681=VERTEX_POINT('',#5568);
#1682=VERTEX_POINT('',#5570);
#1683=VERTEX_POINT('',#5574);
#1684=VERTEX_POINT('',#5576);
#1685=VERTEX_POINT('',#5580);
#1686=VERTEX_POINT('',#5581);
#1687=VERTEX_POINT('',#5583);
#1688=VERTEX_POINT('',#5585);
#1689=VERTEX_POINT('',#5589);
#1690=VERTEX_POINT('',#5590);
#1691=VERTEX_POINT('',#5592);
#1692=VERTEX_POINT('',#5594);
#1693=VERTEX_POINT('',#5598);
#1694=VERTEX_POINT('',#5599);
#1695=VERTEX_POINT('',#5601);
#1696=VERTEX_POINT('',#5603);
#1697=VERTEX_POINT('',#5607);
#1698=VERTEX_POINT('',#5609);
#1699=VERTEX_POINT('',#5613);
#1700=VERTEX_POINT('',#5615);
#1701=VERTEX_POINT('',#5619);
#1702=VERTEX_POINT('',#5620);
#1703=VERTEX_POINT('',#5622);
#1704=VERTEX_POINT('',#5624);
#1705=VERTEX_POINT('',#5628);
#1706=VERTEX_POINT('',#5630);
#1707=VERTEX_POINT('',#5634);
#1708=VERTEX_POINT('',#5636);
#1709=VERTEX_POINT('',#5640);
#1710=VERTEX_POINT('',#5641);
#1711=VERTEX_POINT('',#5643);
#1712=VERTEX_POINT('',#5645);
#1713=VERTEX_POINT('',#5649);
#1714=VERTEX_POINT('',#5651);
#1715=VERTEX_POINT('',#5655);
#1716=VERTEX_POINT('',#5657);
#1717=VERTEX_POINT('',#5661);
#1718=VERTEX_POINT('',#5662);
#1719=VERTEX_POINT('',#5664);
#1720=VERTEX_POINT('',#5666);
#1721=VERTEX_POINT('',#5670);
#1722=VERTEX_POINT('',#5672);
#1723=VERTEX_POINT('',#5676);
#1724=VERTEX_POINT('',#5678);
#1725=VERTEX_POINT('',#5682);
#1726=VERTEX_POINT('',#5683);
#1727=VERTEX_POINT('',#5685);
#1728=VERTEX_POINT('',#5687);
#1729=VERTEX_POINT('',#5691);
#1730=VERTEX_POINT('',#5693);
#1731=VERTEX_POINT('',#5697);
#1732=VERTEX_POINT('',#5699);
#1733=VERTEX_POINT('',#5703);
#1734=VERTEX_POINT('',#5704);
#1735=VERTEX_POINT('',#5706);
#1736=VERTEX_POINT('',#5708);
#1737=VERTEX_POINT('',#5712);
#1738=VERTEX_POINT('',#5713);
#1739=VERTEX_POINT('',#5715);
#1740=VERTEX_POINT('',#5717);
#1741=VERTEX_POINT('',#5724);
#1742=VERTEX_POINT('',#5725);
#1743=VERTEX_POINT('',#5727);
#1744=VERTEX_POINT('',#5729);
#1745=VERTEX_POINT('',#5733);
#1746=VERTEX_POINT('',#5734);
#1747=VERTEX_POINT('',#5736);
#1748=VERTEX_POINT('',#5738);
#1749=VERTEX_POINT('',#5742);
#1750=VERTEX_POINT('',#5743);
#1751=VERTEX_POINT('',#5747);
#1752=VERTEX_POINT('',#5749);
#1753=VERTEX_POINT('',#5751);
#1754=VERTEX_POINT('',#5753);
#1755=VERTEX_POINT('',#5755);
#1756=VERTEX_POINT('',#5757);
#1757=VERTEX_POINT('',#5761);
#1758=VERTEX_POINT('',#5762);
#1759=VERTEX_POINT('',#5766);
#1760=VERTEX_POINT('',#5768);
#1761=VERTEX_POINT('',#5770);
#1762=VERTEX_POINT('',#5772);
#1763=VERTEX_POINT('',#5774);
#1764=VERTEX_POINT('',#5776);
#1765=VERTEX_POINT('',#5780);
#1766=VERTEX_POINT('',#5781);
#1767=VERTEX_POINT('',#5785);
#1768=VERTEX_POINT('',#5787);
#1769=VERTEX_POINT('',#5789);
#1770=VERTEX_POINT('',#5791);
#1771=VERTEX_POINT('',#5793);
#1772=VERTEX_POINT('',#5795);
#1773=VERTEX_POINT('',#5799);
#1774=VERTEX_POINT('',#5809);
#1775=VERTEX_POINT('',#5811);
#1776=VERTEX_POINT('',#5827);
#1777=VERTEX_POINT('',#5829);
#1778=VERTEX_POINT('',#5831);
#1779=VERTEX_POINT('',#5833);
#1780=VERTEX_POINT('',#5835);
#1781=VERTEX_POINT('',#5837);
#1782=VERTEX_POINT('',#5839);
#1783=VERTEX_POINT('',#5843);
#1784=VERTEX_POINT('',#5845);
#1785=VERTEX_POINT('',#5847);
#1786=VERTEX_POINT('',#5849);
#1787=VERTEX_POINT('',#5852);
#1788=VERTEX_POINT('',#5854);
#1789=VERTEX_POINT('',#5856);
#1790=VERTEX_POINT('',#5858);
#1791=VERTEX_POINT('',#5862);
#1792=VERTEX_POINT('',#5864);
#1793=VERTEX_POINT('',#5868);
#1794=VERTEX_POINT('',#5870);
#1795=VERTEX_POINT('',#5872);
#1796=VERTEX_POINT('',#5874);
#1797=VERTEX_POINT('',#5877);
#1798=VERTEX_POINT('',#5879);
#1799=VERTEX_POINT('',#5881);
#1800=VERTEX_POINT('',#5883);
#1801=VERTEX_POINT('',#5887);
#1802=VERTEX_POINT('',#5889);
#1803=VERTEX_POINT('',#5891);
#1804=VERTEX_POINT('',#5893);
#1805=VERTEX_POINT('',#5895);
#1806=VERTEX_POINT('',#5898);
#1807=VERTEX_POINT('',#5900);
#1808=VERTEX_POINT('',#5902);
#1809=VERTEX_POINT('',#5904);
#1810=VERTEX_POINT('',#5907);
#1811=VERTEX_POINT('',#5909);
#1812=VERTEX_POINT('',#5911);
#1813=VERTEX_POINT('',#5913);
#1814=VERTEX_POINT('',#5916);
#1815=VERTEX_POINT('',#5918);
#1816=VERTEX_POINT('',#5920);
#1817=VERTEX_POINT('',#5922);
#1818=VERTEX_POINT('',#5925);
#1819=VERTEX_POINT('',#5927);
#1820=VERTEX_POINT('',#5929);
#1821=VERTEX_POINT('',#5931);
#1822=VERTEX_POINT('',#5934);
#1823=VERTEX_POINT('',#5936);
#1824=VERTEX_POINT('',#5938);
#1825=VERTEX_POINT('',#5940);
#1826=VERTEX_POINT('',#5943);
#1827=VERTEX_POINT('',#5945);
#1828=VERTEX_POINT('',#5947);
#1829=VERTEX_POINT('',#5949);
#1830=VERTEX_POINT('',#5952);
#1831=VERTEX_POINT('',#5954);
#1832=VERTEX_POINT('',#5956);
#1833=VERTEX_POINT('',#5958);
#1834=VERTEX_POINT('',#5961);
#1835=VERTEX_POINT('',#5963);
#1836=VERTEX_POINT('',#5965);
#1837=VERTEX_POINT('',#5967);
#1838=VERTEX_POINT('',#5970);
#1839=VERTEX_POINT('',#5972);
#1840=VERTEX_POINT('',#5975);
#1841=VERTEX_POINT('',#5977);
#1842=VERTEX_POINT('',#5980);
#1843=VERTEX_POINT('',#5982);
#1844=VERTEX_POINT('',#5985);
#1845=VERTEX_POINT('',#5987);
#1846=VERTEX_POINT('',#5989);
#1847=VERTEX_POINT('',#5991);
#1848=VERTEX_POINT('',#5993);
#1849=VERTEX_POINT('',#5997);
#1850=VERTEX_POINT('',#5998);
#1851=VERTEX_POINT('',#6000);
#1852=VERTEX_POINT('',#6002);
#1853=VERTEX_POINT('',#6006);
#1854=VERTEX_POINT('',#6007);
#1855=VERTEX_POINT('',#6009);
#1856=VERTEX_POINT('',#6011);
#1857=VERTEX_POINT('',#6015);
#1858=VERTEX_POINT('',#6017);
#1859=VERTEX_POINT('',#6024);
#1860=VERTEX_POINT('',#6026);
#1861=VERTEX_POINT('',#6030);
#1862=VERTEX_POINT('',#6032);
#1863=VERTEX_POINT('',#6036);
#1864=VERTEX_POINT('',#6037);
#1865=VERTEX_POINT('',#6039);
#1866=VERTEX_POINT('',#6041);
#1867=VERTEX_POINT('',#6045);
#1868=VERTEX_POINT('',#6046);
#1869=VERTEX_POINT('',#6048);
#1870=VERTEX_POINT('',#6050);
#1871=VERTEX_POINT('',#6054);
#1872=VERTEX_POINT('',#6055);
#1873=VERTEX_POINT('',#6057);
#1874=VERTEX_POINT('',#6059);
#1875=VERTEX_POINT('',#6063);
#1876=VERTEX_POINT('',#6065);
#1877=VERTEX_POINT('',#6069);
#1878=VERTEX_POINT('',#6071);
#1879=VERTEX_POINT('',#6078);
#1880=VERTEX_POINT('',#6080);
#1881=VERTEX_POINT('',#6084);
#1882=VERTEX_POINT('',#6086);
#1883=VERTEX_POINT('',#6093);
#1884=VERTEX_POINT('',#6094);
#1885=VERTEX_POINT('',#6096);
#1886=VERTEX_POINT('',#6098);
#1887=VERTEX_POINT('',#6102);
#1888=VERTEX_POINT('',#6104);
#1889=VERTEX_POINT('',#6108);
#1890=VERTEX_POINT('',#6110);
#1891=VERTEX_POINT('',#6112);
#1892=VERTEX_POINT('',#6114);
#1893=VERTEX_POINT('',#6120);
#1894=VERTEX_POINT('',#6122);
#1895=VERTEX_POINT('',#6124);
#1896=VERTEX_POINT('',#6128);
#1897=VERTEX_POINT('',#6130);
#1898=VERTEX_POINT('',#6134);
#1899=VERTEX_POINT('',#6142);
#1900=VERTEX_POINT('',#6144);
#1901=VERTEX_POINT('',#6146);
#1902=VERTEX_POINT('',#6150);
#1903=VERTEX_POINT('',#6152);
#1904=VERTEX_POINT('',#6162);
#1905=VERTEX_POINT('',#6164);
#1906=VERTEX_POINT('',#6166);
#1907=VERTEX_POINT('',#6181);
#1908=VERTEX_POINT('',#6183);
#1909=VERTEX_POINT('',#6187);
#1910=VERTEX_POINT('',#6189);
#1911=VERTEX_POINT('',#6193);
#1912=VERTEX_POINT('',#6195);
#1913=VERTEX_POINT('',#6199);
#1914=VERTEX_POINT('',#6201);
#1915=VERTEX_POINT('',#6205);
#1916=VERTEX_POINT('',#6209);
#1917=VERTEX_POINT('',#6211);
#1918=VERTEX_POINT('',#6215);
#1919=VERTEX_POINT('',#6217);
#1920=VERTEX_POINT('',#6221);
#1921=VERTEX_POINT('',#6223);
#1922=VERTEX_POINT('',#6227);
#1923=VERTEX_POINT('',#6229);
#1924=VERTEX_POINT('',#6233);
#1925=VERTEX_POINT('',#6235);
#1926=VERTEX_POINT('',#6239);
#1927=VERTEX_POINT('',#6241);
#1928=VERTEX_POINT('',#6251);
#1929=VERTEX_POINT('',#6253);
#1930=VERTEX_POINT('',#6257);
#1931=VERTEX_POINT('',#6259);
#1932=VERTEX_POINT('',#6263);
#1933=VERTEX_POINT('',#6265);
#1934=VERTEX_POINT('',#6269);
#1935=VERTEX_POINT('',#6271);
#1936=VERTEX_POINT('',#6275);
#1937=VERTEX_POINT('',#6279);
#1938=VERTEX_POINT('',#6283);
#1939=VERTEX_POINT('',#6284);
#1940=VERTEX_POINT('',#6286);
#1941=VERTEX_POINT('',#6288);
#1942=VERTEX_POINT('',#6292);
#1943=VERTEX_POINT('',#6294);
#1944=VERTEX_POINT('',#6298);
#1945=VERTEX_POINT('',#6300);
#1946=VERTEX_POINT('',#6304);
#1947=VERTEX_POINT('',#6306);
#1948=VERTEX_POINT('',#6310);
#1949=VERTEX_POINT('',#6312);
#1950=VERTEX_POINT('',#6316);
#1951=VERTEX_POINT('',#6318);
#1952=VERTEX_POINT('',#6332);
#1953=VERTEX_POINT('',#6339);
#1954=VERTEX_POINT('',#6341);
#1955=VERTEX_POINT('',#6372);
#1956=VERTEX_POINT('',#6386);
#1957=VERTEX_POINT('',#6388);
#1958=VERTEX_POINT('',#6411);
#1959=VERTEX_POINT('',#6413);
#1960=VERTEX_POINT('',#6422);
#1961=VERTEX_POINT('',#6423);
#1962=VERTEX_POINT('',#6425);
#1963=VERTEX_POINT('',#6427);
#1964=VERTEX_POINT('',#6431);
#1965=VERTEX_POINT('',#6433);
#1966=VERTEX_POINT('',#6437);
#1967=VERTEX_POINT('',#6439);
#1968=VERTEX_POINT('',#6443);
#1969=VERTEX_POINT('',#6445);
#1970=VERTEX_POINT('',#6449);
#1971=VERTEX_POINT('',#6457);
#1972=VERTEX_POINT('',#6458);
#1973=VERTEX_POINT('',#6460);
#1974=VERTEX_POINT('',#6462);
#1975=VERTEX_POINT('',#6466);
#1976=VERTEX_POINT('',#6468);
#1977=VERTEX_POINT('',#6472);
#1978=VERTEX_POINT('',#6474);
#1979=VERTEX_POINT('',#6478);
#1980=VERTEX_POINT('',#6479);
#1981=VERTEX_POINT('',#6481);
#1982=VERTEX_POINT('',#6483);
#1983=VERTEX_POINT('',#6487);
#1984=VERTEX_POINT('',#6489);
#1985=VERTEX_POINT('',#6493);
#1986=VERTEX_POINT('',#6495);
#1987=VERTEX_POINT('',#6501);
#1988=VERTEX_POINT('',#6506);
#1989=VERTEX_POINT('',#6516);
#1990=VERTEX_POINT('',#6518);
#1991=VERTEX_POINT('',#6520);
#1992=VERTEX_POINT('',#6534);
#1993=VERTEX_POINT('',#6535);
#1994=VERTEX_POINT('',#6537);
#1995=VERTEX_POINT('',#6539);
#1996=VERTEX_POINT('',#6543);
#1997=VERTEX_POINT('',#6544);
#1998=VERTEX_POINT('',#6546);
#1999=VERTEX_POINT('',#6548);
#2000=VERTEX_POINT('',#6552);
#2001=VERTEX_POINT('',#6553);
#2002=VERTEX_POINT('',#6555);
#2003=VERTEX_POINT('',#6557);
#2004=VERTEX_POINT('',#6561);
#2005=VERTEX_POINT('',#6563);
#2006=VERTEX_POINT('',#6570);
#2007=VERTEX_POINT('',#6572);
#2008=VERTEX_POINT('',#6584);
#2009=VERTEX_POINT('',#6592);
#2010=VERTEX_POINT('',#6607);
#2011=VERTEX_POINT('',#6614);
#2012=EDGE_CURVE('',#1629,#1630,#393,.T.);
#2013=EDGE_CURVE('',#1631,#1629,#394,.T.);
#2014=EDGE_CURVE('',#1632,#1631,#395,.T.);
#2015=EDGE_CURVE('',#1632,#1630,#396,.T.);
#2016=EDGE_CURVE('',#1633,#1634,#397,.T.);
#2017=EDGE_CURVE('',#1635,#1633,#398,.T.);
#2018=EDGE_CURVE('',#1636,#1635,#399,.T.);
#2019=EDGE_CURVE('',#1636,#1634,#400,.T.);
#2020=EDGE_CURVE('',#1637,#1638,#401,.T.);
#2021=EDGE_CURVE('',#1639,#1637,#402,.T.);
#2022=EDGE_CURVE('',#1640,#1639,#403,.T.);
#2023=EDGE_CURVE('',#1640,#1638,#404,.T.);
#2024=EDGE_CURVE('',#1641,#1637,#405,.T.);
#2025=EDGE_CURVE('',#1642,#1641,#406,.T.);
#2026=EDGE_CURVE('',#1639,#1642,#407,.T.);
#2027=EDGE_CURVE('',#1643,#1641,#408,.T.);
#2028=EDGE_CURVE('',#1644,#1643,#409,.T.);
#2029=EDGE_CURVE('',#1642,#1644,#410,.T.);
#2030=EDGE_CURVE('',#1645,#1646,#411,.T.);
#2031=EDGE_CURVE('',#1647,#1645,#412,.T.);
#2032=EDGE_CURVE('',#1648,#1647,#413,.T.);
#2033=EDGE_CURVE('',#1648,#1646,#414,.T.);
#2034=EDGE_CURVE('',#1649,#1650,#415,.T.);
#2035=EDGE_CURVE('',#1651,#1649,#416,.T.);
#2036=EDGE_CURVE('',#1652,#1651,#417,.T.);
#2037=EDGE_CURVE('',#1652,#1650,#418,.T.);
#2038=EDGE_CURVE('',#1650,#1645,#419,.T.);
#2039=EDGE_CURVE('',#1647,#1652,#420,.T.);
#2040=EDGE_CURVE('',#1653,#1654,#421,.T.);
#2041=EDGE_CURVE('',#1655,#1653,#422,.T.);
#2042=EDGE_CURVE('',#1656,#1655,#423,.T.);
#2043=EDGE_CURVE('',#1656,#1654,#424,.T.);
#2044=EDGE_CURVE('',#1654,#1657,#425,.T.);
#2045=EDGE_CURVE('',#1658,#1656,#426,.T.);
#2046=EDGE_CURVE('',#1658,#1657,#427,.T.);
#2047=EDGE_CURVE('',#1659,#1660,#428,.T.);
#2048=EDGE_CURVE('',#1661,#1659,#429,.T.);
#2049=EDGE_CURVE('',#1662,#1661,#430,.T.);
#2050=EDGE_CURVE('',#1662,#1660,#431,.T.);
#2051=EDGE_CURVE('',#1660,#1663,#432,.T.);
#2052=EDGE_CURVE('',#1664,#1662,#433,.T.);
#2053=EDGE_CURVE('',#1664,#1663,#434,.T.);
#2054=EDGE_CURVE('',#1665,#1666,#435,.T.);
#2055=EDGE_CURVE('',#1667,#1665,#436,.T.);
#2056=EDGE_CURVE('',#1668,#1667,#437,.T.);
#2057=EDGE_CURVE('',#1668,#1666,#438,.T.);
#2058=EDGE_CURVE('',#1666,#1659,#439,.T.);
#2059=EDGE_CURVE('',#1661,#1668,#440,.T.);
#2060=EDGE_CURVE('',#1669,#1670,#441,.T.);
#2061=EDGE_CURVE('',#1671,#1669,#442,.T.);
#2062=EDGE_CURVE('',#1672,#1671,#443,.T.);
#2063=EDGE_CURVE('',#1672,#1670,#444,.T.);
#2064=EDGE_CURVE('',#1673,#1674,#445,.T.);
#2065=EDGE_CURVE('',#1675,#1673,#446,.T.);
#2066=EDGE_CURVE('',#1676,#1675,#447,.T.);
#2067=EDGE_CURVE('',#1676,#1674,#448,.T.);
#2068=EDGE_CURVE('',#1674,#1669,#449,.T.);
#2069=EDGE_CURVE('',#1671,#1676,#450,.T.);
#2070=EDGE_CURVE('',#1677,#1678,#451,.T.);
#2071=EDGE_CURVE('',#1679,#1677,#452,.T.);
#2072=EDGE_CURVE('',#1680,#1679,#453,.T.);
#2073=EDGE_CURVE('',#1680,#1678,#454,.T.);
#2074=EDGE_CURVE('',#1681,#1677,#455,.T.);
#2075=EDGE_CURVE('',#1682,#1681,#456,.T.);
#2076=EDGE_CURVE('',#1679,#1682,#457,.T.);
#2077=EDGE_CURVE('',#1683,#1681,#458,.T.);
#2078=EDGE_CURVE('',#1684,#1683,#459,.T.);
#2079=EDGE_CURVE('',#1682,#1684,#460,.T.);
#2080=EDGE_CURVE('',#1685,#1686,#461,.T.);
#2081=EDGE_CURVE('',#1687,#1685,#462,.T.);
#2082=EDGE_CURVE('',#1688,#1687,#463,.T.);
#2083=EDGE_CURVE('',#1688,#1686,#464,.T.);
#2084=EDGE_CURVE('',#1689,#1690,#465,.T.);
#2085=EDGE_CURVE('',#1691,#1689,#466,.T.);
#2086=EDGE_CURVE('',#1692,#1691,#467,.T.);
#2087=EDGE_CURVE('',#1692,#1690,#468,.T.);
#2088=EDGE_CURVE('',#1693,#1694,#469,.T.);
#2089=EDGE_CURVE('',#1695,#1693,#470,.T.);
#2090=EDGE_CURVE('',#1696,#1695,#471,.T.);
#2091=EDGE_CURVE('',#1696,#1694,#472,.T.);
#2092=EDGE_CURVE('',#1697,#1693,#473,.T.);
#2093=EDGE_CURVE('',#1698,#1697,#474,.T.);
#2094=EDGE_CURVE('',#1695,#1698,#475,.T.);
#2095=EDGE_CURVE('',#1699,#1697,#476,.T.);
#2096=EDGE_CURVE('',#1700,#1699,#477,.T.);
#2097=EDGE_CURVE('',#1698,#1700,#478,.T.);
#2098=EDGE_CURVE('',#1701,#1702,#479,.T.);
#2099=EDGE_CURVE('',#1703,#1701,#480,.T.);
#2100=EDGE_CURVE('',#1704,#1703,#481,.T.);
#2101=EDGE_CURVE('',#1704,#1702,#482,.T.);
#2102=EDGE_CURVE('',#1705,#1701,#483,.T.);
#2103=EDGE_CURVE('',#1706,#1705,#484,.T.);
#2104=EDGE_CURVE('',#1703,#1706,#485,.T.);
#2105=EDGE_CURVE('',#1707,#1705,#486,.T.);
#2106=EDGE_CURVE('',#1708,#1707,#487,.T.);
#2107=EDGE_CURVE('',#1706,#1708,#488,.T.);
#2108=EDGE_CURVE('',#1709,#1710,#489,.T.);
#2109=EDGE_CURVE('',#1711,#1709,#490,.T.);
#2110=EDGE_CURVE('',#1712,#1711,#491,.T.);
#2111=EDGE_CURVE('',#1712,#1710,#492,.T.);
#2112=EDGE_CURVE('',#1710,#1713,#493,.T.);
#2113=EDGE_CURVE('',#1714,#1712,#494,.T.);
#2114=EDGE_CURVE('',#1714,#1713,#495,.T.);
#2115=EDGE_CURVE('',#1713,#1715,#496,.T.);
#2116=EDGE_CURVE('',#1716,#1714,#497,.T.);
#2117=EDGE_CURVE('',#1716,#1715,#498,.T.);
#2118=EDGE_CURVE('',#1717,#1718,#499,.T.);
#2119=EDGE_CURVE('',#1719,#1717,#500,.T.);
#2120=EDGE_CURVE('',#1720,#1719,#501,.T.);
#2121=EDGE_CURVE('',#1720,#1718,#502,.T.);
#2122=EDGE_CURVE('',#1718,#1721,#503,.T.);
#2123=EDGE_CURVE('',#1722,#1720,#504,.T.);
#2124=EDGE_CURVE('',#1722,#1721,#505,.T.);
#2125=EDGE_CURVE('',#1721,#1723,#506,.T.);
#2126=EDGE_CURVE('',#1724,#1722,#507,.T.);
#2127=EDGE_CURVE('',#1724,#1723,#508,.T.);
#2128=EDGE_CURVE('',#1725,#1726,#509,.T.);
#2129=EDGE_CURVE('',#1727,#1725,#510,.T.);
#2130=EDGE_CURVE('',#1728,#1727,#511,.T.);
#2131=EDGE_CURVE('',#1728,#1726,#512,.T.);
#2132=EDGE_CURVE('',#1729,#1725,#513,.T.);
#2133=EDGE_CURVE('',#1730,#1729,#514,.T.);
#2134=EDGE_CURVE('',#1727,#1730,#515,.T.);
#2135=EDGE_CURVE('',#1731,#1729,#516,.T.);
#2136=EDGE_CURVE('',#1732,#1731,#517,.T.);
#2137=EDGE_CURVE('',#1730,#1732,#518,.T.);
#2138=EDGE_CURVE('',#1733,#1734,#519,.T.);
#2139=EDGE_CURVE('',#1735,#1733,#520,.T.);
#2140=EDGE_CURVE('',#1736,#1735,#521,.T.);
#2141=EDGE_CURVE('',#1736,#1734,#522,.T.);
#2142=EDGE_CURVE('',#1737,#1738,#523,.T.);
#2143=EDGE_CURVE('',#1739,#1737,#524,.T.);
#2144=EDGE_CURVE('',#1740,#1739,#525,.T.);
#2145=EDGE_CURVE('',#1740,#1738,#526,.T.);
#2146=EDGE_CURVE('',#1738,#1733,#527,.T.);
#2147=EDGE_CURVE('',#1735,#1740,#528,.T.);
#2148=EDGE_CURVE('',#1741,#1742,#529,.T.);
#2149=EDGE_CURVE('',#1743,#1741,#530,.T.);
#2150=EDGE_CURVE('',#1744,#1743,#531,.T.);
#2151=EDGE_CURVE('',#1744,#1742,#532,.T.);
#2152=EDGE_CURVE('',#1745,#1746,#533,.T.);
#2153=EDGE_CURVE('',#1747,#1745,#534,.T.);
#2154=EDGE_CURVE('',#1748,#1747,#535,.T.);
#2155=EDGE_CURVE('',#1748,#1746,#536,.T.);
#2156=EDGE_CURVE('',#1749,#1750,#537,.T.);
#2157=EDGE_CURVE('',#1657,#1750,#538,.T.);
#2158=EDGE_CURVE('',#1655,#1658,#539,.T.);
#2159=EDGE_CURVE('',#1751,#1653,#540,.T.);
#2160=EDGE_CURVE('',#1751,#1752,#541,.T.);
#2161=EDGE_CURVE('',#1753,#1752,#542,.T.);
#2162=EDGE_CURVE('',#1754,#1753,#543,.T.);
#2163=EDGE_CURVE('',#1755,#1754,#544,.T.);
#2164=EDGE_CURVE('',#1755,#1756,#545,.T.);
#2165=EDGE_CURVE('',#1749,#1756,#546,.T.);
#2166=EDGE_CURVE('',#1757,#1758,#547,.T.);
#2167=EDGE_CURVE('',#1715,#1758,#548,.T.);
#2168=EDGE_CURVE('',#1711,#1716,#549,.T.);
#2169=EDGE_CURVE('',#1759,#1709,#550,.T.);
#2170=EDGE_CURVE('',#1759,#1760,#551,.T.);
#2171=EDGE_CURVE('',#1761,#1760,#552,.T.);
#2172=EDGE_CURVE('',#1762,#1761,#553,.T.);
#2173=EDGE_CURVE('',#1763,#1762,#554,.T.);
#2174=EDGE_CURVE('',#1763,#1764,#555,.T.);
#2175=EDGE_CURVE('',#1757,#1764,#556,.T.);
#2176=EDGE_CURVE('',#1765,#1766,#557,.T.);
#2177=EDGE_CURVE('',#1723,#1766,#558,.T.);
#2178=EDGE_CURVE('',#1719,#1724,#559,.T.);
#2179=EDGE_CURVE('',#1767,#1717,#560,.T.);
#2180=EDGE_CURVE('',#1767,#1768,#561,.T.);
#2181=EDGE_CURVE('',#1769,#1768,#562,.T.);
#2182=EDGE_CURVE('',#1770,#1769,#563,.T.);
#2183=EDGE_CURVE('',#1771,#1770,#564,.T.);
#2184=EDGE_CURVE('',#1771,#1772,#565,.T.);
#2185=EDGE_CURVE('',#1765,#1772,#566,.T.);
#2186=EDGE_CURVE('',#1773,#1747,#567,.T.);
#2187=EDGE_CURVE('',#1748,#1773,#568,.T.);
#2188=EDGE_CURVE('',#1744,#1691,#569,.T.);
#2189=EDGE_CURVE('',#1692,#1743,#570,.T.);
#2190=EDGE_CURVE('',#1688,#1635,#571,.T.);
#2191=EDGE_CURVE('',#1636,#1687,#572,.T.);
#2192=EDGE_CURVE('',#1774,#1631,#573,.T.);
#2193=EDGE_CURVE('',#1775,#1774,#574,.T.);
#2194=EDGE_CURVE('',#1658,#1775,#575,.T.);
#2195=EDGE_CURVE('',#1716,#1655,#576,.T.);
#2196=EDGE_CURVE('',#1724,#1711,#577,.T.);
#2197=EDGE_CURVE('',#1662,#1719,#578,.T.);
#2198=EDGE_CURVE('',#1648,#1667,#579,.T.);
#2199=EDGE_CURVE('',#1704,#1651,#580,.T.);
#2200=EDGE_CURVE('',#1728,#1708,#581,.T.);
#2201=EDGE_CURVE('',#1672,#1732,#582,.T.);
#2202=EDGE_CURVE('',#1640,#1675,#583,.T.);
#2203=EDGE_CURVE('',#1696,#1644,#584,.T.);
#2204=EDGE_CURVE('',#1736,#1700,#585,.T.);
#2205=EDGE_CURVE('',#1680,#1739,#586,.T.);
#2206=EDGE_CURVE('',#1632,#1684,#587,.T.);
#2207=EDGE_CURVE('',#1776,#1746,#588,.T.);
#2208=EDGE_CURVE('',#1777,#1776,#589,.T.);
#2209=EDGE_CURVE('',#1778,#1777,#590,.T.);
#2210=EDGE_CURVE('',#1778,#1779,#591,.T.);
#2211=EDGE_CURVE('',#1780,#1779,#592,.T.);
#2212=EDGE_CURVE('',#1781,#1780,#593,.T.);
#2213=EDGE_CURVE('',#1781,#1782,#594,.T.);
#2214=EDGE_CURVE('',#1745,#1782,#595,.T.);
#2215=EDGE_CURVE('',#1783,#1690,#596,.T.);
#2216=EDGE_CURVE('',#1784,#1783,#597,.T.);
#2217=EDGE_CURVE('',#1785,#1784,#598,.T.);
#2218=EDGE_CURVE('',#1785,#1786,#599,.T.);
#2219=EDGE_CURVE('',#1786,#1741,#600,.T.);
#2220=EDGE_CURVE('',#1742,#1787,#601,.T.);
#2221=EDGE_CURVE('',#1788,#1787,#602,.T.);
#2222=EDGE_CURVE('',#1789,#1788,#603,.T.);
#2223=EDGE_CURVE('',#1789,#1790,#604,.T.);
#2224=EDGE_CURVE('',#1689,#1790,#605,.T.);
#2225=EDGE_CURVE('',#1791,#1750,#606,.T.);
#2226=EDGE_CURVE('',#1792,#1791,#607,.T.);
#2227=EDGE_CURVE('',#1792,#1657,#608,.T.);
#2228=EDGE_CURVE('',#1793,#1634,#609,.T.);
#2229=EDGE_CURVE('',#1794,#1793,#610,.T.);
#2230=EDGE_CURVE('',#1795,#1794,#611,.T.);
#2231=EDGE_CURVE('',#1795,#1796,#612,.T.);
#2232=EDGE_CURVE('',#1796,#1685,#613,.T.);
#2233=EDGE_CURVE('',#1686,#1797,#614,.T.);
#2234=EDGE_CURVE('',#1798,#1797,#615,.T.);
#2235=EDGE_CURVE('',#1799,#1798,#616,.T.);
#2236=EDGE_CURVE('',#1799,#1800,#617,.T.);
#2237=EDGE_CURVE('',#1633,#1800,#618,.T.);
#2238=EDGE_CURVE('',#1801,#1629,#619,.T.);
#2239=EDGE_CURVE('',#1630,#1802,#620,.T.);
#2240=EDGE_CURVE('',#1803,#1802,#621,.T.);
#2241=EDGE_CURVE('',#1804,#1803,#622,.T.);
#2242=EDGE_CURVE('',#1804,#1805,#623,.T.);
#2243=EDGE_CURVE('',#1683,#1805,#624,.T.);
#2244=EDGE_CURVE('',#1678,#1806,#625,.T.);
#2245=EDGE_CURVE('',#1807,#1806,#626,.T.);
#2246=EDGE_CURVE('',#1808,#1807,#627,.T.);
#2247=EDGE_CURVE('',#1808,#1809,#628,.T.);
#2248=EDGE_CURVE('',#1737,#1809,#629,.T.);
#2249=EDGE_CURVE('',#1734,#1810,#630,.T.);
#2250=EDGE_CURVE('',#1811,#1810,#631,.T.);
#2251=EDGE_CURVE('',#1812,#1811,#632,.T.);
#2252=EDGE_CURVE('',#1812,#1813,#633,.T.);
#2253=EDGE_CURVE('',#1699,#1813,#634,.T.);
#2254=EDGE_CURVE('',#1694,#1814,#635,.T.);
#2255=EDGE_CURVE('',#1815,#1814,#636,.T.);
#2256=EDGE_CURVE('',#1816,#1815,#637,.T.);
#2257=EDGE_CURVE('',#1816,#1817,#638,.T.);
#2258=EDGE_CURVE('',#1643,#1817,#639,.T.);
#2259=EDGE_CURVE('',#1638,#1818,#640,.T.);
#2260=EDGE_CURVE('',#1819,#1818,#641,.T.);
#2261=EDGE_CURVE('',#1820,#1819,#642,.T.);
#2262=EDGE_CURVE('',#1820,#1821,#643,.T.);
#2263=EDGE_CURVE('',#1673,#1821,#644,.T.);
#2264=EDGE_CURVE('',#1670,#1822,#645,.T.);
#2265=EDGE_CURVE('',#1823,#1822,#646,.T.);
#2266=EDGE_CURVE('',#1824,#1823,#647,.T.);
#2267=EDGE_CURVE('',#1824,#1825,#648,.T.);
#2268=EDGE_CURVE('',#1731,#1825,#649,.T.);
#2269=EDGE_CURVE('',#1726,#1826,#650,.T.);
#2270=EDGE_CURVE('',#1827,#1826,#651,.T.);
#2271=EDGE_CURVE('',#1828,#1827,#652,.T.);
#2272=EDGE_CURVE('',#1828,#1829,#653,.T.);
#2273=EDGE_CURVE('',#1707,#1829,#654,.T.);
#2274=EDGE_CURVE('',#1702,#1830,#655,.T.);
#2275=EDGE_CURVE('',#1831,#1830,#656,.T.);
#2276=EDGE_CURVE('',#1832,#1831,#657,.T.);
#2277=EDGE_CURVE('',#1832,#1833,#658,.T.);
#2278=EDGE_CURVE('',#1649,#1833,#659,.T.);
#2279=EDGE_CURVE('',#1646,#1834,#660,.T.);
#2280=EDGE_CURVE('',#1835,#1834,#661,.T.);
#2281=EDGE_CURVE('',#1836,#1835,#662,.T.);
#2282=EDGE_CURVE('',#1836,#1837,#663,.T.);
#2283=EDGE_CURVE('',#1665,#1837,#664,.T.);
#2284=EDGE_CURVE('',#1838,#1663,#665,.T.);
#2285=EDGE_CURVE('',#1839,#1838,#666,.T.);
#2286=EDGE_CURVE('',#1839,#1767,#667,.T.);
#2287=EDGE_CURVE('',#1840,#1766,#668,.T.);
#2288=EDGE_CURVE('',#1841,#1840,#669,.T.);
#2289=EDGE_CURVE('',#1841,#1759,#670,.T.);
#2290=EDGE_CURVE('',#1842,#1758,#671,.T.);
#2291=EDGE_CURVE('',#1843,#1842,#672,.T.);
#2292=EDGE_CURVE('',#1843,#1751,#673,.T.);
#2293=EDGE_CURVE('',#1657,#1844,#674,.T.);
#2294=EDGE_CURVE('',#1845,#1844,#675,.T.);
#2295=EDGE_CURVE('',#1846,#1845,#676,.T.);
#2296=EDGE_CURVE('',#1847,#1846,#677,.T.);
#2297=EDGE_CURVE('',#1848,#1847,#678,.T.);
#2298=EDGE_CURVE('',#1848,#1801,#679,.T.);
#2299=EDGE_CURVE('',#1849,#1850,#680,.T.);
#2300=EDGE_CURVE('',#1851,#1849,#681,.T.);
#2301=EDGE_CURVE('',#1852,#1851,#682,.T.);
#2302=EDGE_CURVE('',#1852,#1850,#683,.T.);
#2303=EDGE_CURVE('',#1853,#1854,#684,.T.);
#2304=EDGE_CURVE('',#1855,#1853,#685,.T.);
#2305=EDGE_CURVE('',#1856,#1855,#686,.T.);
#2306=EDGE_CURVE('',#1856,#1854,#687,.T.);
#2307=EDGE_CURVE('',#1801,#1857,#688,.T.);
#2308=EDGE_CURVE('',#1858,#1848,#689,.T.);
#2309=EDGE_CURVE('',#1858,#1857,#690,.T.);
#2310=EDGE_CURVE('',#1857,#1846,#691,.T.);
#2311=EDGE_CURVE('',#1847,#1858,#692,.T.);
#2312=EDGE_CURVE('',#1859,#1776,#693,.T.);
#2313=EDGE_CURVE('',#1860,#1859,#694,.T.);
#2314=EDGE_CURVE('',#1777,#1860,#695,.T.);
#2315=EDGE_CURVE('',#1861,#1859,#696,.T.);
#2316=EDGE_CURVE('',#1862,#1861,#697,.T.);
#2317=EDGE_CURVE('',#1860,#1862,#698,.T.);
#2318=EDGE_CURVE('',#1863,#1864,#699,.T.);
#2319=EDGE_CURVE('',#1865,#1863,#700,.T.);
#2320=EDGE_CURVE('',#1866,#1865,#701,.T.);
#2321=EDGE_CURVE('',#1866,#1864,#702,.T.);
#2322=EDGE_CURVE('',#1867,#1868,#703,.T.);
#2323=EDGE_CURVE('',#1869,#1867,#704,.T.);
#2324=EDGE_CURVE('',#1870,#1869,#705,.T.);
#2325=EDGE_CURVE('',#1870,#1868,#706,.T.);
#2326=EDGE_CURVE('',#1871,#1872,#707,.T.);
#2327=EDGE_CURVE('',#1873,#1871,#708,.T.);
#2328=EDGE_CURVE('',#1874,#1873,#709,.T.);
#2329=EDGE_CURVE('',#1874,#1872,#710,.T.);
#2330=EDGE_CURVE('',#1796,#1875,#711,.T.);
#2331=EDGE_CURVE('',#1876,#1795,#712,.T.);
#2332=EDGE_CURVE('',#1876,#1875,#713,.T.);
#2333=EDGE_CURVE('',#1875,#1877,#714,.T.);
#2334=EDGE_CURVE('',#1878,#1876,#715,.T.);
#2335=EDGE_CURVE('',#1878,#1877,#716,.T.);
#2336=EDGE_CURVE('',#1877,#1793,#717,.T.);
#2337=EDGE_CURVE('',#1794,#1878,#718,.T.);
#2338=EDGE_CURVE('',#1786,#1879,#719,.T.);
#2339=EDGE_CURVE('',#1880,#1785,#720,.T.);
#2340=EDGE_CURVE('',#1880,#1879,#721,.T.);
#2341=EDGE_CURVE('',#1879,#1881,#722,.T.);
#2342=EDGE_CURVE('',#1882,#1880,#723,.T.);
#2343=EDGE_CURVE('',#1882,#1881,#724,.T.);
#2344=EDGE_CURVE('',#1881,#1783,#725,.T.);
#2345=EDGE_CURVE('',#1784,#1882,#726,.T.);
#2346=EDGE_CURVE('',#1883,#1884,#727,.T.);
#2347=EDGE_CURVE('',#1885,#1883,#728,.T.);
#2348=EDGE_CURVE('',#1886,#1885,#729,.T.);
#2349=EDGE_CURVE('',#1886,#1884,#730,.T.);
#2350=EDGE_CURVE('',#1884,#1887,#731,.T.);
#2351=EDGE_CURVE('',#1888,#1886,#732,.T.);
#2352=EDGE_CURVE('',#1888,#1887,#733,.T.);
#2353=EDGE_CURVE('',#1849,#1889,#734,.T.);
#2354=EDGE_CURVE('',#1889,#1890,#735,.T.);
#2355=EDGE_CURVE('',#1891,#1890,#736,.T.);
#2356=EDGE_CURVE('',#1891,#1892,#737,.T.);
#2357=EDGE_CURVE('',#1854,#1892,#738,.T.);
#2358=EDGE_CURVE('',#1851,#1856,#739,.T.);
#2359=EDGE_CURVE('',#1868,#1883,#740,.T.);
#2360=EDGE_CURVE('',#1887,#1893,#741,.T.);
#2361=EDGE_CURVE('',#1894,#1893,#742,.T.);
#2362=EDGE_CURVE('',#1894,#1895,#743,.T.);
#2363=EDGE_CURVE('',#1867,#1895,#744,.T.);
#2364=EDGE_CURVE('',#1779,#1896,#745,.T.);
#2365=EDGE_CURVE('',#1897,#1896,#746,.T.);
#2366=EDGE_CURVE('',#1780,#1897,#747,.T.);
#2367=EDGE_CURVE('',#1898,#1845,#748,.T.);
#2368=EDGE_CURVE('',#1898,#1861,#749,.T.);
#2369=EDGE_CURVE('',#1743,#1748,#750,.T.);
#2370=EDGE_CURVE('',#1687,#1692,#751,.T.);
#2371=EDGE_CURVE('',#1631,#1636,#752,.T.);
#2372=EDGE_CURVE('',#1850,#1871,#753,.T.);
#2373=EDGE_CURVE('',#1872,#1899,#754,.T.);
#2374=EDGE_CURVE('',#1900,#1899,#755,.T.);
#2375=EDGE_CURVE('',#1901,#1900,#756,.T.);
#2376=EDGE_CURVE('',#1901,#1889,#757,.T.);
#2377=EDGE_CURVE('',#1895,#1902,#758,.T.);
#2378=EDGE_CURVE('',#1903,#1902,#759,.T.);
#2379=EDGE_CURVE('',#1903,#1899,#760,.T.);
#2380=EDGE_CURVE('',#1869,#1874,#761,.T.);
#2381=EDGE_CURVE('',#1855,#1852,#762,.T.);
#2382=EDGE_CURVE('',#1874,#1851,#763,.T.);
#2383=EDGE_CURVE('',#1873,#1870,#764,.T.);
#2384=EDGE_CURVE('',#1886,#1869,#765,.T.);
#2385=EDGE_CURVE('',#1885,#1888,#766,.T.);
#2386=EDGE_CURVE('',#1904,#1888,#767,.T.);
#2387=EDGE_CURVE('',#1905,#1904,#768,.T.);
#2388=EDGE_CURVE('',#1906,#1905,#769,.T.);
#2389=EDGE_CURVE('',#1847,#1906,#770,.T.);
#2390=EDGE_CURVE('',#1794,#1848,#771,.T.);
#2391=EDGE_CURVE('',#1784,#1795,#772,.T.);
#2392=EDGE_CURVE('',#1777,#1785,#773,.T.);
#2393=EDGE_CURVE('',#1862,#1866,#774,.T.);
#2394=EDGE_CURVE('',#1856,#1865,#775,.T.);
#2395=EDGE_CURVE('',#1829,#1753,#776,.T.);
#2396=EDGE_CURVE('',#1754,#1828,#777,.T.);
#2397=EDGE_CURVE('',#1756,#1826,#778,.T.);
#2398=EDGE_CURVE('',#1827,#1755,#779,.T.);
#2399=EDGE_CURVE('',#1813,#1907,#780,.T.);
#2400=EDGE_CURVE('',#1908,#1812,#781,.T.);
#2401=EDGE_CURVE('',#1908,#1907,#782,.T.);
#2402=EDGE_CURVE('',#1909,#1810,#783,.T.);
#2403=EDGE_CURVE('',#1910,#1909,#784,.T.);
#2404=EDGE_CURVE('',#1811,#1910,#785,.T.);
#2405=EDGE_CURVE('',#1790,#1911,#786,.T.);
#2406=EDGE_CURVE('',#1912,#1789,#787,.T.);
#2407=EDGE_CURVE('',#1912,#1911,#788,.T.);
#2408=EDGE_CURVE('',#1913,#1787,#789,.T.);
#2409=EDGE_CURVE('',#1914,#1913,#790,.T.);
#2410=EDGE_CURVE('',#1788,#1914,#791,.T.);
#2411=EDGE_CURVE('',#1915,#1894,#792,.T.);
#2412=EDGE_CURVE('',#1915,#1902,#793,.T.);
#2413=EDGE_CURVE('',#1916,#1896,#794,.T.);
#2414=EDGE_CURVE('',#1917,#1916,#795,.T.);
#2415=EDGE_CURVE('',#1897,#1917,#796,.T.);
#2416=EDGE_CURVE('',#1782,#1918,#797,.T.);
#2417=EDGE_CURVE('',#1919,#1781,#798,.T.);
#2418=EDGE_CURVE('',#1919,#1918,#799,.T.);
#2419=EDGE_CURVE('',#1920,#1806,#800,.T.);
#2420=EDGE_CURVE('',#1921,#1920,#801,.T.);
#2421=EDGE_CURVE('',#1807,#1921,#802,.T.);
#2422=EDGE_CURVE('',#1809,#1922,#803,.T.);
#2423=EDGE_CURVE('',#1923,#1808,#804,.T.);
#2424=EDGE_CURVE('',#1923,#1922,#805,.T.);
#2425=EDGE_CURVE('',#1825,#1924,#806,.T.);
#2426=EDGE_CURVE('',#1925,#1824,#807,.T.);
#2427=EDGE_CURVE('',#1925,#1924,#808,.T.);
#2428=EDGE_CURVE('',#1926,#1822,#809,.T.);
#2429=EDGE_CURVE('',#1927,#1926,#810,.T.);
#2430=EDGE_CURVE('',#1823,#1927,#811,.T.);
#2431=EDGE_CURVE('',#1833,#1761,#812,.T.);
#2432=EDGE_CURVE('',#1762,#1832,#813,.T.);
#2433=EDGE_CURVE('',#1764,#1830,#814,.T.);
#2434=EDGE_CURVE('',#1831,#1763,#815,.T.);
#2435=EDGE_CURVE('',#1817,#1928,#816,.T.);
#2436=EDGE_CURVE('',#1929,#1816,#817,.T.);
#2437=EDGE_CURVE('',#1929,#1928,#818,.T.);
#2438=EDGE_CURVE('',#1930,#1814,#819,.T.);
#2439=EDGE_CURVE('',#1931,#1930,#820,.T.);
#2440=EDGE_CURVE('',#1815,#1931,#821,.T.);
#2441=EDGE_CURVE('',#1800,#1932,#822,.T.);
#2442=EDGE_CURVE('',#1933,#1799,#823,.T.);
#2443=EDGE_CURVE('',#1933,#1932,#824,.T.);
#2444=EDGE_CURVE('',#1934,#1797,#825,.T.);
#2445=EDGE_CURVE('',#1935,#1934,#826,.T.);
#2446=EDGE_CURVE('',#1798,#1935,#827,.T.);
#2447=EDGE_CURVE('',#1936,#1901,#828,.T.);
#2448=EDGE_CURVE('',#1936,#1890,#829,.T.);
#2449=EDGE_CURVE('',#1937,#1903,#830,.T.);
#2450=EDGE_CURVE('',#1900,#1937,#831,.T.);
#2451=EDGE_CURVE('',#1938,#1939,#832,.T.);
#2452=EDGE_CURVE('',#1940,#1938,#833,.T.);
#2453=EDGE_CURVE('',#1941,#1940,#834,.T.);
#2454=EDGE_CURVE('',#1941,#1939,#835,.T.);
#2455=EDGE_CURVE('',#1942,#1891,#836,.T.);
#2456=EDGE_CURVE('',#1943,#1942,#837,.T.);
#2457=EDGE_CURVE('',#1943,#1892,#838,.T.);
#2458=EDGE_CURVE('',#1805,#1944,#839,.T.);
#2459=EDGE_CURVE('',#1945,#1804,#840,.T.);
#2460=EDGE_CURVE('',#1945,#1944,#841,.T.);
#2461=EDGE_CURVE('',#1946,#1802,#842,.T.);
#2462=EDGE_CURVE('',#1947,#1946,#843,.T.);
#2463=EDGE_CURVE('',#1803,#1947,#844,.T.);
#2464=EDGE_CURVE('',#1948,#1818,#845,.T.);
#2465=EDGE_CURVE('',#1949,#1948,#846,.T.);
#2466=EDGE_CURVE('',#1819,#1949,#847,.T.);
#2467=EDGE_CURVE('',#1821,#1950,#848,.T.);
#2468=EDGE_CURVE('',#1951,#1820,#849,.T.);
#2469=EDGE_CURVE('',#1951,#1950,#850,.T.);
#2470=EDGE_CURVE('',#1837,#1769,#851,.T.);
#2471=EDGE_CURVE('',#1770,#1836,#852,.T.);
#2472=EDGE_CURVE('',#1772,#1834,#853,.T.);
#2473=EDGE_CURVE('',#1835,#1771,#854,.T.);
#2474=EDGE_CURVE('',#1940,#1943,#855,.T.);
#2475=EDGE_CURVE('',#1863,#1938,#856,.T.);
#2476=EDGE_CURVE('',#1864,#1853,#857,.T.);
#2477=EDGE_CURVE('',#1952,#1836,#858,.T.);
#2478=EDGE_CURVE('',#1770,#1952,#859,.T.);
#2479=EDGE_CURVE('',#1835,#1832,#860,.T.);
#2480=EDGE_CURVE('',#1762,#1771,#861,.T.);
#2481=EDGE_CURVE('',#1953,#1755,#862,.T.);
#2482=EDGE_CURVE('',#1954,#1953,#863,.T.);
#2483=EDGE_CURVE('',#1893,#1954,#864,.T.);
#2484=EDGE_CURVE('',#1893,#1915,#865,.T.);
#2485=EDGE_CURVE('',#1900,#1894,#866,.T.);
#2486=EDGE_CURVE('',#1937,#1936,#867,.T.);
#2487=EDGE_CURVE('',#1943,#1901,#868,.T.);
#2488=EDGE_CURVE('',#1942,#1941,#869,.T.);
#2489=EDGE_CURVE('',#1897,#1940,#870,.T.);
#2490=EDGE_CURVE('',#1917,#1919,#871,.T.);
#2491=EDGE_CURVE('',#1788,#1781,#872,.T.);
#2492=EDGE_CURVE('',#1914,#1912,#873,.T.);
#2493=EDGE_CURVE('',#1798,#1789,#874,.T.);
#2494=EDGE_CURVE('',#1935,#1933,#875,.T.);
#2495=EDGE_CURVE('',#1803,#1799,#876,.T.);
#2496=EDGE_CURVE('',#1947,#1945,#877,.T.);
#2497=EDGE_CURVE('',#1807,#1804,#878,.T.);
#2498=EDGE_CURVE('',#1921,#1923,#879,.T.);
#2499=EDGE_CURVE('',#1811,#1808,#880,.T.);
#2500=EDGE_CURVE('',#1910,#1908,#881,.T.);
#2501=EDGE_CURVE('',#1815,#1812,#882,.T.);
#2502=EDGE_CURVE('',#1931,#1929,#883,.T.);
#2503=EDGE_CURVE('',#1819,#1816,#884,.T.);
#2504=EDGE_CURVE('',#1949,#1951,#885,.T.);
#2505=EDGE_CURVE('',#1823,#1820,#886,.T.);
#2506=EDGE_CURVE('',#1927,#1925,#887,.T.);
#2507=EDGE_CURVE('',#1827,#1824,#888,.T.);
#2508=EDGE_CURVE('',#1831,#1828,#889,.T.);
#2509=EDGE_CURVE('',#1754,#1763,#890,.T.);
#2510=EDGE_CURVE('',#1955,#1768,#891,.T.);
#2511=EDGE_CURVE('',#1838,#1955,#892,.T.);
#2512=EDGE_CURVE('',#1667,#1664,#893,.T.);
#2513=EDGE_CURVE('',#1948,#1928,#894,.T.);
#2514=EDGE_CURVE('',#1644,#1640,#895,.T.);
#2515=EDGE_CURVE('',#1946,#1932,#896,.T.);
#2516=EDGE_CURVE('',#1635,#1632,#897,.T.);
#2517=EDGE_CURVE('',#1916,#1939,#898,.T.);
#2518=EDGE_CURVE('',#1865,#1778,#899,.T.);
#2519=EDGE_CURVE('',#1956,#1760,#900,.T.);
#2520=EDGE_CURVE('',#1957,#1956,#901,.T.);
#2521=EDGE_CURVE('',#1957,#1765,#902,.T.);
#2522=EDGE_CURVE('',#1651,#1648,#903,.T.);
#2523=EDGE_CURVE('',#1926,#1950,#904,.T.);
#2524=EDGE_CURVE('',#1675,#1672,#905,.T.);
#2525=EDGE_CURVE('',#1920,#1944,#906,.T.);
#2526=EDGE_CURVE('',#1684,#1680,#907,.T.);
#2527=EDGE_CURVE('',#1934,#1911,#908,.T.);
#2528=EDGE_CURVE('',#1691,#1688,#909,.T.);
#2529=EDGE_CURVE('',#1913,#1918,#910,.T.);
#2530=EDGE_CURVE('',#1747,#1744,#911,.T.);
#2531=EDGE_CURVE('',#1930,#1907,#912,.T.);
#2532=EDGE_CURVE('',#1700,#1696,#913,.T.);
#2533=EDGE_CURVE('',#1909,#1922,#914,.T.);
#2534=EDGE_CURVE('',#1739,#1736,#915,.T.);
#2535=EDGE_CURVE('',#1958,#1752,#916,.T.);
#2536=EDGE_CURVE('',#1959,#1958,#917,.T.);
#2537=EDGE_CURVE('',#1959,#1757,#918,.T.);
#2538=EDGE_CURVE('',#1708,#1704,#919,.T.);
#2539=EDGE_CURVE('',#1842,#1959,#920,.T.);
#2540=EDGE_CURVE('',#1958,#1843,#921,.T.);
#2541=EDGE_CURVE('',#1960,#1961,#922,.T.);
#2542=EDGE_CURVE('',#1962,#1960,#923,.T.);
#2543=EDGE_CURVE('',#1963,#1962,#924,.T.);
#2544=EDGE_CURVE('',#1963,#1961,#925,.T.);
#2545=EDGE_CURVE('',#1961,#1964,#926,.T.);
#2546=EDGE_CURVE('',#1965,#1963,#927,.T.);
#2547=EDGE_CURVE('',#1965,#1964,#928,.T.);
#2548=EDGE_CURVE('',#1657,#1966,#929,.T.);
#2549=EDGE_CURVE('',#1967,#1792,#930,.T.);
#2550=EDGE_CURVE('',#1967,#1966,#931,.T.);
#2551=EDGE_CURVE('',#1966,#1968,#932,.T.);
#2552=EDGE_CURVE('',#1969,#1967,#933,.T.);
#2553=EDGE_CURVE('',#1969,#1968,#934,.T.);
#2554=EDGE_CURVE('',#1970,#1749,#935,.T.);
#2555=EDGE_CURVE('',#1791,#1970,#936,.T.);
#2556=EDGE_CURVE('',#1840,#1957,#937,.T.);
#2557=EDGE_CURVE('',#1956,#1841,#938,.T.);
#2558=EDGE_CURVE('',#1971,#1972,#939,.T.);
#2559=EDGE_CURVE('',#1973,#1971,#940,.T.);
#2560=EDGE_CURVE('',#1974,#1973,#941,.T.);
#2561=EDGE_CURVE('',#1974,#1972,#942,.T.);
#2562=EDGE_CURVE('',#1972,#1975,#943,.T.);
#2563=EDGE_CURVE('',#1976,#1974,#944,.T.);
#2564=EDGE_CURVE('',#1976,#1975,#945,.T.);
#2565=EDGE_CURVE('',#1977,#1971,#946,.T.);
#2566=EDGE_CURVE('',#1978,#1977,#947,.T.);
#2567=EDGE_CURVE('',#1973,#1978,#948,.T.);
#2568=EDGE_CURVE('',#1979,#1980,#949,.T.);
#2569=EDGE_CURVE('',#1981,#1979,#950,.T.);
#2570=EDGE_CURVE('',#1982,#1981,#951,.T.);
#2571=EDGE_CURVE('',#1982,#1980,#952,.T.);
#2572=EDGE_CURVE('',#1980,#1983,#953,.T.);
#2573=EDGE_CURVE('',#1984,#1982,#954,.T.);
#2574=EDGE_CURVE('',#1984,#1983,#955,.T.);
#2575=EDGE_CURVE('',#1985,#1979,#956,.T.);
#2576=EDGE_CURVE('',#1986,#1985,#957,.T.);
#2577=EDGE_CURVE('',#1981,#1986,#958,.T.);
#2578=EDGE_CURVE('',#1955,#1839,#959,.T.);
#2579=EDGE_CURVE('',#1987,#1924,#960,.T.);
#2580=EDGE_CURVE('',#1970,#1987,#961,.T.);
#2581=EDGE_CURVE('',#1732,#1728,#962,.T.);
#2582=EDGE_CURVE('',#1964,#1988,#963,.T.);
#2583=EDGE_CURVE('',#1844,#1988,#964,.T.);
#2584=EDGE_CURVE('',#1968,#1985,#965,.T.);
#2585=EDGE_CURVE('',#1983,#1977,#966,.T.);
#2586=EDGE_CURVE('',#1975,#1960,#967,.T.);
#2587=EDGE_CURVE('',#1955,#1957,#968,.T.);
#2588=EDGE_CURVE('',#1840,#1839,#969,.T.);
#2589=EDGE_CURVE('',#1989,#1792,#970,.T.);
#2590=EDGE_CURVE('',#1990,#1989,#971,.T.);
#2591=EDGE_CURVE('',#1991,#1990,#972,.T.);
#2592=EDGE_CURVE('',#1987,#1991,#973,.T.);
#2593=EDGE_CURVE('',#1987,#1969,#974,.T.);
#2594=EDGE_CURVE('',#1986,#1984,#975,.T.);
#2595=EDGE_CURVE('',#1978,#1976,#976,.T.);
#2596=EDGE_CURVE('',#1962,#1965,#977,.T.);
#2597=EDGE_CURVE('',#1956,#1959,#978,.T.);
#2598=EDGE_CURVE('',#1842,#1841,#979,.T.);
#2599=EDGE_CURVE('',#1791,#1843,#980,.T.);
#2600=EDGE_CURVE('',#1958,#1970,#981,.T.);
#2601=EDGE_CURVE('',#1992,#1993,#982,.T.);
#2602=EDGE_CURVE('',#1994,#1993,#983,.T.);
#2603=EDGE_CURVE('',#1994,#1995,#984,.T.);
#2604=EDGE_CURVE('',#1992,#1995,#985,.T.);
#2605=EDGE_CURVE('',#1996,#1997,#986,.T.);
#2606=EDGE_CURVE('',#1998,#1997,#987,.T.);
#2607=EDGE_CURVE('',#1999,#1998,#988,.T.);
#2608=EDGE_CURVE('',#1999,#1996,#989,.T.);
#2609=EDGE_CURVE('',#2000,#2001,#990,.T.);
#2610=EDGE_CURVE('',#2000,#2002,#991,.T.);
#2611=EDGE_CURVE('',#2002,#2003,#992,.T.);
#2612=EDGE_CURVE('',#2001,#2003,#993,.T.);
#2613=EDGE_CURVE('',#1999,#2004,#994,.T.);
#2614=EDGE_CURVE('',#2004,#2005,#995,.T.);
#2615=EDGE_CURVE('',#1996,#2005,#996,.T.);
#2616=EDGE_CURVE('',#2003,#2004,#997,.T.);
#2617=EDGE_CURVE('',#2005,#2002,#998,.T.);
#2618=EDGE_CURVE('',#2006,#2001,#999,.T.);
#2619=EDGE_CURVE('',#2007,#2006,#1000,.T.);
#2620=EDGE_CURVE('',#2007,#2000,#1001,.T.);
#2621=EDGE_CURVE('',#1988,#1898,#1002,.T.);
#2622=EDGE_CURVE('',#1993,#2007,#1003,.T.);
#2623=EDGE_CURVE('',#1997,#1992,#1004,.T.);
#2624=EDGE_CURVE('',#2006,#1994,#1005,.T.);
#2625=EDGE_CURVE('',#1954,#1904,#23,.F.);
#2626=EDGE_CURVE('',#2008,#1954,#24,.F.);
#2627=EDGE_CURVE('',#1904,#2008,#25,.F.);
#2628=EDGE_CURVE('',#1773,#1778,#26,.F.);
#2629=EDGE_CURVE('',#1780,#1773,#27,.F.);
#2630=EDGE_CURVE('',#1778,#1780,#28,.F.);
#2631=EDGE_CURVE('',#2009,#1991,#29,.F.);
#2632=EDGE_CURVE('',#1953,#2009,#30,.F.);
#2633=EDGE_CURVE('',#1991,#1953,#31,.F.);
#2634=EDGE_CURVE('',#2009,#2008,#1006,.T.);
#2635=EDGE_CURVE('',#1838,#1664,#32,.F.);
#2636=EDGE_CURVE('',#1952,#1838,#33,.F.);
#2637=EDGE_CURVE('',#1664,#1952,#34,.F.);
#2638=EDGE_CURVE('',#1775,#1989,#35,.T.);
#2639=EDGE_CURVE('',#1990,#2010,#36,.T.);
#2640=EDGE_CURVE('',#2010,#2009,#1007,.T.);
#2641=EDGE_CURVE('',#1906,#1774,#37,.T.);
#2642=EDGE_CURVE('',#2011,#1905,#38,.T.);
#2643=EDGE_CURVE('',#2008,#2011,#1008,.T.);
#2644=EDGE_CURVE('',#1995,#1998,#1009,.T.);
#2645=EDGE_CURVE('',#2011,#2010,#1010,.T.);
#2646=ORIENTED_EDGE('',*,*,#2012,.F.);
#2647=ORIENTED_EDGE('',*,*,#2013,.F.);
#2648=ORIENTED_EDGE('',*,*,#2014,.F.);
#2649=ORIENTED_EDGE('',*,*,#2015,.T.);
#2650=ORIENTED_EDGE('',*,*,#2016,.F.);
#2651=ORIENTED_EDGE('',*,*,#2017,.F.);
#2652=ORIENTED_EDGE('',*,*,#2018,.F.);
#2653=ORIENTED_EDGE('',*,*,#2019,.T.);
#2654=ORIENTED_EDGE('',*,*,#2020,.F.);
#2655=ORIENTED_EDGE('',*,*,#2021,.F.);
#2656=ORIENTED_EDGE('',*,*,#2022,.F.);
#2657=ORIENTED_EDGE('',*,*,#2023,.T.);
#2658=ORIENTED_EDGE('',*,*,#2024,.F.);
#2659=ORIENTED_EDGE('',*,*,#2025,.F.);
#2660=ORIENTED_EDGE('',*,*,#2026,.F.);
#2661=ORIENTED_EDGE('',*,*,#2021,.T.);
#2662=ORIENTED_EDGE('',*,*,#2027,.F.);
#2663=ORIENTED_EDGE('',*,*,#2028,.F.);
#2664=ORIENTED_EDGE('',*,*,#2029,.F.);
#2665=ORIENTED_EDGE('',*,*,#2025,.T.);
#2666=ORIENTED_EDGE('',*,*,#2030,.F.);
#2667=ORIENTED_EDGE('',*,*,#2031,.F.);
#2668=ORIENTED_EDGE('',*,*,#2032,.F.);
#2669=ORIENTED_EDGE('',*,*,#2033,.T.);
#2670=ORIENTED_EDGE('',*,*,#2034,.F.);
#2671=ORIENTED_EDGE('',*,*,#2035,.F.);
#2672=ORIENTED_EDGE('',*,*,#2036,.F.);
#2673=ORIENTED_EDGE('',*,*,#2037,.T.);
#2674=ORIENTED_EDGE('',*,*,#2038,.F.);
#2675=ORIENTED_EDGE('',*,*,#2037,.F.);
#2676=ORIENTED_EDGE('',*,*,#2039,.F.);
#2677=ORIENTED_EDGE('',*,*,#2031,.T.);
#2678=ORIENTED_EDGE('',*,*,#2040,.F.);
#2679=ORIENTED_EDGE('',*,*,#2041,.F.);
#2680=ORIENTED_EDGE('',*,*,#2042,.F.);
#2681=ORIENTED_EDGE('',*,*,#2043,.T.);
#2682=ORIENTED_EDGE('',*,*,#2044,.F.);
#2683=ORIENTED_EDGE('',*,*,#2043,.F.);
#2684=ORIENTED_EDGE('',*,*,#2045,.F.);
#2685=ORIENTED_EDGE('',*,*,#2046,.T.);
#2686=ORIENTED_EDGE('',*,*,#2047,.F.);
#2687=ORIENTED_EDGE('',*,*,#2048,.F.);
#2688=ORIENTED_EDGE('',*,*,#2049,.F.);
#2689=ORIENTED_EDGE('',*,*,#2050,.T.);
#2690=ORIENTED_EDGE('',*,*,#2051,.F.);
#2691=ORIENTED_EDGE('',*,*,#2050,.F.);
#2692=ORIENTED_EDGE('',*,*,#2052,.F.);
#2693=ORIENTED_EDGE('',*,*,#2053,.T.);
#2694=ORIENTED_EDGE('',*,*,#2054,.F.);
#2695=ORIENTED_EDGE('',*,*,#2055,.F.);
#2696=ORIENTED_EDGE('',*,*,#2056,.F.);
#2697=ORIENTED_EDGE('',*,*,#2057,.T.);
#2698=ORIENTED_EDGE('',*,*,#2058,.F.);
#2699=ORIENTED_EDGE('',*,*,#2057,.F.);
#2700=ORIENTED_EDGE('',*,*,#2059,.F.);
#2701=ORIENTED_EDGE('',*,*,#2048,.T.);
#2702=ORIENTED_EDGE('',*,*,#2060,.F.);
#2703=ORIENTED_EDGE('',*,*,#2061,.F.);
#2704=ORIENTED_EDGE('',*,*,#2062,.F.);
#2705=ORIENTED_EDGE('',*,*,#2063,.T.);
#2706=ORIENTED_EDGE('',*,*,#2064,.F.);
#2707=ORIENTED_EDGE('',*,*,#2065,.F.);
#2708=ORIENTED_EDGE('',*,*,#2066,.F.);
#2709=ORIENTED_EDGE('',*,*,#2067,.T.);
#2710=ORIENTED_EDGE('',*,*,#2068,.F.);
#2711=ORIENTED_EDGE('',*,*,#2067,.F.);
#2712=ORIENTED_EDGE('',*,*,#2069,.F.);
#2713=ORIENTED_EDGE('',*,*,#2061,.T.);
#2714=ORIENTED_EDGE('',*,*,#2070,.F.);
#2715=ORIENTED_EDGE('',*,*,#2071,.F.);
#2716=ORIENTED_EDGE('',*,*,#2072,.F.);
#2717=ORIENTED_EDGE('',*,*,#2073,.T.);
#2718=ORIENTED_EDGE('',*,*,#2074,.F.);
#2719=ORIENTED_EDGE('',*,*,#2075,.F.);
#2720=ORIENTED_EDGE('',*,*,#2076,.F.);
#2721=ORIENTED_EDGE('',*,*,#2071,.T.);
#2722=ORIENTED_EDGE('',*,*,#2077,.F.);
#2723=ORIENTED_EDGE('',*,*,#2078,.F.);
#2724=ORIENTED_EDGE('',*,*,#2079,.F.);
#2725=ORIENTED_EDGE('',*,*,#2075,.T.);
#2726=ORIENTED_EDGE('',*,*,#2080,.F.);
#2727=ORIENTED_EDGE('',*,*,#2081,.F.);
#2728=ORIENTED_EDGE('',*,*,#2082,.F.);
#2729=ORIENTED_EDGE('',*,*,#2083,.T.);
#2730=ORIENTED_EDGE('',*,*,#2084,.F.);
#2731=ORIENTED_EDGE('',*,*,#2085,.F.);
#2732=ORIENTED_EDGE('',*,*,#2086,.F.);
#2733=ORIENTED_EDGE('',*,*,#2087,.T.);
#2734=ORIENTED_EDGE('',*,*,#2088,.F.);
#2735=ORIENTED_EDGE('',*,*,#2089,.F.);
#2736=ORIENTED_EDGE('',*,*,#2090,.F.);
#2737=ORIENTED_EDGE('',*,*,#2091,.T.);
#2738=ORIENTED_EDGE('',*,*,#2092,.F.);
#2739=ORIENTED_EDGE('',*,*,#2093,.F.);
#2740=ORIENTED_EDGE('',*,*,#2094,.F.);
#2741=ORIENTED_EDGE('',*,*,#2089,.T.);
#2742=ORIENTED_EDGE('',*,*,#2095,.F.);
#2743=ORIENTED_EDGE('',*,*,#2096,.F.);
#2744=ORIENTED_EDGE('',*,*,#2097,.F.);
#2745=ORIENTED_EDGE('',*,*,#2093,.T.);
#2746=ORIENTED_EDGE('',*,*,#2098,.F.);
#2747=ORIENTED_EDGE('',*,*,#2099,.F.);
#2748=ORIENTED_EDGE('',*,*,#2100,.F.);
#2749=ORIENTED_EDGE('',*,*,#2101,.T.);
#2750=ORIENTED_EDGE('',*,*,#2102,.F.);
#2751=ORIENTED_EDGE('',*,*,#2103,.F.);
#2752=ORIENTED_EDGE('',*,*,#2104,.F.);
#2753=ORIENTED_EDGE('',*,*,#2099,.T.);
#2754=ORIENTED_EDGE('',*,*,#2105,.F.);
#2755=ORIENTED_EDGE('',*,*,#2106,.F.);
#2756=ORIENTED_EDGE('',*,*,#2107,.F.);
#2757=ORIENTED_EDGE('',*,*,#2103,.T.);
#2758=ORIENTED_EDGE('',*,*,#2108,.F.);
#2759=ORIENTED_EDGE('',*,*,#2109,.F.);
#2760=ORIENTED_EDGE('',*,*,#2110,.F.);
#2761=ORIENTED_EDGE('',*,*,#2111,.T.);
#2762=ORIENTED_EDGE('',*,*,#2112,.F.);
#2763=ORIENTED_EDGE('',*,*,#2111,.F.);
#2764=ORIENTED_EDGE('',*,*,#2113,.F.);
#2765=ORIENTED_EDGE('',*,*,#2114,.T.);
#2766=ORIENTED_EDGE('',*,*,#2115,.F.);
#2767=ORIENTED_EDGE('',*,*,#2114,.F.);
#2768=ORIENTED_EDGE('',*,*,#2116,.F.);
#2769=ORIENTED_EDGE('',*,*,#2117,.T.);
#2770=ORIENTED_EDGE('',*,*,#2118,.F.);
#2771=ORIENTED_EDGE('',*,*,#2119,.F.);
#2772=ORIENTED_EDGE('',*,*,#2120,.F.);
#2773=ORIENTED_EDGE('',*,*,#2121,.T.);
#2774=ORIENTED_EDGE('',*,*,#2122,.F.);
#2775=ORIENTED_EDGE('',*,*,#2121,.F.);
#2776=ORIENTED_EDGE('',*,*,#2123,.F.);
#2777=ORIENTED_EDGE('',*,*,#2124,.T.);
#2778=ORIENTED_EDGE('',*,*,#2125,.F.);
#2779=ORIENTED_EDGE('',*,*,#2124,.F.);
#2780=ORIENTED_EDGE('',*,*,#2126,.F.);
#2781=ORIENTED_EDGE('',*,*,#2127,.T.);
#2782=ORIENTED_EDGE('',*,*,#2128,.F.);
#2783=ORIENTED_EDGE('',*,*,#2129,.F.);
#2784=ORIENTED_EDGE('',*,*,#2130,.F.);
#2785=ORIENTED_EDGE('',*,*,#2131,.T.);
#2786=ORIENTED_EDGE('',*,*,#2132,.F.);
#2787=ORIENTED_EDGE('',*,*,#2133,.F.);
#2788=ORIENTED_EDGE('',*,*,#2134,.F.);
#2789=ORIENTED_EDGE('',*,*,#2129,.T.);
#2790=ORIENTED_EDGE('',*,*,#2135,.F.);
#2791=ORIENTED_EDGE('',*,*,#2136,.F.);
#2792=ORIENTED_EDGE('',*,*,#2137,.F.);
#2793=ORIENTED_EDGE('',*,*,#2133,.T.);
#2794=ORIENTED_EDGE('',*,*,#2138,.F.);
#2795=ORIENTED_EDGE('',*,*,#2139,.F.);
#2796=ORIENTED_EDGE('',*,*,#2140,.F.);
#2797=ORIENTED_EDGE('',*,*,#2141,.T.);
#2798=ORIENTED_EDGE('',*,*,#2142,.F.);
#2799=ORIENTED_EDGE('',*,*,#2143,.F.);
#2800=ORIENTED_EDGE('',*,*,#2144,.F.);
#2801=ORIENTED_EDGE('',*,*,#2145,.T.);
#2802=ORIENTED_EDGE('',*,*,#2146,.F.);
#2803=ORIENTED_EDGE('',*,*,#2145,.F.);
#2804=ORIENTED_EDGE('',*,*,#2147,.F.);
#2805=ORIENTED_EDGE('',*,*,#2139,.T.);
#2806=ORIENTED_EDGE('',*,*,#2148,.F.);
#2807=ORIENTED_EDGE('',*,*,#2149,.F.);
#2808=ORIENTED_EDGE('',*,*,#2150,.F.);
#2809=ORIENTED_EDGE('',*,*,#2151,.T.);
#2810=ORIENTED_EDGE('',*,*,#2152,.F.);
#2811=ORIENTED_EDGE('',*,*,#2153,.F.);
#2812=ORIENTED_EDGE('',*,*,#2154,.F.);
#2813=ORIENTED_EDGE('',*,*,#2155,.T.);
#2814=ORIENTED_EDGE('',*,*,#2156,.T.);
#2815=ORIENTED_EDGE('',*,*,#2157,.F.);
#2816=ORIENTED_EDGE('',*,*,#2046,.F.);
#2817=ORIENTED_EDGE('',*,*,#2158,.F.);
#2818=ORIENTED_EDGE('',*,*,#2041,.T.);
#2819=ORIENTED_EDGE('',*,*,#2159,.F.);
#2820=ORIENTED_EDGE('',*,*,#2160,.T.);
#2821=ORIENTED_EDGE('',*,*,#2161,.F.);
#2822=ORIENTED_EDGE('',*,*,#2162,.F.);
#2823=ORIENTED_EDGE('',*,*,#2163,.F.);
#2824=ORIENTED_EDGE('',*,*,#2164,.T.);
#2825=ORIENTED_EDGE('',*,*,#2165,.F.);
#2826=ORIENTED_EDGE('',*,*,#2166,.T.);
#2827=ORIENTED_EDGE('',*,*,#2167,.F.);
#2828=ORIENTED_EDGE('',*,*,#2117,.F.);
#2829=ORIENTED_EDGE('',*,*,#2168,.F.);
#2830=ORIENTED_EDGE('',*,*,#2109,.T.);
#2831=ORIENTED_EDGE('',*,*,#2169,.F.);
#2832=ORIENTED_EDGE('',*,*,#2170,.T.);
#2833=ORIENTED_EDGE('',*,*,#2171,.F.);
#2834=ORIENTED_EDGE('',*,*,#2172,.F.);
#2835=ORIENTED_EDGE('',*,*,#2173,.F.);
#2836=ORIENTED_EDGE('',*,*,#2174,.T.);
#2837=ORIENTED_EDGE('',*,*,#2175,.F.);
#2838=ORIENTED_EDGE('',*,*,#2176,.T.);
#2839=ORIENTED_EDGE('',*,*,#2177,.F.);
#2840=ORIENTED_EDGE('',*,*,#2127,.F.);
#2841=ORIENTED_EDGE('',*,*,#2178,.F.);
#2842=ORIENTED_EDGE('',*,*,#2119,.T.);
#2843=ORIENTED_EDGE('',*,*,#2179,.F.);
#2844=ORIENTED_EDGE('',*,*,#2180,.T.);
#2845=ORIENTED_EDGE('',*,*,#2181,.F.);
#2846=ORIENTED_EDGE('',*,*,#2182,.F.);
#2847=ORIENTED_EDGE('',*,*,#2183,.F.);
#2848=ORIENTED_EDGE('',*,*,#2184,.T.);
#2849=ORIENTED_EDGE('',*,*,#2185,.F.);
#2850=ORIENTED_EDGE('',*,*,#2154,.T.);
#2851=ORIENTED_EDGE('',*,*,#2186,.F.);
#2852=ORIENTED_EDGE('',*,*,#2187,.F.);
#2853=ORIENTED_EDGE('',*,*,#2086,.T.);
#2854=ORIENTED_EDGE('',*,*,#2188,.F.);
#2855=ORIENTED_EDGE('',*,*,#2150,.T.);
#2856=ORIENTED_EDGE('',*,*,#2189,.F.);
#2857=ORIENTED_EDGE('',*,*,#2018,.T.);
#2858=ORIENTED_EDGE('',*,*,#2190,.F.);
#2859=ORIENTED_EDGE('',*,*,#2082,.T.);
#2860=ORIENTED_EDGE('',*,*,#2191,.F.);
#2861=ORIENTED_EDGE('',*,*,#2014,.T.);
#2862=ORIENTED_EDGE('',*,*,#2192,.F.);
#2863=ORIENTED_EDGE('',*,*,#2193,.F.);
#2864=ORIENTED_EDGE('',*,*,#2194,.F.);
#2865=ORIENTED_EDGE('',*,*,#2045,.T.);
#2866=ORIENTED_EDGE('',*,*,#2042,.T.);
#2867=ORIENTED_EDGE('',*,*,#2195,.F.);
#2868=ORIENTED_EDGE('',*,*,#2116,.T.);
#2869=ORIENTED_EDGE('',*,*,#2113,.T.);
#2870=ORIENTED_EDGE('',*,*,#2110,.T.);
#2871=ORIENTED_EDGE('',*,*,#2196,.F.);
#2872=ORIENTED_EDGE('',*,*,#2126,.T.);
#2873=ORIENTED_EDGE('',*,*,#2123,.T.);
#2874=ORIENTED_EDGE('',*,*,#2120,.T.);
#2875=ORIENTED_EDGE('',*,*,#2197,.F.);
#2876=ORIENTED_EDGE('',*,*,#2049,.T.);
#2877=ORIENTED_EDGE('',*,*,#2059,.T.);
#2878=ORIENTED_EDGE('',*,*,#2056,.T.);
#2879=ORIENTED_EDGE('',*,*,#2198,.F.);
#2880=ORIENTED_EDGE('',*,*,#2032,.T.);
#2881=ORIENTED_EDGE('',*,*,#2039,.T.);
#2882=ORIENTED_EDGE('',*,*,#2036,.T.);
#2883=ORIENTED_EDGE('',*,*,#2199,.F.);
#2884=ORIENTED_EDGE('',*,*,#2100,.T.);
#2885=ORIENTED_EDGE('',*,*,#2104,.T.);
#2886=ORIENTED_EDGE('',*,*,#2107,.T.);
#2887=ORIENTED_EDGE('',*,*,#2200,.F.);
#2888=ORIENTED_EDGE('',*,*,#2130,.T.);
#2889=ORIENTED_EDGE('',*,*,#2134,.T.);
#2890=ORIENTED_EDGE('',*,*,#2137,.T.);
#2891=ORIENTED_EDGE('',*,*,#2201,.F.);
#2892=ORIENTED_EDGE('',*,*,#2062,.T.);
#2893=ORIENTED_EDGE('',*,*,#2069,.T.);
#2894=ORIENTED_EDGE('',*,*,#2066,.T.);
#2895=ORIENTED_EDGE('',*,*,#2202,.F.);
#2896=ORIENTED_EDGE('',*,*,#2022,.T.);
#2897=ORIENTED_EDGE('',*,*,#2026,.T.);
#2898=ORIENTED_EDGE('',*,*,#2029,.T.);
#2899=ORIENTED_EDGE('',*,*,#2203,.F.);
#2900=ORIENTED_EDGE('',*,*,#2090,.T.);
#2901=ORIENTED_EDGE('',*,*,#2094,.T.);
#2902=ORIENTED_EDGE('',*,*,#2097,.T.);
#2903=ORIENTED_EDGE('',*,*,#2204,.F.);
#2904=ORIENTED_EDGE('',*,*,#2140,.T.);
#2905=ORIENTED_EDGE('',*,*,#2147,.T.);
#2906=ORIENTED_EDGE('',*,*,#2144,.T.);
#2907=ORIENTED_EDGE('',*,*,#2205,.F.);
#2908=ORIENTED_EDGE('',*,*,#2072,.T.);
#2909=ORIENTED_EDGE('',*,*,#2076,.T.);
#2910=ORIENTED_EDGE('',*,*,#2079,.T.);
#2911=ORIENTED_EDGE('',*,*,#2206,.F.);
#2912=ORIENTED_EDGE('',*,*,#2152,.T.);
#2913=ORIENTED_EDGE('',*,*,#2207,.F.);
#2914=ORIENTED_EDGE('',*,*,#2208,.F.);
#2915=ORIENTED_EDGE('',*,*,#2209,.F.);
#2916=ORIENTED_EDGE('',*,*,#2210,.T.);
#2917=ORIENTED_EDGE('',*,*,#2211,.F.);
#2918=ORIENTED_EDGE('',*,*,#2212,.F.);
#2919=ORIENTED_EDGE('',*,*,#2213,.T.);
#2920=ORIENTED_EDGE('',*,*,#2214,.F.);
#2921=ORIENTED_EDGE('',*,*,#2084,.T.);
#2922=ORIENTED_EDGE('',*,*,#2215,.F.);
#2923=ORIENTED_EDGE('',*,*,#2216,.F.);
#2924=ORIENTED_EDGE('',*,*,#2217,.F.);
#2925=ORIENTED_EDGE('',*,*,#2218,.T.);
#2926=ORIENTED_EDGE('',*,*,#2219,.T.);
#2927=ORIENTED_EDGE('',*,*,#2148,.T.);
#2928=ORIENTED_EDGE('',*,*,#2220,.T.);
#2929=ORIENTED_EDGE('',*,*,#2221,.F.);
#2930=ORIENTED_EDGE('',*,*,#2222,.F.);
#2931=ORIENTED_EDGE('',*,*,#2223,.T.);
#2932=ORIENTED_EDGE('',*,*,#2224,.F.);
#2933=ORIENTED_EDGE('',*,*,#2157,.T.);
#2934=ORIENTED_EDGE('',*,*,#2225,.F.);
#2935=ORIENTED_EDGE('',*,*,#2226,.F.);
#2936=ORIENTED_EDGE('',*,*,#2227,.T.);
#2937=ORIENTED_EDGE('',*,*,#2016,.T.);
#2938=ORIENTED_EDGE('',*,*,#2228,.F.);
#2939=ORIENTED_EDGE('',*,*,#2229,.F.);
#2940=ORIENTED_EDGE('',*,*,#2230,.F.);
#2941=ORIENTED_EDGE('',*,*,#2231,.T.);
#2942=ORIENTED_EDGE('',*,*,#2232,.T.);
#2943=ORIENTED_EDGE('',*,*,#2080,.T.);
#2944=ORIENTED_EDGE('',*,*,#2233,.T.);
#2945=ORIENTED_EDGE('',*,*,#2234,.F.);
#2946=ORIENTED_EDGE('',*,*,#2235,.F.);
#2947=ORIENTED_EDGE('',*,*,#2236,.T.);
#2948=ORIENTED_EDGE('',*,*,#2237,.F.);
#2949=ORIENTED_EDGE('',*,*,#2238,.T.);
#2950=ORIENTED_EDGE('',*,*,#2012,.T.);
#2951=ORIENTED_EDGE('',*,*,#2239,.T.);
#2952=ORIENTED_EDGE('',*,*,#2240,.F.);
#2953=ORIENTED_EDGE('',*,*,#2241,.F.);
#2954=ORIENTED_EDGE('',*,*,#2242,.T.);
#2955=ORIENTED_EDGE('',*,*,#2243,.F.);
#2956=ORIENTED_EDGE('',*,*,#2077,.T.);
#2957=ORIENTED_EDGE('',*,*,#2074,.T.);
#2958=ORIENTED_EDGE('',*,*,#2070,.T.);
#2959=ORIENTED_EDGE('',*,*,#2244,.T.);
#2960=ORIENTED_EDGE('',*,*,#2245,.F.);
#2961=ORIENTED_EDGE('',*,*,#2246,.F.);
#2962=ORIENTED_EDGE('',*,*,#2247,.T.);
#2963=ORIENTED_EDGE('',*,*,#2248,.F.);
#2964=ORIENTED_EDGE('',*,*,#2142,.T.);
#2965=ORIENTED_EDGE('',*,*,#2146,.T.);
#2966=ORIENTED_EDGE('',*,*,#2138,.T.);
#2967=ORIENTED_EDGE('',*,*,#2249,.T.);
#2968=ORIENTED_EDGE('',*,*,#2250,.F.);
#2969=ORIENTED_EDGE('',*,*,#2251,.F.);
#2970=ORIENTED_EDGE('',*,*,#2252,.T.);
#2971=ORIENTED_EDGE('',*,*,#2253,.F.);
#2972=ORIENTED_EDGE('',*,*,#2095,.T.);
#2973=ORIENTED_EDGE('',*,*,#2092,.T.);
#2974=ORIENTED_EDGE('',*,*,#2088,.T.);
#2975=ORIENTED_EDGE('',*,*,#2254,.T.);
#2976=ORIENTED_EDGE('',*,*,#2255,.F.);
#2977=ORIENTED_EDGE('',*,*,#2256,.F.);
#2978=ORIENTED_EDGE('',*,*,#2257,.T.);
#2979=ORIENTED_EDGE('',*,*,#2258,.F.);
#2980=ORIENTED_EDGE('',*,*,#2027,.T.);
#2981=ORIENTED_EDGE('',*,*,#2024,.T.);
#2982=ORIENTED_EDGE('',*,*,#2020,.T.);
#2983=ORIENTED_EDGE('',*,*,#2259,.T.);
#2984=ORIENTED_EDGE('',*,*,#2260,.F.);
#2985=ORIENTED_EDGE('',*,*,#2261,.F.);
#2986=ORIENTED_EDGE('',*,*,#2262,.T.);
#2987=ORIENTED_EDGE('',*,*,#2263,.F.);
#2988=ORIENTED_EDGE('',*,*,#2064,.T.);
#2989=ORIENTED_EDGE('',*,*,#2068,.T.);
#2990=ORIENTED_EDGE('',*,*,#2060,.T.);
#2991=ORIENTED_EDGE('',*,*,#2264,.T.);
#2992=ORIENTED_EDGE('',*,*,#2265,.F.);
#2993=ORIENTED_EDGE('',*,*,#2266,.F.);
#2994=ORIENTED_EDGE('',*,*,#2267,.T.);
#2995=ORIENTED_EDGE('',*,*,#2268,.F.);
#2996=ORIENTED_EDGE('',*,*,#2135,.T.);
#2997=ORIENTED_EDGE('',*,*,#2132,.T.);
#2998=ORIENTED_EDGE('',*,*,#2128,.T.);
#2999=ORIENTED_EDGE('',*,*,#2269,.T.);
#3000=ORIENTED_EDGE('',*,*,#2270,.F.);
#3001=ORIENTED_EDGE('',*,*,#2271,.F.);
#3002=ORIENTED_EDGE('',*,*,#2272,.T.);
#3003=ORIENTED_EDGE('',*,*,#2273,.F.);
#3004=ORIENTED_EDGE('',*,*,#2105,.T.);
#3005=ORIENTED_EDGE('',*,*,#2102,.T.);
#3006=ORIENTED_EDGE('',*,*,#2098,.T.);
#3007=ORIENTED_EDGE('',*,*,#2274,.T.);
#3008=ORIENTED_EDGE('',*,*,#2275,.F.);
#3009=ORIENTED_EDGE('',*,*,#2276,.F.);
#3010=ORIENTED_EDGE('',*,*,#2277,.T.);
#3011=ORIENTED_EDGE('',*,*,#2278,.F.);
#3012=ORIENTED_EDGE('',*,*,#2034,.T.);
#3013=ORIENTED_EDGE('',*,*,#2038,.T.);
#3014=ORIENTED_EDGE('',*,*,#2030,.T.);
#3015=ORIENTED_EDGE('',*,*,#2279,.T.);
#3016=ORIENTED_EDGE('',*,*,#2280,.F.);
#3017=ORIENTED_EDGE('',*,*,#2281,.F.);
#3018=ORIENTED_EDGE('',*,*,#2282,.T.);
#3019=ORIENTED_EDGE('',*,*,#2283,.F.);
#3020=ORIENTED_EDGE('',*,*,#2054,.T.);
#3021=ORIENTED_EDGE('',*,*,#2058,.T.);
#3022=ORIENTED_EDGE('',*,*,#2047,.T.);
#3023=ORIENTED_EDGE('',*,*,#2051,.T.);
#3024=ORIENTED_EDGE('',*,*,#2284,.F.);
#3025=ORIENTED_EDGE('',*,*,#2285,.F.);
#3026=ORIENTED_EDGE('',*,*,#2286,.T.);
#3027=ORIENTED_EDGE('',*,*,#2179,.T.);
#3028=ORIENTED_EDGE('',*,*,#2118,.T.);
#3029=ORIENTED_EDGE('',*,*,#2122,.T.);
#3030=ORIENTED_EDGE('',*,*,#2125,.T.);
#3031=ORIENTED_EDGE('',*,*,#2177,.T.);
#3032=ORIENTED_EDGE('',*,*,#2287,.F.);
#3033=ORIENTED_EDGE('',*,*,#2288,.F.);
#3034=ORIENTED_EDGE('',*,*,#2289,.T.);
#3035=ORIENTED_EDGE('',*,*,#2169,.T.);
#3036=ORIENTED_EDGE('',*,*,#2108,.T.);
#3037=ORIENTED_EDGE('',*,*,#2112,.T.);
#3038=ORIENTED_EDGE('',*,*,#2115,.T.);
#3039=ORIENTED_EDGE('',*,*,#2167,.T.);
#3040=ORIENTED_EDGE('',*,*,#2290,.F.);
#3041=ORIENTED_EDGE('',*,*,#2291,.F.);
#3042=ORIENTED_EDGE('',*,*,#2292,.T.);
#3043=ORIENTED_EDGE('',*,*,#2159,.T.);
#3044=ORIENTED_EDGE('',*,*,#2040,.T.);
#3045=ORIENTED_EDGE('',*,*,#2044,.T.);
#3046=ORIENTED_EDGE('',*,*,#2293,.T.);
#3047=ORIENTED_EDGE('',*,*,#2294,.F.);
#3048=ORIENTED_EDGE('',*,*,#2295,.F.);
#3049=ORIENTED_EDGE('',*,*,#2296,.F.);
#3050=ORIENTED_EDGE('',*,*,#2297,.F.);
#3051=ORIENTED_EDGE('',*,*,#2298,.T.);
#3052=ORIENTED_EDGE('',*,*,#2299,.F.);
#3053=ORIENTED_EDGE('',*,*,#2300,.F.);
#3054=ORIENTED_EDGE('',*,*,#2301,.F.);
#3055=ORIENTED_EDGE('',*,*,#2302,.T.);
#3056=ORIENTED_EDGE('',*,*,#2303,.F.);
#3057=ORIENTED_EDGE('',*,*,#2304,.F.);
#3058=ORIENTED_EDGE('',*,*,#2305,.F.);
#3059=ORIENTED_EDGE('',*,*,#2306,.T.);
#3060=ORIENTED_EDGE('',*,*,#2307,.F.);
#3061=ORIENTED_EDGE('',*,*,#2298,.F.);
#3062=ORIENTED_EDGE('',*,*,#2308,.F.);
#3063=ORIENTED_EDGE('',*,*,#2309,.T.);
#3064=ORIENTED_EDGE('',*,*,#2310,.F.);
#3065=ORIENTED_EDGE('',*,*,#2309,.F.);
#3066=ORIENTED_EDGE('',*,*,#2311,.F.);
#3067=ORIENTED_EDGE('',*,*,#2296,.T.);
#3068=ORIENTED_EDGE('',*,*,#2312,.F.);
#3069=ORIENTED_EDGE('',*,*,#2313,.F.);
#3070=ORIENTED_EDGE('',*,*,#2314,.F.);
#3071=ORIENTED_EDGE('',*,*,#2208,.T.);
#3072=ORIENTED_EDGE('',*,*,#2315,.F.);
#3073=ORIENTED_EDGE('',*,*,#2316,.F.);
#3074=ORIENTED_EDGE('',*,*,#2317,.F.);
#3075=ORIENTED_EDGE('',*,*,#2313,.T.);
#3076=ORIENTED_EDGE('',*,*,#2318,.F.);
#3077=ORIENTED_EDGE('',*,*,#2319,.F.);
#3078=ORIENTED_EDGE('',*,*,#2320,.F.);
#3079=ORIENTED_EDGE('',*,*,#2321,.T.);
#3080=ORIENTED_EDGE('',*,*,#2322,.F.);
#3081=ORIENTED_EDGE('',*,*,#2323,.F.);
#3082=ORIENTED_EDGE('',*,*,#2324,.F.);
#3083=ORIENTED_EDGE('',*,*,#2325,.T.);
#3084=ORIENTED_EDGE('',*,*,#2326,.F.);
#3085=ORIENTED_EDGE('',*,*,#2327,.F.);
#3086=ORIENTED_EDGE('',*,*,#2328,.F.);
#3087=ORIENTED_EDGE('',*,*,#2329,.T.);
#3088=ORIENTED_EDGE('',*,*,#2330,.F.);
#3089=ORIENTED_EDGE('',*,*,#2231,.F.);
#3090=ORIENTED_EDGE('',*,*,#2331,.F.);
#3091=ORIENTED_EDGE('',*,*,#2332,.T.);
#3092=ORIENTED_EDGE('',*,*,#2333,.F.);
#3093=ORIENTED_EDGE('',*,*,#2332,.F.);
#3094=ORIENTED_EDGE('',*,*,#2334,.F.);
#3095=ORIENTED_EDGE('',*,*,#2335,.T.);
#3096=ORIENTED_EDGE('',*,*,#2336,.F.);
#3097=ORIENTED_EDGE('',*,*,#2335,.F.);
#3098=ORIENTED_EDGE('',*,*,#2337,.F.);
#3099=ORIENTED_EDGE('',*,*,#2229,.T.);
#3100=ORIENTED_EDGE('',*,*,#2338,.F.);
#3101=ORIENTED_EDGE('',*,*,#2218,.F.);
#3102=ORIENTED_EDGE('',*,*,#2339,.F.);
#3103=ORIENTED_EDGE('',*,*,#2340,.T.);
#3104=ORIENTED_EDGE('',*,*,#2341,.F.);
#3105=ORIENTED_EDGE('',*,*,#2340,.F.);
#3106=ORIENTED_EDGE('',*,*,#2342,.F.);
#3107=ORIENTED_EDGE('',*,*,#2343,.T.);
#3108=ORIENTED_EDGE('',*,*,#2344,.F.);
#3109=ORIENTED_EDGE('',*,*,#2343,.F.);
#3110=ORIENTED_EDGE('',*,*,#2345,.F.);
#3111=ORIENTED_EDGE('',*,*,#2216,.T.);
#3112=ORIENTED_EDGE('',*,*,#2346,.F.);
#3113=ORIENTED_EDGE('',*,*,#2347,.F.);
#3114=ORIENTED_EDGE('',*,*,#2348,.F.);
#3115=ORIENTED_EDGE('',*,*,#2349,.T.);
#3116=ORIENTED_EDGE('',*,*,#2350,.F.);
#3117=ORIENTED_EDGE('',*,*,#2349,.F.);
#3118=ORIENTED_EDGE('',*,*,#2351,.F.);
#3119=ORIENTED_EDGE('',*,*,#2352,.T.);
#3120=ORIENTED_EDGE('',*,*,#2353,.T.);
#3121=ORIENTED_EDGE('',*,*,#2354,.T.);
#3122=ORIENTED_EDGE('',*,*,#2355,.F.);
#3123=ORIENTED_EDGE('',*,*,#2356,.T.);
#3124=ORIENTED_EDGE('',*,*,#2357,.F.);
#3125=ORIENTED_EDGE('',*,*,#2306,.F.);
#3126=ORIENTED_EDGE('',*,*,#2358,.F.);
#3127=ORIENTED_EDGE('',*,*,#2300,.T.);
#3128=ORIENTED_EDGE('',*,*,#2322,.T.);
#3129=ORIENTED_EDGE('',*,*,#2359,.T.);
#3130=ORIENTED_EDGE('',*,*,#2346,.T.);
#3131=ORIENTED_EDGE('',*,*,#2350,.T.);
#3132=ORIENTED_EDGE('',*,*,#2360,.T.);
#3133=ORIENTED_EDGE('',*,*,#2361,.F.);
#3134=ORIENTED_EDGE('',*,*,#2362,.T.);
#3135=ORIENTED_EDGE('',*,*,#2363,.F.);
#3136=ORIENTED_EDGE('',*,*,#2364,.T.);
#3137=ORIENTED_EDGE('',*,*,#2365,.F.);
#3138=ORIENTED_EDGE('',*,*,#2366,.F.);
#3139=ORIENTED_EDGE('',*,*,#2211,.T.);
#3140=ORIENTED_EDGE('',*,*,#2307,.T.);
#3141=ORIENTED_EDGE('',*,*,#2310,.T.);
#3142=ORIENTED_EDGE('',*,*,#2295,.T.);
#3143=ORIENTED_EDGE('',*,*,#2367,.F.);
#3144=ORIENTED_EDGE('',*,*,#2368,.T.);
#3145=ORIENTED_EDGE('',*,*,#2315,.T.);
#3146=ORIENTED_EDGE('',*,*,#2312,.T.);
#3147=ORIENTED_EDGE('',*,*,#2207,.T.);
#3148=ORIENTED_EDGE('',*,*,#2155,.F.);
#3149=ORIENTED_EDGE('',*,*,#2369,.F.);
#3150=ORIENTED_EDGE('',*,*,#2149,.T.);
#3151=ORIENTED_EDGE('',*,*,#2219,.F.);
#3152=ORIENTED_EDGE('',*,*,#2338,.T.);
#3153=ORIENTED_EDGE('',*,*,#2341,.T.);
#3154=ORIENTED_EDGE('',*,*,#2344,.T.);
#3155=ORIENTED_EDGE('',*,*,#2215,.T.);
#3156=ORIENTED_EDGE('',*,*,#2087,.F.);
#3157=ORIENTED_EDGE('',*,*,#2370,.F.);
#3158=ORIENTED_EDGE('',*,*,#2081,.T.);
#3159=ORIENTED_EDGE('',*,*,#2232,.F.);
#3160=ORIENTED_EDGE('',*,*,#2330,.T.);
#3161=ORIENTED_EDGE('',*,*,#2333,.T.);
#3162=ORIENTED_EDGE('',*,*,#2336,.T.);
#3163=ORIENTED_EDGE('',*,*,#2228,.T.);
#3164=ORIENTED_EDGE('',*,*,#2019,.F.);
#3165=ORIENTED_EDGE('',*,*,#2371,.F.);
#3166=ORIENTED_EDGE('',*,*,#2013,.T.);
#3167=ORIENTED_EDGE('',*,*,#2238,.F.);
#3168=ORIENTED_EDGE('',*,*,#2299,.T.);
#3169=ORIENTED_EDGE('',*,*,#2372,.T.);
#3170=ORIENTED_EDGE('',*,*,#2326,.T.);
#3171=ORIENTED_EDGE('',*,*,#2373,.T.);
#3172=ORIENTED_EDGE('',*,*,#2374,.F.);
#3173=ORIENTED_EDGE('',*,*,#2375,.F.);
#3174=ORIENTED_EDGE('',*,*,#2376,.T.);
#3175=ORIENTED_EDGE('',*,*,#2353,.F.);
#3176=ORIENTED_EDGE('',*,*,#2363,.T.);
#3177=ORIENTED_EDGE('',*,*,#2377,.T.);
#3178=ORIENTED_EDGE('',*,*,#2378,.F.);
#3179=ORIENTED_EDGE('',*,*,#2379,.T.);
#3180=ORIENTED_EDGE('',*,*,#2373,.F.);
#3181=ORIENTED_EDGE('',*,*,#2329,.F.);
#3182=ORIENTED_EDGE('',*,*,#2380,.F.);
#3183=ORIENTED_EDGE('',*,*,#2323,.T.);
#3184=ORIENTED_EDGE('',*,*,#2305,.T.);
#3185=ORIENTED_EDGE('',*,*,#2381,.T.);
#3186=ORIENTED_EDGE('',*,*,#2301,.T.);
#3187=ORIENTED_EDGE('',*,*,#2382,.F.);
#3188=ORIENTED_EDGE('',*,*,#2328,.T.);
#3189=ORIENTED_EDGE('',*,*,#2383,.T.);
#3190=ORIENTED_EDGE('',*,*,#2324,.T.);
#3191=ORIENTED_EDGE('',*,*,#2384,.F.);
#3192=ORIENTED_EDGE('',*,*,#2348,.T.);
#3193=ORIENTED_EDGE('',*,*,#2385,.T.);
#3194=ORIENTED_EDGE('',*,*,#2386,.F.);
#3195=ORIENTED_EDGE('',*,*,#2387,.F.);
#3196=ORIENTED_EDGE('',*,*,#2388,.F.);
#3197=ORIENTED_EDGE('',*,*,#2389,.F.);
#3198=ORIENTED_EDGE('',*,*,#2311,.T.);
#3199=ORIENTED_EDGE('',*,*,#2308,.T.);
#3200=ORIENTED_EDGE('',*,*,#2390,.F.);
#3201=ORIENTED_EDGE('',*,*,#2337,.T.);
#3202=ORIENTED_EDGE('',*,*,#2334,.T.);
#3203=ORIENTED_EDGE('',*,*,#2331,.T.);
#3204=ORIENTED_EDGE('',*,*,#2391,.F.);
#3205=ORIENTED_EDGE('',*,*,#2345,.T.);
#3206=ORIENTED_EDGE('',*,*,#2342,.T.);
#3207=ORIENTED_EDGE('',*,*,#2339,.T.);
#3208=ORIENTED_EDGE('',*,*,#2392,.F.);
#3209=ORIENTED_EDGE('',*,*,#2314,.T.);
#3210=ORIENTED_EDGE('',*,*,#2317,.T.);
#3211=ORIENTED_EDGE('',*,*,#2393,.T.);
#3212=ORIENTED_EDGE('',*,*,#2320,.T.);
#3213=ORIENTED_EDGE('',*,*,#2394,.F.);
#3214=ORIENTED_EDGE('',*,*,#2395,.F.);
#3215=ORIENTED_EDGE('',*,*,#2272,.F.);
#3216=ORIENTED_EDGE('',*,*,#2396,.F.);
#3217=ORIENTED_EDGE('',*,*,#2162,.T.);
#3218=ORIENTED_EDGE('',*,*,#2397,.F.);
#3219=ORIENTED_EDGE('',*,*,#2164,.F.);
#3220=ORIENTED_EDGE('',*,*,#2398,.F.);
#3221=ORIENTED_EDGE('',*,*,#2270,.T.);
#3222=ORIENTED_EDGE('',*,*,#2399,.F.);
#3223=ORIENTED_EDGE('',*,*,#2252,.F.);
#3224=ORIENTED_EDGE('',*,*,#2400,.F.);
#3225=ORIENTED_EDGE('',*,*,#2401,.T.);
#3226=ORIENTED_EDGE('',*,*,#2402,.F.);
#3227=ORIENTED_EDGE('',*,*,#2403,.F.);
#3228=ORIENTED_EDGE('',*,*,#2404,.F.);
#3229=ORIENTED_EDGE('',*,*,#2250,.T.);
#3230=ORIENTED_EDGE('',*,*,#2405,.F.);
#3231=ORIENTED_EDGE('',*,*,#2223,.F.);
#3232=ORIENTED_EDGE('',*,*,#2406,.F.);
#3233=ORIENTED_EDGE('',*,*,#2407,.T.);
#3234=ORIENTED_EDGE('',*,*,#2408,.F.);
#3235=ORIENTED_EDGE('',*,*,#2409,.F.);
#3236=ORIENTED_EDGE('',*,*,#2410,.F.);
#3237=ORIENTED_EDGE('',*,*,#2221,.T.);
#3238=ORIENTED_EDGE('',*,*,#2377,.F.);
#3239=ORIENTED_EDGE('',*,*,#2362,.F.);
#3240=ORIENTED_EDGE('',*,*,#2411,.F.);
#3241=ORIENTED_EDGE('',*,*,#2412,.T.);
#3242=ORIENTED_EDGE('',*,*,#2413,.F.);
#3243=ORIENTED_EDGE('',*,*,#2414,.F.);
#3244=ORIENTED_EDGE('',*,*,#2415,.F.);
#3245=ORIENTED_EDGE('',*,*,#2365,.T.);
#3246=ORIENTED_EDGE('',*,*,#2416,.F.);
#3247=ORIENTED_EDGE('',*,*,#2213,.F.);
#3248=ORIENTED_EDGE('',*,*,#2417,.F.);
#3249=ORIENTED_EDGE('',*,*,#2418,.T.);
#3250=ORIENTED_EDGE('',*,*,#2419,.F.);
#3251=ORIENTED_EDGE('',*,*,#2420,.F.);
#3252=ORIENTED_EDGE('',*,*,#2421,.F.);
#3253=ORIENTED_EDGE('',*,*,#2245,.T.);
#3254=ORIENTED_EDGE('',*,*,#2422,.F.);
#3255=ORIENTED_EDGE('',*,*,#2247,.F.);
#3256=ORIENTED_EDGE('',*,*,#2423,.F.);
#3257=ORIENTED_EDGE('',*,*,#2424,.T.);
#3258=ORIENTED_EDGE('',*,*,#2425,.F.);
#3259=ORIENTED_EDGE('',*,*,#2267,.F.);
#3260=ORIENTED_EDGE('',*,*,#2426,.F.);
#3261=ORIENTED_EDGE('',*,*,#2427,.T.);
#3262=ORIENTED_EDGE('',*,*,#2428,.F.);
#3263=ORIENTED_EDGE('',*,*,#2429,.F.);
#3264=ORIENTED_EDGE('',*,*,#2430,.F.);
#3265=ORIENTED_EDGE('',*,*,#2265,.T.);
#3266=ORIENTED_EDGE('',*,*,#2431,.F.);
#3267=ORIENTED_EDGE('',*,*,#2277,.F.);
#3268=ORIENTED_EDGE('',*,*,#2432,.F.);
#3269=ORIENTED_EDGE('',*,*,#2172,.T.);
#3270=ORIENTED_EDGE('',*,*,#2433,.F.);
#3271=ORIENTED_EDGE('',*,*,#2174,.F.);
#3272=ORIENTED_EDGE('',*,*,#2434,.F.);
#3273=ORIENTED_EDGE('',*,*,#2275,.T.);
#3274=ORIENTED_EDGE('',*,*,#2435,.F.);
#3275=ORIENTED_EDGE('',*,*,#2257,.F.);
#3276=ORIENTED_EDGE('',*,*,#2436,.F.);
#3277=ORIENTED_EDGE('',*,*,#2437,.T.);
#3278=ORIENTED_EDGE('',*,*,#2438,.F.);
#3279=ORIENTED_EDGE('',*,*,#2439,.F.);
#3280=ORIENTED_EDGE('',*,*,#2440,.F.);
#3281=ORIENTED_EDGE('',*,*,#2255,.T.);
#3282=ORIENTED_EDGE('',*,*,#2441,.F.);
#3283=ORIENTED_EDGE('',*,*,#2236,.F.);
#3284=ORIENTED_EDGE('',*,*,#2442,.F.);
#3285=ORIENTED_EDGE('',*,*,#2443,.T.);
#3286=ORIENTED_EDGE('',*,*,#2444,.F.);
#3287=ORIENTED_EDGE('',*,*,#2445,.F.);
#3288=ORIENTED_EDGE('',*,*,#2446,.F.);
#3289=ORIENTED_EDGE('',*,*,#2234,.T.);
#3290=ORIENTED_EDGE('',*,*,#2354,.F.);
#3291=ORIENTED_EDGE('',*,*,#2376,.F.);
#3292=ORIENTED_EDGE('',*,*,#2447,.F.);
#3293=ORIENTED_EDGE('',*,*,#2448,.T.);
#3294=ORIENTED_EDGE('',*,*,#2379,.F.);
#3295=ORIENTED_EDGE('',*,*,#2449,.F.);
#3296=ORIENTED_EDGE('',*,*,#2450,.F.);
#3297=ORIENTED_EDGE('',*,*,#2374,.T.);
#3298=ORIENTED_EDGE('',*,*,#2451,.F.);
#3299=ORIENTED_EDGE('',*,*,#2452,.F.);
#3300=ORIENTED_EDGE('',*,*,#2453,.F.);
#3301=ORIENTED_EDGE('',*,*,#2454,.T.);
#3302=ORIENTED_EDGE('',*,*,#2356,.F.);
#3303=ORIENTED_EDGE('',*,*,#2455,.F.);
#3304=ORIENTED_EDGE('',*,*,#2456,.F.);
#3305=ORIENTED_EDGE('',*,*,#2457,.T.);
#3306=ORIENTED_EDGE('',*,*,#2458,.F.);
#3307=ORIENTED_EDGE('',*,*,#2242,.F.);
#3308=ORIENTED_EDGE('',*,*,#2459,.F.);
#3309=ORIENTED_EDGE('',*,*,#2460,.T.);
#3310=ORIENTED_EDGE('',*,*,#2461,.F.);
#3311=ORIENTED_EDGE('',*,*,#2462,.F.);
#3312=ORIENTED_EDGE('',*,*,#2463,.F.);
#3313=ORIENTED_EDGE('',*,*,#2240,.T.);
#3314=ORIENTED_EDGE('',*,*,#2464,.F.);
#3315=ORIENTED_EDGE('',*,*,#2465,.F.);
#3316=ORIENTED_EDGE('',*,*,#2466,.F.);
#3317=ORIENTED_EDGE('',*,*,#2260,.T.);
#3318=ORIENTED_EDGE('',*,*,#2467,.F.);
#3319=ORIENTED_EDGE('',*,*,#2262,.F.);
#3320=ORIENTED_EDGE('',*,*,#2468,.F.);
#3321=ORIENTED_EDGE('',*,*,#2469,.T.);
#3322=ORIENTED_EDGE('',*,*,#2470,.F.);
#3323=ORIENTED_EDGE('',*,*,#2282,.F.);
#3324=ORIENTED_EDGE('',*,*,#2471,.F.);
#3325=ORIENTED_EDGE('',*,*,#2182,.T.);
#3326=ORIENTED_EDGE('',*,*,#2472,.F.);
#3327=ORIENTED_EDGE('',*,*,#2184,.F.);
#3328=ORIENTED_EDGE('',*,*,#2473,.F.);
#3329=ORIENTED_EDGE('',*,*,#2280,.T.);
#3330=ORIENTED_EDGE('',*,*,#2357,.T.);
#3331=ORIENTED_EDGE('',*,*,#2457,.F.);
#3332=ORIENTED_EDGE('',*,*,#2474,.F.);
#3333=ORIENTED_EDGE('',*,*,#2452,.T.);
#3334=ORIENTED_EDGE('',*,*,#2475,.F.);
#3335=ORIENTED_EDGE('',*,*,#2318,.T.);
#3336=ORIENTED_EDGE('',*,*,#2476,.T.);
#3337=ORIENTED_EDGE('',*,*,#2303,.T.);
#3338=ORIENTED_EDGE('',*,*,#2471,.T.);
#3339=ORIENTED_EDGE('',*,*,#2477,.F.);
#3340=ORIENTED_EDGE('',*,*,#2478,.F.);
#3341=ORIENTED_EDGE('',*,*,#2432,.T.);
#3342=ORIENTED_EDGE('',*,*,#2479,.F.);
#3343=ORIENTED_EDGE('',*,*,#2473,.T.);
#3344=ORIENTED_EDGE('',*,*,#2480,.F.);
#3345=ORIENTED_EDGE('',*,*,#2398,.T.);
#3346=ORIENTED_EDGE('',*,*,#2481,.F.);
#3347=ORIENTED_EDGE('',*,*,#2482,.F.);
#3348=ORIENTED_EDGE('',*,*,#2483,.F.);
#3349=ORIENTED_EDGE('',*,*,#2484,.T.);
#3350=ORIENTED_EDGE('',*,*,#2411,.T.);
#3351=ORIENTED_EDGE('',*,*,#2485,.F.);
#3352=ORIENTED_EDGE('',*,*,#2450,.T.);
#3353=ORIENTED_EDGE('',*,*,#2486,.T.);
#3354=ORIENTED_EDGE('',*,*,#2447,.T.);
#3355=ORIENTED_EDGE('',*,*,#2487,.F.);
#3356=ORIENTED_EDGE('',*,*,#2456,.T.);
#3357=ORIENTED_EDGE('',*,*,#2488,.T.);
#3358=ORIENTED_EDGE('',*,*,#2453,.T.);
#3359=ORIENTED_EDGE('',*,*,#2489,.F.);
#3360=ORIENTED_EDGE('',*,*,#2415,.T.);
#3361=ORIENTED_EDGE('',*,*,#2490,.T.);
#3362=ORIENTED_EDGE('',*,*,#2417,.T.);
#3363=ORIENTED_EDGE('',*,*,#2491,.F.);
#3364=ORIENTED_EDGE('',*,*,#2410,.T.);
#3365=ORIENTED_EDGE('',*,*,#2492,.T.);
#3366=ORIENTED_EDGE('',*,*,#2406,.T.);
#3367=ORIENTED_EDGE('',*,*,#2493,.F.);
#3368=ORIENTED_EDGE('',*,*,#2446,.T.);
#3369=ORIENTED_EDGE('',*,*,#2494,.T.);
#3370=ORIENTED_EDGE('',*,*,#2442,.T.);
#3371=ORIENTED_EDGE('',*,*,#2495,.F.);
#3372=ORIENTED_EDGE('',*,*,#2463,.T.);
#3373=ORIENTED_EDGE('',*,*,#2496,.T.);
#3374=ORIENTED_EDGE('',*,*,#2459,.T.);
#3375=ORIENTED_EDGE('',*,*,#2497,.F.);
#3376=ORIENTED_EDGE('',*,*,#2421,.T.);
#3377=ORIENTED_EDGE('',*,*,#2498,.T.);
#3378=ORIENTED_EDGE('',*,*,#2423,.T.);
#3379=ORIENTED_EDGE('',*,*,#2499,.F.);
#3380=ORIENTED_EDGE('',*,*,#2404,.T.);
#3381=ORIENTED_EDGE('',*,*,#2500,.T.);
#3382=ORIENTED_EDGE('',*,*,#2400,.T.);
#3383=ORIENTED_EDGE('',*,*,#2501,.F.);
#3384=ORIENTED_EDGE('',*,*,#2440,.T.);
#3385=ORIENTED_EDGE('',*,*,#2502,.T.);
#3386=ORIENTED_EDGE('',*,*,#2436,.T.);
#3387=ORIENTED_EDGE('',*,*,#2503,.F.);
#3388=ORIENTED_EDGE('',*,*,#2466,.T.);
#3389=ORIENTED_EDGE('',*,*,#2504,.T.);
#3390=ORIENTED_EDGE('',*,*,#2468,.T.);
#3391=ORIENTED_EDGE('',*,*,#2505,.F.);
#3392=ORIENTED_EDGE('',*,*,#2430,.T.);
#3393=ORIENTED_EDGE('',*,*,#2506,.T.);
#3394=ORIENTED_EDGE('',*,*,#2426,.T.);
#3395=ORIENTED_EDGE('',*,*,#2507,.F.);
#3396=ORIENTED_EDGE('',*,*,#2396,.T.);
#3397=ORIENTED_EDGE('',*,*,#2508,.F.);
#3398=ORIENTED_EDGE('',*,*,#2434,.T.);
#3399=ORIENTED_EDGE('',*,*,#2509,.F.);
#3400=ORIENTED_EDGE('',*,*,#2283,.T.);
#3401=ORIENTED_EDGE('',*,*,#2470,.T.);
#3402=ORIENTED_EDGE('',*,*,#2181,.T.);
#3403=ORIENTED_EDGE('',*,*,#2510,.F.);
#3404=ORIENTED_EDGE('',*,*,#2511,.F.);
#3405=ORIENTED_EDGE('',*,*,#2284,.T.);
#3406=ORIENTED_EDGE('',*,*,#2053,.F.);
#3407=ORIENTED_EDGE('',*,*,#2512,.F.);
#3408=ORIENTED_EDGE('',*,*,#2055,.T.);
#3409=ORIENTED_EDGE('',*,*,#2258,.T.);
#3410=ORIENTED_EDGE('',*,*,#2435,.T.);
#3411=ORIENTED_EDGE('',*,*,#2513,.F.);
#3412=ORIENTED_EDGE('',*,*,#2464,.T.);
#3413=ORIENTED_EDGE('',*,*,#2259,.F.);
#3414=ORIENTED_EDGE('',*,*,#2023,.F.);
#3415=ORIENTED_EDGE('',*,*,#2514,.F.);
#3416=ORIENTED_EDGE('',*,*,#2028,.T.);
#3417=ORIENTED_EDGE('',*,*,#2237,.T.);
#3418=ORIENTED_EDGE('',*,*,#2441,.T.);
#3419=ORIENTED_EDGE('',*,*,#2515,.F.);
#3420=ORIENTED_EDGE('',*,*,#2461,.T.);
#3421=ORIENTED_EDGE('',*,*,#2239,.F.);
#3422=ORIENTED_EDGE('',*,*,#2015,.F.);
#3423=ORIENTED_EDGE('',*,*,#2516,.F.);
#3424=ORIENTED_EDGE('',*,*,#2017,.T.);
#3425=ORIENTED_EDGE('',*,*,#2451,.T.);
#3426=ORIENTED_EDGE('',*,*,#2517,.F.);
#3427=ORIENTED_EDGE('',*,*,#2413,.T.);
#3428=ORIENTED_EDGE('',*,*,#2364,.F.);
#3429=ORIENTED_EDGE('',*,*,#2210,.F.);
#3430=ORIENTED_EDGE('',*,*,#2518,.F.);
#3431=ORIENTED_EDGE('',*,*,#2319,.T.);
#3432=ORIENTED_EDGE('',*,*,#2475,.T.);
#3433=ORIENTED_EDGE('',*,*,#2278,.T.);
#3434=ORIENTED_EDGE('',*,*,#2431,.T.);
#3435=ORIENTED_EDGE('',*,*,#2171,.T.);
#3436=ORIENTED_EDGE('',*,*,#2519,.F.);
#3437=ORIENTED_EDGE('',*,*,#2520,.F.);
#3438=ORIENTED_EDGE('',*,*,#2521,.T.);
#3439=ORIENTED_EDGE('',*,*,#2185,.T.);
#3440=ORIENTED_EDGE('',*,*,#2472,.T.);
#3441=ORIENTED_EDGE('',*,*,#2279,.F.);
#3442=ORIENTED_EDGE('',*,*,#2033,.F.);
#3443=ORIENTED_EDGE('',*,*,#2522,.F.);
#3444=ORIENTED_EDGE('',*,*,#2035,.T.);
#3445=ORIENTED_EDGE('',*,*,#2263,.T.);
#3446=ORIENTED_EDGE('',*,*,#2467,.T.);
#3447=ORIENTED_EDGE('',*,*,#2523,.F.);
#3448=ORIENTED_EDGE('',*,*,#2428,.T.);
#3449=ORIENTED_EDGE('',*,*,#2264,.F.);
#3450=ORIENTED_EDGE('',*,*,#2063,.F.);
#3451=ORIENTED_EDGE('',*,*,#2524,.F.);
#3452=ORIENTED_EDGE('',*,*,#2065,.T.);
#3453=ORIENTED_EDGE('',*,*,#2243,.T.);
#3454=ORIENTED_EDGE('',*,*,#2458,.T.);
#3455=ORIENTED_EDGE('',*,*,#2525,.F.);
#3456=ORIENTED_EDGE('',*,*,#2419,.T.);
#3457=ORIENTED_EDGE('',*,*,#2244,.F.);
#3458=ORIENTED_EDGE('',*,*,#2073,.F.);
#3459=ORIENTED_EDGE('',*,*,#2526,.F.);
#3460=ORIENTED_EDGE('',*,*,#2078,.T.);
#3461=ORIENTED_EDGE('',*,*,#2224,.T.);
#3462=ORIENTED_EDGE('',*,*,#2405,.T.);
#3463=ORIENTED_EDGE('',*,*,#2527,.F.);
#3464=ORIENTED_EDGE('',*,*,#2444,.T.);
#3465=ORIENTED_EDGE('',*,*,#2233,.F.);
#3466=ORIENTED_EDGE('',*,*,#2083,.F.);
#3467=ORIENTED_EDGE('',*,*,#2528,.F.);
#3468=ORIENTED_EDGE('',*,*,#2085,.T.);
#3469=ORIENTED_EDGE('',*,*,#2214,.T.);
#3470=ORIENTED_EDGE('',*,*,#2416,.T.);
#3471=ORIENTED_EDGE('',*,*,#2529,.F.);
#3472=ORIENTED_EDGE('',*,*,#2408,.T.);
#3473=ORIENTED_EDGE('',*,*,#2220,.F.);
#3474=ORIENTED_EDGE('',*,*,#2151,.F.);
#3475=ORIENTED_EDGE('',*,*,#2530,.F.);
#3476=ORIENTED_EDGE('',*,*,#2153,.T.);
#3477=ORIENTED_EDGE('',*,*,#2253,.T.);
#3478=ORIENTED_EDGE('',*,*,#2399,.T.);
#3479=ORIENTED_EDGE('',*,*,#2531,.F.);
#3480=ORIENTED_EDGE('',*,*,#2438,.T.);
#3481=ORIENTED_EDGE('',*,*,#2254,.F.);
#3482=ORIENTED_EDGE('',*,*,#2091,.F.);
#3483=ORIENTED_EDGE('',*,*,#2532,.F.);
#3484=ORIENTED_EDGE('',*,*,#2096,.T.);
#3485=ORIENTED_EDGE('',*,*,#2248,.T.);
#3486=ORIENTED_EDGE('',*,*,#2422,.T.);
#3487=ORIENTED_EDGE('',*,*,#2533,.F.);
#3488=ORIENTED_EDGE('',*,*,#2402,.T.);
#3489=ORIENTED_EDGE('',*,*,#2249,.F.);
#3490=ORIENTED_EDGE('',*,*,#2141,.F.);
#3491=ORIENTED_EDGE('',*,*,#2534,.F.);
#3492=ORIENTED_EDGE('',*,*,#2143,.T.);
#3493=ORIENTED_EDGE('',*,*,#2273,.T.);
#3494=ORIENTED_EDGE('',*,*,#2395,.T.);
#3495=ORIENTED_EDGE('',*,*,#2161,.T.);
#3496=ORIENTED_EDGE('',*,*,#2535,.F.);
#3497=ORIENTED_EDGE('',*,*,#2536,.F.);
#3498=ORIENTED_EDGE('',*,*,#2537,.T.);
#3499=ORIENTED_EDGE('',*,*,#2175,.T.);
#3500=ORIENTED_EDGE('',*,*,#2433,.T.);
#3501=ORIENTED_EDGE('',*,*,#2274,.F.);
#3502=ORIENTED_EDGE('',*,*,#2101,.F.);
#3503=ORIENTED_EDGE('',*,*,#2538,.F.);
#3504=ORIENTED_EDGE('',*,*,#2106,.T.);
#3505=ORIENTED_EDGE('',*,*,#2166,.F.);
#3506=ORIENTED_EDGE('',*,*,#2537,.F.);
#3507=ORIENTED_EDGE('',*,*,#2539,.F.);
#3508=ORIENTED_EDGE('',*,*,#2290,.T.);
#3509=ORIENTED_EDGE('',*,*,#2160,.F.);
#3510=ORIENTED_EDGE('',*,*,#2292,.F.);
#3511=ORIENTED_EDGE('',*,*,#2540,.F.);
#3512=ORIENTED_EDGE('',*,*,#2535,.T.);
#3513=ORIENTED_EDGE('',*,*,#2541,.F.);
#3514=ORIENTED_EDGE('',*,*,#2542,.F.);
#3515=ORIENTED_EDGE('',*,*,#2543,.F.);
#3516=ORIENTED_EDGE('',*,*,#2544,.T.);
#3517=ORIENTED_EDGE('',*,*,#2545,.F.);
#3518=ORIENTED_EDGE('',*,*,#2544,.F.);
#3519=ORIENTED_EDGE('',*,*,#2546,.F.);
#3520=ORIENTED_EDGE('',*,*,#2547,.T.);
#3521=ORIENTED_EDGE('',*,*,#2548,.F.);
#3522=ORIENTED_EDGE('',*,*,#2227,.F.);
#3523=ORIENTED_EDGE('',*,*,#2549,.F.);
#3524=ORIENTED_EDGE('',*,*,#2550,.T.);
#3525=ORIENTED_EDGE('',*,*,#2551,.F.);
#3526=ORIENTED_EDGE('',*,*,#2550,.F.);
#3527=ORIENTED_EDGE('',*,*,#2552,.F.);
#3528=ORIENTED_EDGE('',*,*,#2553,.T.);
#3529=ORIENTED_EDGE('',*,*,#2156,.F.);
#3530=ORIENTED_EDGE('',*,*,#2554,.F.);
#3531=ORIENTED_EDGE('',*,*,#2555,.F.);
#3532=ORIENTED_EDGE('',*,*,#2225,.T.);
#3533=ORIENTED_EDGE('',*,*,#2176,.F.);
#3534=ORIENTED_EDGE('',*,*,#2521,.F.);
#3535=ORIENTED_EDGE('',*,*,#2556,.F.);
#3536=ORIENTED_EDGE('',*,*,#2287,.T.);
#3537=ORIENTED_EDGE('',*,*,#2170,.F.);
#3538=ORIENTED_EDGE('',*,*,#2289,.F.);
#3539=ORIENTED_EDGE('',*,*,#2557,.F.);
#3540=ORIENTED_EDGE('',*,*,#2519,.T.);
#3541=ORIENTED_EDGE('',*,*,#2558,.F.);
#3542=ORIENTED_EDGE('',*,*,#2559,.F.);
#3543=ORIENTED_EDGE('',*,*,#2560,.F.);
#3544=ORIENTED_EDGE('',*,*,#2561,.T.);
#3545=ORIENTED_EDGE('',*,*,#2562,.F.);
#3546=ORIENTED_EDGE('',*,*,#2561,.F.);
#3547=ORIENTED_EDGE('',*,*,#2563,.F.);
#3548=ORIENTED_EDGE('',*,*,#2564,.T.);
#3549=ORIENTED_EDGE('',*,*,#2565,.F.);
#3550=ORIENTED_EDGE('',*,*,#2566,.F.);
#3551=ORIENTED_EDGE('',*,*,#2567,.F.);
#3552=ORIENTED_EDGE('',*,*,#2559,.T.);
#3553=ORIENTED_EDGE('',*,*,#2568,.F.);
#3554=ORIENTED_EDGE('',*,*,#2569,.F.);
#3555=ORIENTED_EDGE('',*,*,#2570,.F.);
#3556=ORIENTED_EDGE('',*,*,#2571,.T.);
#3557=ORIENTED_EDGE('',*,*,#2572,.F.);
#3558=ORIENTED_EDGE('',*,*,#2571,.F.);
#3559=ORIENTED_EDGE('',*,*,#2573,.F.);
#3560=ORIENTED_EDGE('',*,*,#2574,.T.);
#3561=ORIENTED_EDGE('',*,*,#2575,.F.);
#3562=ORIENTED_EDGE('',*,*,#2576,.F.);
#3563=ORIENTED_EDGE('',*,*,#2577,.F.);
#3564=ORIENTED_EDGE('',*,*,#2569,.T.);
#3565=ORIENTED_EDGE('',*,*,#2180,.F.);
#3566=ORIENTED_EDGE('',*,*,#2286,.F.);
#3567=ORIENTED_EDGE('',*,*,#2578,.F.);
#3568=ORIENTED_EDGE('',*,*,#2510,.T.);
#3569=ORIENTED_EDGE('',*,*,#2268,.T.);
#3570=ORIENTED_EDGE('',*,*,#2425,.T.);
#3571=ORIENTED_EDGE('',*,*,#2579,.F.);
#3572=ORIENTED_EDGE('',*,*,#2580,.F.);
#3573=ORIENTED_EDGE('',*,*,#2554,.T.);
#3574=ORIENTED_EDGE('',*,*,#2165,.T.);
#3575=ORIENTED_EDGE('',*,*,#2397,.T.);
#3576=ORIENTED_EDGE('',*,*,#2269,.F.);
#3577=ORIENTED_EDGE('',*,*,#2131,.F.);
#3578=ORIENTED_EDGE('',*,*,#2581,.F.);
#3579=ORIENTED_EDGE('',*,*,#2136,.T.);
#3580=ORIENTED_EDGE('',*,*,#2541,.T.);
#3581=ORIENTED_EDGE('',*,*,#2545,.T.);
#3582=ORIENTED_EDGE('',*,*,#2582,.T.);
#3583=ORIENTED_EDGE('',*,*,#2583,.F.);
#3584=ORIENTED_EDGE('',*,*,#2293,.F.);
#3585=ORIENTED_EDGE('',*,*,#2548,.T.);
#3586=ORIENTED_EDGE('',*,*,#2551,.T.);
#3587=ORIENTED_EDGE('',*,*,#2584,.T.);
#3588=ORIENTED_EDGE('',*,*,#2575,.T.);
#3589=ORIENTED_EDGE('',*,*,#2568,.T.);
#3590=ORIENTED_EDGE('',*,*,#2572,.T.);
#3591=ORIENTED_EDGE('',*,*,#2585,.T.);
#3592=ORIENTED_EDGE('',*,*,#2565,.T.);
#3593=ORIENTED_EDGE('',*,*,#2558,.T.);
#3594=ORIENTED_EDGE('',*,*,#2562,.T.);
#3595=ORIENTED_EDGE('',*,*,#2586,.T.);
#3596=ORIENTED_EDGE('',*,*,#2556,.T.);
#3597=ORIENTED_EDGE('',*,*,#2587,.F.);
#3598=ORIENTED_EDGE('',*,*,#2578,.T.);
#3599=ORIENTED_EDGE('',*,*,#2588,.F.);
#3600=ORIENTED_EDGE('',*,*,#2549,.T.);
#3601=ORIENTED_EDGE('',*,*,#2589,.F.);
#3602=ORIENTED_EDGE('',*,*,#2590,.F.);
#3603=ORIENTED_EDGE('',*,*,#2591,.F.);
#3604=ORIENTED_EDGE('',*,*,#2592,.F.);
#3605=ORIENTED_EDGE('',*,*,#2593,.T.);
#3606=ORIENTED_EDGE('',*,*,#2552,.T.);
#3607=ORIENTED_EDGE('',*,*,#2577,.T.);
#3608=ORIENTED_EDGE('',*,*,#2594,.T.);
#3609=ORIENTED_EDGE('',*,*,#2573,.T.);
#3610=ORIENTED_EDGE('',*,*,#2570,.T.);
#3611=ORIENTED_EDGE('',*,*,#2567,.T.);
#3612=ORIENTED_EDGE('',*,*,#2595,.T.);
#3613=ORIENTED_EDGE('',*,*,#2563,.T.);
#3614=ORIENTED_EDGE('',*,*,#2560,.T.);
#3615=ORIENTED_EDGE('',*,*,#2546,.T.);
#3616=ORIENTED_EDGE('',*,*,#2543,.T.);
#3617=ORIENTED_EDGE('',*,*,#2596,.T.);
#3618=ORIENTED_EDGE('',*,*,#2539,.T.);
#3619=ORIENTED_EDGE('',*,*,#2597,.F.);
#3620=ORIENTED_EDGE('',*,*,#2557,.T.);
#3621=ORIENTED_EDGE('',*,*,#2598,.F.);
#3622=ORIENTED_EDGE('',*,*,#2540,.T.);
#3623=ORIENTED_EDGE('',*,*,#2599,.F.);
#3624=ORIENTED_EDGE('',*,*,#2555,.T.);
#3625=ORIENTED_EDGE('',*,*,#2600,.F.);
#3626=ORIENTED_EDGE('',*,*,#2601,.T.);
#3627=ORIENTED_EDGE('',*,*,#2602,.F.);
#3628=ORIENTED_EDGE('',*,*,#2603,.T.);
#3629=ORIENTED_EDGE('',*,*,#2604,.F.);
#3630=ORIENTED_EDGE('',*,*,#2605,.T.);
#3631=ORIENTED_EDGE('',*,*,#2606,.F.);
#3632=ORIENTED_EDGE('',*,*,#2607,.F.);
#3633=ORIENTED_EDGE('',*,*,#2608,.T.);
#3634=ORIENTED_EDGE('',*,*,#2609,.F.);
#3635=ORIENTED_EDGE('',*,*,#2610,.T.);
#3636=ORIENTED_EDGE('',*,*,#2611,.T.);
#3637=ORIENTED_EDGE('',*,*,#2612,.F.);
#3638=ORIENTED_EDGE('',*,*,#2608,.F.);
#3639=ORIENTED_EDGE('',*,*,#2613,.T.);
#3640=ORIENTED_EDGE('',*,*,#2614,.T.);
#3641=ORIENTED_EDGE('',*,*,#2615,.F.);
#3642=ORIENTED_EDGE('',*,*,#2616,.F.);
#3643=ORIENTED_EDGE('',*,*,#2611,.F.);
#3644=ORIENTED_EDGE('',*,*,#2617,.F.);
#3645=ORIENTED_EDGE('',*,*,#2614,.F.);
#3646=ORIENTED_EDGE('',*,*,#2609,.T.);
#3647=ORIENTED_EDGE('',*,*,#2618,.F.);
#3648=ORIENTED_EDGE('',*,*,#2619,.F.);
#3649=ORIENTED_EDGE('',*,*,#2620,.T.);
#3650=ORIENTED_EDGE('',*,*,#2476,.F.);
#3651=ORIENTED_EDGE('',*,*,#2321,.F.);
#3652=ORIENTED_EDGE('',*,*,#2393,.F.);
#3653=ORIENTED_EDGE('',*,*,#2316,.T.);
#3654=ORIENTED_EDGE('',*,*,#2368,.F.);
#3655=ORIENTED_EDGE('',*,*,#2621,.F.);
#3656=ORIENTED_EDGE('',*,*,#2582,.F.);
#3657=ORIENTED_EDGE('',*,*,#2547,.F.);
#3658=ORIENTED_EDGE('',*,*,#2596,.F.);
#3659=ORIENTED_EDGE('',*,*,#2542,.T.);
#3660=ORIENTED_EDGE('',*,*,#2586,.F.);
#3661=ORIENTED_EDGE('',*,*,#2564,.F.);
#3662=ORIENTED_EDGE('',*,*,#2595,.F.);
#3663=ORIENTED_EDGE('',*,*,#2566,.T.);
#3664=ORIENTED_EDGE('',*,*,#2585,.F.);
#3665=ORIENTED_EDGE('',*,*,#2574,.F.);
#3666=ORIENTED_EDGE('',*,*,#2594,.F.);
#3667=ORIENTED_EDGE('',*,*,#2576,.T.);
#3668=ORIENTED_EDGE('',*,*,#2584,.F.);
#3669=ORIENTED_EDGE('',*,*,#2553,.F.);
#3670=ORIENTED_EDGE('',*,*,#2593,.F.);
#3671=ORIENTED_EDGE('',*,*,#2579,.T.);
#3672=ORIENTED_EDGE('',*,*,#2427,.F.);
#3673=ORIENTED_EDGE('',*,*,#2506,.F.);
#3674=ORIENTED_EDGE('',*,*,#2429,.T.);
#3675=ORIENTED_EDGE('',*,*,#2523,.T.);
#3676=ORIENTED_EDGE('',*,*,#2469,.F.);
#3677=ORIENTED_EDGE('',*,*,#2504,.F.);
#3678=ORIENTED_EDGE('',*,*,#2465,.T.);
#3679=ORIENTED_EDGE('',*,*,#2513,.T.);
#3680=ORIENTED_EDGE('',*,*,#2437,.F.);
#3681=ORIENTED_EDGE('',*,*,#2502,.F.);
#3682=ORIENTED_EDGE('',*,*,#2439,.T.);
#3683=ORIENTED_EDGE('',*,*,#2531,.T.);
#3684=ORIENTED_EDGE('',*,*,#2401,.F.);
#3685=ORIENTED_EDGE('',*,*,#2500,.F.);
#3686=ORIENTED_EDGE('',*,*,#2403,.T.);
#3687=ORIENTED_EDGE('',*,*,#2533,.T.);
#3688=ORIENTED_EDGE('',*,*,#2424,.F.);
#3689=ORIENTED_EDGE('',*,*,#2498,.F.);
#3690=ORIENTED_EDGE('',*,*,#2420,.T.);
#3691=ORIENTED_EDGE('',*,*,#2525,.T.);
#3692=ORIENTED_EDGE('',*,*,#2460,.F.);
#3693=ORIENTED_EDGE('',*,*,#2496,.F.);
#3694=ORIENTED_EDGE('',*,*,#2462,.T.);
#3695=ORIENTED_EDGE('',*,*,#2515,.T.);
#3696=ORIENTED_EDGE('',*,*,#2443,.F.);
#3697=ORIENTED_EDGE('',*,*,#2494,.F.);
#3698=ORIENTED_EDGE('',*,*,#2445,.T.);
#3699=ORIENTED_EDGE('',*,*,#2527,.T.);
#3700=ORIENTED_EDGE('',*,*,#2407,.F.);
#3701=ORIENTED_EDGE('',*,*,#2492,.F.);
#3702=ORIENTED_EDGE('',*,*,#2409,.T.);
#3703=ORIENTED_EDGE('',*,*,#2529,.T.);
#3704=ORIENTED_EDGE('',*,*,#2418,.F.);
#3705=ORIENTED_EDGE('',*,*,#2490,.F.);
#3706=ORIENTED_EDGE('',*,*,#2414,.T.);
#3707=ORIENTED_EDGE('',*,*,#2517,.T.);
#3708=ORIENTED_EDGE('',*,*,#2454,.F.);
#3709=ORIENTED_EDGE('',*,*,#2488,.F.);
#3710=ORIENTED_EDGE('',*,*,#2455,.T.);
#3711=ORIENTED_EDGE('',*,*,#2355,.T.);
#3712=ORIENTED_EDGE('',*,*,#2448,.F.);
#3713=ORIENTED_EDGE('',*,*,#2486,.F.);
#3714=ORIENTED_EDGE('',*,*,#2449,.T.);
#3715=ORIENTED_EDGE('',*,*,#2378,.T.);
#3716=ORIENTED_EDGE('',*,*,#2412,.F.);
#3717=ORIENTED_EDGE('',*,*,#2484,.F.);
#3718=ORIENTED_EDGE('',*,*,#2360,.F.);
#3719=ORIENTED_EDGE('',*,*,#2352,.F.);
#3720=ORIENTED_EDGE('',*,*,#2385,.F.);
#3721=ORIENTED_EDGE('',*,*,#2347,.T.);
#3722=ORIENTED_EDGE('',*,*,#2359,.F.);
#3723=ORIENTED_EDGE('',*,*,#2325,.F.);
#3724=ORIENTED_EDGE('',*,*,#2383,.F.);
#3725=ORIENTED_EDGE('',*,*,#2327,.T.);
#3726=ORIENTED_EDGE('',*,*,#2372,.F.);
#3727=ORIENTED_EDGE('',*,*,#2302,.F.);
#3728=ORIENTED_EDGE('',*,*,#2381,.F.);
#3729=ORIENTED_EDGE('',*,*,#2304,.T.);
#3730=ORIENTED_EDGE('',*,*,#2622,.F.);
#3731=ORIENTED_EDGE('',*,*,#2601,.F.);
#3732=ORIENTED_EDGE('',*,*,#2623,.F.);
#3733=ORIENTED_EDGE('',*,*,#2605,.F.);
#3734=ORIENTED_EDGE('',*,*,#2615,.T.);
#3735=ORIENTED_EDGE('',*,*,#2617,.T.);
#3736=ORIENTED_EDGE('',*,*,#2610,.F.);
#3737=ORIENTED_EDGE('',*,*,#2620,.F.);
#3738=ORIENTED_EDGE('',*,*,#2622,.T.);
#3739=ORIENTED_EDGE('',*,*,#2619,.T.);
#3740=ORIENTED_EDGE('',*,*,#2624,.T.);
#3741=ORIENTED_EDGE('',*,*,#2602,.T.);
#3742=ORIENTED_EDGE('',*,*,#2625,.F.);
#3743=ORIENTED_EDGE('',*,*,#2626,.F.);
#3744=ORIENTED_EDGE('',*,*,#2627,.F.);
#3745=ORIENTED_EDGE('',*,*,#2628,.F.);
#3746=ORIENTED_EDGE('',*,*,#2629,.F.);
#3747=ORIENTED_EDGE('',*,*,#2630,.F.);
#3748=ORIENTED_EDGE('',*,*,#2631,.F.);
#3749=ORIENTED_EDGE('',*,*,#2632,.F.);
#3750=ORIENTED_EDGE('',*,*,#2633,.F.);
#3751=ORIENTED_EDGE('',*,*,#2626,.T.);
#3752=ORIENTED_EDGE('',*,*,#2482,.T.);
#3753=ORIENTED_EDGE('',*,*,#2632,.T.);
#3754=ORIENTED_EDGE('',*,*,#2634,.T.);
#3755=ORIENTED_EDGE('',*,*,#2635,.F.);
#3756=ORIENTED_EDGE('',*,*,#2636,.F.);
#3757=ORIENTED_EDGE('',*,*,#2637,.F.);
#3758=ORIENTED_EDGE('',*,*,#2633,.T.);
#3759=ORIENTED_EDGE('',*,*,#2481,.T.);
#3760=ORIENTED_EDGE('',*,*,#2163,.T.);
#3761=ORIENTED_EDGE('',*,*,#2509,.T.);
#3762=ORIENTED_EDGE('',*,*,#2173,.T.);
#3763=ORIENTED_EDGE('',*,*,#2480,.T.);
#3764=ORIENTED_EDGE('',*,*,#2183,.T.);
#3765=ORIENTED_EDGE('',*,*,#2478,.T.);
#3766=ORIENTED_EDGE('',*,*,#2636,.T.);
#3767=ORIENTED_EDGE('',*,*,#2511,.T.);
#3768=ORIENTED_EDGE('',*,*,#2587,.T.);
#3769=ORIENTED_EDGE('',*,*,#2520,.T.);
#3770=ORIENTED_EDGE('',*,*,#2597,.T.);
#3771=ORIENTED_EDGE('',*,*,#2536,.T.);
#3772=ORIENTED_EDGE('',*,*,#2600,.T.);
#3773=ORIENTED_EDGE('',*,*,#2580,.T.);
#3774=ORIENTED_EDGE('',*,*,#2592,.T.);
#3775=ORIENTED_EDGE('',*,*,#2637,.T.);
#3776=ORIENTED_EDGE('',*,*,#2477,.T.);
#3777=ORIENTED_EDGE('',*,*,#2281,.T.);
#3778=ORIENTED_EDGE('',*,*,#2479,.T.);
#3779=ORIENTED_EDGE('',*,*,#2276,.T.);
#3780=ORIENTED_EDGE('',*,*,#2508,.T.);
#3781=ORIENTED_EDGE('',*,*,#2271,.T.);
#3782=ORIENTED_EDGE('',*,*,#2507,.T.);
#3783=ORIENTED_EDGE('',*,*,#2266,.T.);
#3784=ORIENTED_EDGE('',*,*,#2505,.T.);
#3785=ORIENTED_EDGE('',*,*,#2261,.T.);
#3786=ORIENTED_EDGE('',*,*,#2503,.T.);
#3787=ORIENTED_EDGE('',*,*,#2256,.T.);
#3788=ORIENTED_EDGE('',*,*,#2501,.T.);
#3789=ORIENTED_EDGE('',*,*,#2251,.T.);
#3790=ORIENTED_EDGE('',*,*,#2499,.T.);
#3791=ORIENTED_EDGE('',*,*,#2246,.T.);
#3792=ORIENTED_EDGE('',*,*,#2497,.T.);
#3793=ORIENTED_EDGE('',*,*,#2241,.T.);
#3794=ORIENTED_EDGE('',*,*,#2495,.T.);
#3795=ORIENTED_EDGE('',*,*,#2235,.T.);
#3796=ORIENTED_EDGE('',*,*,#2493,.T.);
#3797=ORIENTED_EDGE('',*,*,#2222,.T.);
#3798=ORIENTED_EDGE('',*,*,#2491,.T.);
#3799=ORIENTED_EDGE('',*,*,#2212,.T.);
#3800=ORIENTED_EDGE('',*,*,#2629,.T.);
#3801=ORIENTED_EDGE('',*,*,#2186,.T.);
#3802=ORIENTED_EDGE('',*,*,#2530,.T.);
#3803=ORIENTED_EDGE('',*,*,#2188,.T.);
#3804=ORIENTED_EDGE('',*,*,#2528,.T.);
#3805=ORIENTED_EDGE('',*,*,#2190,.T.);
#3806=ORIENTED_EDGE('',*,*,#2516,.T.);
#3807=ORIENTED_EDGE('',*,*,#2206,.T.);
#3808=ORIENTED_EDGE('',*,*,#2526,.T.);
#3809=ORIENTED_EDGE('',*,*,#2205,.T.);
#3810=ORIENTED_EDGE('',*,*,#2534,.T.);
#3811=ORIENTED_EDGE('',*,*,#2204,.T.);
#3812=ORIENTED_EDGE('',*,*,#2532,.T.);
#3813=ORIENTED_EDGE('',*,*,#2203,.T.);
#3814=ORIENTED_EDGE('',*,*,#2514,.T.);
#3815=ORIENTED_EDGE('',*,*,#2202,.T.);
#3816=ORIENTED_EDGE('',*,*,#2524,.T.);
#3817=ORIENTED_EDGE('',*,*,#2201,.T.);
#3818=ORIENTED_EDGE('',*,*,#2581,.T.);
#3819=ORIENTED_EDGE('',*,*,#2200,.T.);
#3820=ORIENTED_EDGE('',*,*,#2538,.T.);
#3821=ORIENTED_EDGE('',*,*,#2199,.T.);
#3822=ORIENTED_EDGE('',*,*,#2522,.T.);
#3823=ORIENTED_EDGE('',*,*,#2198,.T.);
#3824=ORIENTED_EDGE('',*,*,#2512,.T.);
#3825=ORIENTED_EDGE('',*,*,#2638,.T.);
#3826=ORIENTED_EDGE('',*,*,#2589,.T.);
#3827=ORIENTED_EDGE('',*,*,#2226,.T.);
#3828=ORIENTED_EDGE('',*,*,#2599,.T.);
#3829=ORIENTED_EDGE('',*,*,#2291,.T.);
#3830=ORIENTED_EDGE('',*,*,#2598,.T.);
#3831=ORIENTED_EDGE('',*,*,#2288,.T.);
#3832=ORIENTED_EDGE('',*,*,#2588,.T.);
#3833=ORIENTED_EDGE('',*,*,#2285,.T.);
#3834=ORIENTED_EDGE('',*,*,#2635,.T.);
#3835=ORIENTED_EDGE('',*,*,#2052,.T.);
#3836=ORIENTED_EDGE('',*,*,#2197,.T.);
#3837=ORIENTED_EDGE('',*,*,#2178,.T.);
#3838=ORIENTED_EDGE('',*,*,#2196,.T.);
#3839=ORIENTED_EDGE('',*,*,#2168,.T.);
#3840=ORIENTED_EDGE('',*,*,#2195,.T.);
#3841=ORIENTED_EDGE('',*,*,#2158,.T.);
#3842=ORIENTED_EDGE('',*,*,#2194,.T.);
#3843=ORIENTED_EDGE('',*,*,#2639,.T.);
#3844=ORIENTED_EDGE('',*,*,#2640,.T.);
#3845=ORIENTED_EDGE('',*,*,#2631,.T.);
#3846=ORIENTED_EDGE('',*,*,#2591,.T.);
#3847=ORIENTED_EDGE('',*,*,#2630,.T.);
#3848=ORIENTED_EDGE('',*,*,#2366,.T.);
#3849=ORIENTED_EDGE('',*,*,#2489,.T.);
#3850=ORIENTED_EDGE('',*,*,#2474,.T.);
#3851=ORIENTED_EDGE('',*,*,#2487,.T.);
#3852=ORIENTED_EDGE('',*,*,#2375,.T.);
#3853=ORIENTED_EDGE('',*,*,#2485,.T.);
#3854=ORIENTED_EDGE('',*,*,#2361,.T.);
#3855=ORIENTED_EDGE('',*,*,#2483,.T.);
#3856=ORIENTED_EDGE('',*,*,#2625,.T.);
#3857=ORIENTED_EDGE('',*,*,#2386,.T.);
#3858=ORIENTED_EDGE('',*,*,#2351,.T.);
#3859=ORIENTED_EDGE('',*,*,#2384,.T.);
#3860=ORIENTED_EDGE('',*,*,#2380,.T.);
#3861=ORIENTED_EDGE('',*,*,#2382,.T.);
#3862=ORIENTED_EDGE('',*,*,#2358,.T.);
#3863=ORIENTED_EDGE('',*,*,#2394,.T.);
#3864=ORIENTED_EDGE('',*,*,#2518,.T.);
#3865=ORIENTED_EDGE('',*,*,#2641,.T.);
#3866=ORIENTED_EDGE('',*,*,#2192,.T.);
#3867=ORIENTED_EDGE('',*,*,#2371,.T.);
#3868=ORIENTED_EDGE('',*,*,#2191,.T.);
#3869=ORIENTED_EDGE('',*,*,#2370,.T.);
#3870=ORIENTED_EDGE('',*,*,#2189,.T.);
#3871=ORIENTED_EDGE('',*,*,#2369,.T.);
#3872=ORIENTED_EDGE('',*,*,#2187,.T.);
#3873=ORIENTED_EDGE('',*,*,#2628,.T.);
#3874=ORIENTED_EDGE('',*,*,#2209,.T.);
#3875=ORIENTED_EDGE('',*,*,#2392,.T.);
#3876=ORIENTED_EDGE('',*,*,#2217,.T.);
#3877=ORIENTED_EDGE('',*,*,#2391,.T.);
#3878=ORIENTED_EDGE('',*,*,#2230,.T.);
#3879=ORIENTED_EDGE('',*,*,#2390,.T.);
#3880=ORIENTED_EDGE('',*,*,#2297,.T.);
#3881=ORIENTED_EDGE('',*,*,#2389,.T.);
#3882=ORIENTED_EDGE('',*,*,#2642,.T.);
#3883=ORIENTED_EDGE('',*,*,#2387,.T.);
#3884=ORIENTED_EDGE('',*,*,#2627,.T.);
#3885=ORIENTED_EDGE('',*,*,#2643,.T.);
#3886=ORIENTED_EDGE('',*,*,#2624,.F.);
#3887=ORIENTED_EDGE('',*,*,#2618,.T.);
#3888=ORIENTED_EDGE('',*,*,#2612,.T.);
#3889=ORIENTED_EDGE('',*,*,#2616,.T.);
#3890=ORIENTED_EDGE('',*,*,#2613,.F.);
#3891=ORIENTED_EDGE('',*,*,#2607,.T.);
#3892=ORIENTED_EDGE('',*,*,#2644,.F.);
#3893=ORIENTED_EDGE('',*,*,#2603,.F.);
#3894=ORIENTED_EDGE('',*,*,#2638,.F.);
#3895=ORIENTED_EDGE('',*,*,#2193,.T.);
#3896=ORIENTED_EDGE('',*,*,#2641,.F.);
#3897=ORIENTED_EDGE('',*,*,#2388,.T.);
#3898=ORIENTED_EDGE('',*,*,#2642,.F.);
#3899=ORIENTED_EDGE('',*,*,#2645,.T.);
#3900=ORIENTED_EDGE('',*,*,#2639,.F.);
#3901=ORIENTED_EDGE('',*,*,#2590,.T.);
#3902=ORIENTED_EDGE('',*,*,#2604,.T.);
#3903=ORIENTED_EDGE('',*,*,#2644,.T.);
#3904=ORIENTED_EDGE('',*,*,#2606,.T.);
#3905=ORIENTED_EDGE('',*,*,#2623,.T.);
#3906=ORIENTED_EDGE('',*,*,#2621,.T.);
#3907=ORIENTED_EDGE('',*,*,#2367,.T.);
#3908=ORIENTED_EDGE('',*,*,#2294,.T.);
#3909=ORIENTED_EDGE('',*,*,#2583,.T.);
#3910=ORIENTED_EDGE('',*,*,#2640,.F.);
#3911=ORIENTED_EDGE('',*,*,#2645,.F.);
#3912=ORIENTED_EDGE('',*,*,#2643,.F.);
#3913=ORIENTED_EDGE('',*,*,#2634,.F.);
#3914=PLANE('',#4256);
#3915=PLANE('',#4257);
#3916=PLANE('',#4258);
#3917=PLANE('',#4259);
#3918=PLANE('',#4260);
#3919=PLANE('',#4261);
#3920=PLANE('',#4262);
#3921=PLANE('',#4263);
#3922=PLANE('',#4264);
#3923=PLANE('',#4265);
#3924=PLANE('',#4266);
#3925=PLANE('',#4267);
#3926=PLANE('',#4268);
#3927=PLANE('',#4269);
#3928=PLANE('',#4270);
#3929=PLANE('',#4271);
#3930=PLANE('',#4272);
#3931=PLANE('',#4273);
#3932=PLANE('',#4274);
#3933=PLANE('',#4275);
#3934=PLANE('',#4276);
#3935=PLANE('',#4277);
#3936=PLANE('',#4278);
#3937=PLANE('',#4279);
#3938=PLANE('',#4280);
#3939=PLANE('',#4281);
#3940=PLANE('',#4282);
#3941=PLANE('',#4283);
#3942=PLANE('',#4284);
#3943=PLANE('',#4285);
#3944=PLANE('',#4286);
#3945=PLANE('',#4287);
#3946=PLANE('',#4288);
#3947=PLANE('',#4289);
#3948=PLANE('',#4290);
#3949=PLANE('',#4291);
#3950=PLANE('',#4292);
#3951=PLANE('',#4293);
#3952=PLANE('',#4294);
#3953=PLANE('',#4295);
#3954=PLANE('',#4296);
#3955=PLANE('',#4297);
#3956=PLANE('',#4298);
#3957=PLANE('',#4299);
#3958=PLANE('',#4300);
#3959=PLANE('',#4301);
#3960=PLANE('',#4302);
#3961=PLANE('',#4303);
#3962=PLANE('',#4304);
#3963=PLANE('',#4305);
#3964=PLANE('',#4306);
#3965=PLANE('',#4307);
#3966=PLANE('',#4308);
#3967=PLANE('',#4309);
#3968=PLANE('',#4310);
#3969=PLANE('',#4311);
#3970=PLANE('',#4312);
#3971=PLANE('',#4313);
#3972=PLANE('',#4314);
#3973=PLANE('',#4315);
#3974=PLANE('',#4316);
#3975=PLANE('',#4317);
#3976=PLANE('',#4318);
#3977=PLANE('',#4319);
#3978=PLANE('',#4320);
#3979=PLANE('',#4321);
#3980=PLANE('',#4322);
#3981=PLANE('',#4323);
#3982=PLANE('',#4324);
#3983=PLANE('',#4325);
#3984=PLANE('',#4326);
#3985=PLANE('',#4327);
#3986=PLANE('',#4328);
#3987=PLANE('',#4329);
#3988=PLANE('',#4330);
#3989=PLANE('',#4331);
#3990=PLANE('',#4332);
#3991=PLANE('',#4333);
#3992=PLANE('',#4334);
#3993=PLANE('',#4335);
#3994=PLANE('',#4336);
#3995=PLANE('',#4337);
#3996=PLANE('',#4338);
#3997=PLANE('',#4339);
#3998=PLANE('',#4340);
#3999=PLANE('',#4341);
#4000=PLANE('',#4342);
#4001=PLANE('',#4343);
#4002=PLANE('',#4344);
#4003=PLANE('',#4345);
#4004=PLANE('',#4346);
#4005=PLANE('',#4347);
#4006=PLANE('',#4348);
#4007=PLANE('',#4349);
#4008=PLANE('',#4350);
#4009=PLANE('',#4351);
#4010=PLANE('',#4352);
#4011=PLANE('',#4353);
#4012=PLANE('',#4354);
#4013=PLANE('',#4355);
#4014=PLANE('',#4356);
#4015=PLANE('',#4357);
#4016=PLANE('',#4358);
#4017=PLANE('',#4359);
#4018=PLANE('',#4360);
#4019=PLANE('',#4361);
#4020=PLANE('',#4362);
#4021=PLANE('',#4363);
#4022=PLANE('',#4364);
#4023=PLANE('',#4365);
#4024=PLANE('',#4366);
#4025=PLANE('',#4367);
#4026=PLANE('',#4368);
#4027=PLANE('',#4369);
#4028=PLANE('',#4370);
#4029=PLANE('',#4371);
#4030=PLANE('',#4372);
#4031=PLANE('',#4373);
#4032=PLANE('',#4374);
#4033=PLANE('',#4375);
#4034=PLANE('',#4376);
#4035=PLANE('',#4377);
#4036=PLANE('',#4378);
#4037=PLANE('',#4379);
#4038=PLANE('',#4380);
#4039=PLANE('',#4381);
#4040=PLANE('',#4382);
#4041=PLANE('',#4383);
#4042=PLANE('',#4384);
#4043=PLANE('',#4385);
#4044=PLANE('',#4386);
#4045=PLANE('',#4387);
#4046=PLANE('',#4388);
#4047=PLANE('',#4389);
#4048=PLANE('',#4390);
#4049=PLANE('',#4391);
#4050=PLANE('',#4392);
#4051=PLANE('',#4393);
#4052=PLANE('',#4394);
#4053=PLANE('',#4395);
#4054=PLANE('',#4396);
#4055=PLANE('',#4397);
#4056=PLANE('',#4398);
#4057=PLANE('',#4399);
#4058=PLANE('',#4400);
#4059=PLANE('',#4401);
#4060=PLANE('',#4402);
#4061=PLANE('',#4403);
#4062=PLANE('',#4404);
#4063=PLANE('',#4405);
#4064=PLANE('',#4406);
#4065=PLANE('',#4407);
#4066=PLANE('',#4408);
#4067=PLANE('',#4409);
#4068=PLANE('',#4410);
#4069=PLANE('',#4439);
#4070=PLANE('',#4440);
#4071=PLANE('',#4441);
#4072=ADVANCED_FACE('',(#48),#3914,.F.);
#4073=ADVANCED_FACE('',(#49),#3915,.F.);
#4074=ADVANCED_FACE('',(#50),#3916,.F.);
#4075=ADVANCED_FACE('',(#51),#3917,.F.);
#4076=ADVANCED_FACE('',(#52),#3918,.F.);
#4077=ADVANCED_FACE('',(#53),#3919,.F.);
#4078=ADVANCED_FACE('',(#54),#3920,.F.);
#4079=ADVANCED_FACE('',(#55),#3921,.F.);
#4080=ADVANCED_FACE('',(#56),#3922,.F.);
#4081=ADVANCED_FACE('',(#57),#3923,.F.);
#4082=ADVANCED_FACE('',(#58),#3924,.F.);
#4083=ADVANCED_FACE('',(#59),#3925,.F.);
#4084=ADVANCED_FACE('',(#60),#3926,.F.);
#4085=ADVANCED_FACE('',(#61),#3927,.F.);
#4086=ADVANCED_FACE('',(#62),#3928,.F.);
#4087=ADVANCED_FACE('',(#63),#3929,.F.);
#4088=ADVANCED_FACE('',(#64),#3930,.F.);
#4089=ADVANCED_FACE('',(#65),#3931,.F.);
#4090=ADVANCED_FACE('',(#66),#3932,.F.);
#4091=ADVANCED_FACE('',(#67),#3933,.F.);
#4092=ADVANCED_FACE('',(#68),#3934,.F.);
#4093=ADVANCED_FACE('',(#69),#3935,.F.);
#4094=ADVANCED_FACE('',(#70),#3936,.F.);
#4095=ADVANCED_FACE('',(#71),#3937,.F.);
#4096=ADVANCED_FACE('',(#72),#3938,.F.);
#4097=ADVANCED_FACE('',(#73),#3939,.F.);
#4098=ADVANCED_FACE('',(#74),#3940,.F.);
#4099=ADVANCED_FACE('',(#75),#3941,.F.);
#4100=ADVANCED_FACE('',(#76),#3942,.F.);
#4101=ADVANCED_FACE('',(#77),#3943,.F.);
#4102=ADVANCED_FACE('',(#78),#3944,.F.);
#4103=ADVANCED_FACE('',(#79),#3945,.F.);
#4104=ADVANCED_FACE('',(#80),#3946,.F.);
#4105=ADVANCED_FACE('',(#81),#3947,.F.);
#4106=ADVANCED_FACE('',(#82),#3948,.F.);
#4107=ADVANCED_FACE('',(#83),#3949,.F.);
#4108=ADVANCED_FACE('',(#84),#3950,.F.);
#4109=ADVANCED_FACE('',(#85),#3951,.F.);
#4110=ADVANCED_FACE('',(#86),#3952,.F.);
#4111=ADVANCED_FACE('',(#87),#3953,.F.);
#4112=ADVANCED_FACE('',(#88),#3954,.F.);
#4113=ADVANCED_FACE('',(#89),#3955,.F.);
#4114=ADVANCED_FACE('',(#90),#3956,.T.);
#4115=ADVANCED_FACE('',(#91),#3957,.T.);
#4116=ADVANCED_FACE('',(#92),#3958,.T.);
#4117=ADVANCED_FACE('',(#93),#3959,.T.);
#4118=ADVANCED_FACE('',(#94),#3960,.T.);
#4119=ADVANCED_FACE('',(#95),#3961,.T.);
#4120=ADVANCED_FACE('',(#96),#3962,.T.);
#4121=ADVANCED_FACE('',(#97),#3963,.T.);
#4122=ADVANCED_FACE('',(#98),#3964,.T.);
#4123=ADVANCED_FACE('',(#99),#3965,.T.);
#4124=ADVANCED_FACE('',(#100),#3966,.T.);
#4125=ADVANCED_FACE('',(#101),#3967,.T.);
#4126=ADVANCED_FACE('',(#102),#3968,.F.);
#4127=ADVANCED_FACE('',(#103),#3969,.F.);
#4128=ADVANCED_FACE('',(#104),#3970,.F.);
#4129=ADVANCED_FACE('',(#105),#3971,.F.);
#4130=ADVANCED_FACE('',(#106),#3972,.F.);
#4131=ADVANCED_FACE('',(#107),#3973,.F.);
#4132=ADVANCED_FACE('',(#108),#3974,.F.);
#4133=ADVANCED_FACE('',(#109),#3975,.F.);
#4134=ADVANCED_FACE('',(#110),#3976,.F.);
#4135=ADVANCED_FACE('',(#111),#3977,.F.);
#4136=ADVANCED_FACE('',(#112),#3978,.F.);
#4137=ADVANCED_FACE('',(#113),#3979,.F.);
#4138=ADVANCED_FACE('',(#114),#3980,.F.);
#4139=ADVANCED_FACE('',(#115),#3981,.F.);
#4140=ADVANCED_FACE('',(#116),#3982,.F.);
#4141=ADVANCED_FACE('',(#117),#3983,.F.);
#4142=ADVANCED_FACE('',(#118),#3984,.F.);
#4143=ADVANCED_FACE('',(#119),#3985,.T.);
#4144=ADVANCED_FACE('',(#120),#3986,.T.);
#4145=ADVANCED_FACE('',(#121),#3987,.T.);
#4146=ADVANCED_FACE('',(#122),#3988,.T.);
#4147=ADVANCED_FACE('',(#123),#3989,.T.);
#4148=ADVANCED_FACE('',(#124),#3990,.T.);
#4149=ADVANCED_FACE('',(#125),#3991,.T.);
#4150=ADVANCED_FACE('',(#126),#3992,.F.);
#4151=ADVANCED_FACE('',(#127),#3993,.F.);
#4152=ADVANCED_FACE('',(#128),#3994,.F.);
#4153=ADVANCED_FACE('',(#129),#3995,.F.);
#4154=ADVANCED_FACE('',(#130),#3996,.F.);
#4155=ADVANCED_FACE('',(#131),#3997,.F.);
#4156=ADVANCED_FACE('',(#132),#3998,.F.);
#4157=ADVANCED_FACE('',(#133),#3999,.F.);
#4158=ADVANCED_FACE('',(#134),#4000,.F.);
#4159=ADVANCED_FACE('',(#135),#4001,.F.);
#4160=ADVANCED_FACE('',(#136),#4002,.F.);
#4161=ADVANCED_FACE('',(#137),#4003,.F.);
#4162=ADVANCED_FACE('',(#138),#4004,.F.);
#4163=ADVANCED_FACE('',(#139),#4005,.F.);
#4164=ADVANCED_FACE('',(#140),#4006,.F.);
#4165=ADVANCED_FACE('',(#141),#4007,.F.);
#4166=ADVANCED_FACE('',(#142),#4008,.F.);
#4167=ADVANCED_FACE('',(#143),#4009,.F.);
#4168=ADVANCED_FACE('',(#144),#4010,.F.);
#4169=ADVANCED_FACE('',(#145),#4011,.F.);
#4170=ADVANCED_FACE('',(#146),#4012,.F.);
#4171=ADVANCED_FACE('',(#147),#4013,.F.);
#4172=ADVANCED_FACE('',(#148),#4014,.F.);
#4173=ADVANCED_FACE('',(#149),#4015,.F.);
#4174=ADVANCED_FACE('',(#150),#4016,.F.);
#4175=ADVANCED_FACE('',(#151),#4017,.F.);
#4176=ADVANCED_FACE('',(#152),#4018,.F.);
#4177=ADVANCED_FACE('',(#153),#4019,.F.);
#4178=ADVANCED_FACE('',(#154),#4020,.F.);
#4179=ADVANCED_FACE('',(#155),#4021,.T.);
#4180=ADVANCED_FACE('',(#156),#4022,.F.);
#4181=ADVANCED_FACE('',(#157),#4023,.F.);
#4182=ADVANCED_FACE('',(#158),#4024,.F.);
#4183=ADVANCED_FACE('',(#159),#4025,.F.);
#4184=ADVANCED_FACE('',(#160),#4026,.T.);
#4185=ADVANCED_FACE('',(#161),#4027,.T.);
#4186=ADVANCED_FACE('',(#162),#4028,.T.);
#4187=ADVANCED_FACE('',(#163),#4029,.T.);
#4188=ADVANCED_FACE('',(#164),#4030,.T.);
#4189=ADVANCED_FACE('',(#165),#4031,.T.);
#4190=ADVANCED_FACE('',(#166),#4032,.T.);
#4191=ADVANCED_FACE('',(#167),#4033,.T.);
#4192=ADVANCED_FACE('',(#168),#4034,.T.);
#4193=ADVANCED_FACE('',(#169),#4035,.T.);
#4194=ADVANCED_FACE('',(#170),#4036,.T.);
#4195=ADVANCED_FACE('',(#171),#4037,.T.);
#4196=ADVANCED_FACE('',(#172),#4038,.F.);
#4197=ADVANCED_FACE('',(#173),#4039,.F.);
#4198=ADVANCED_FACE('',(#174),#4040,.F.);
#4199=ADVANCED_FACE('',(#175),#4041,.F.);
#4200=ADVANCED_FACE('',(#176),#4042,.F.);
#4201=ADVANCED_FACE('',(#177),#4043,.F.);
#4202=ADVANCED_FACE('',(#178),#4044,.F.);
#4203=ADVANCED_FACE('',(#179),#4045,.F.);
#4204=ADVANCED_FACE('',(#180),#4046,.F.);
#4205=ADVANCED_FACE('',(#181),#4047,.F.);
#4206=ADVANCED_FACE('',(#182),#4048,.F.);
#4207=ADVANCED_FACE('',(#183),#4049,.F.);
#4208=ADVANCED_FACE('',(#184),#4050,.F.);
#4209=ADVANCED_FACE('',(#185),#4051,.F.);
#4210=ADVANCED_FACE('',(#186),#4052,.F.);
#4211=ADVANCED_FACE('',(#187),#4053,.F.);
#4212=ADVANCED_FACE('',(#188),#4054,.T.);
#4213=ADVANCED_FACE('',(#189),#4055,.T.);
#4214=ADVANCED_FACE('',(#190),#4056,.T.);
#4215=ADVANCED_FACE('',(#191,#43,#44,#45),#4057,.T.);
#4216=ADVANCED_FACE('',(#192),#4058,.T.);
#4217=ADVANCED_FACE('',(#193),#4059,.T.);
#4218=ADVANCED_FACE('',(#194),#4060,.T.);
#4219=ADVANCED_FACE('',(#195),#4061,.T.);
#4220=ADVANCED_FACE('',(#196),#4062,.F.);
#4221=ADVANCED_FACE('',(#197),#4063,.F.);
#4222=ADVANCED_FACE('',(#198),#4064,.F.);
#4223=ADVANCED_FACE('',(#199),#4065,.T.);
#4224=ADVANCED_FACE('',(#200),#4066,.T.);
#4225=ADVANCED_FACE('',(#201),#4067,.T.);
#4226=ADVANCED_FACE('',(#202),#4068,.T.);
#4227=ADVANCED_FACE('',(#203),#39,.T.);
#4228=ADVANCED_FACE('',(#204),#40,.T.);
#4229=ADVANCED_FACE('',(#205),#41,.T.);
#4230=ADVANCED_FACE('',(#206),#15,.T.);
#4231=ADVANCED_FACE('',(#207),#42,.T.);
#4232=ADVANCED_FACE('',(#208),#16,.T.);
#4233=ADVANCED_FACE('',(#209),#17,.T.);
#4234=ADVANCED_FACE('',(#210),#18,.T.);
#4235=ADVANCED_FACE('',(#211),#19,.T.);
#4236=ADVANCED_FACE('',(#212),#20,.T.);
#4237=ADVANCED_FACE('',(#213),#21,.T.);
#4238=ADVANCED_FACE('',(#214),#22,.T.);
#4239=ADVANCED_FACE('',(#215),#4069,.T.);
#4240=ADVANCED_FACE('',(#216,#46,#47),#4070,.T.);
#4241=ADVANCED_FACE('',(#217),#4071,.T.);
#4242=CLOSED_SHELL('',(#4072,#4073,#4074,#4075,#4076,#4077,#4078,#4079,
#4080,#4081,#4082,#4083,#4084,#4085,#4086,#4087,#4088,#4089,#4090,#4091,
#4092,#4093,#4094,#4095,#4096,#4097,#4098,#4099,#4100,#4101,#4102,#4103,
#4104,#4105,#4106,#4107,#4108,#4109,#4110,#4111,#4112,#4113,#4114,#4115,
#4116,#4117,#4118,#4119,#4120,#4121,#4122,#4123,#4124,#4125,#4126,#4127,
#4128,#4129,#4130,#4131,#4132,#4133,#4134,#4135,#4136,#4137,#4138,#4139,
#4140,#4141,#4142,#4143,#4144,#4145,#4146,#4147,#4148,#4149,#4150,#4151,
#4152,#4153,#4154,#4155,#4156,#4157,#4158,#4159,#4160,#4161,#4162,#4163,
#4164,#4165,#4166,#4167,#4168,#4169,#4170,#4171,#4172,#4173,#4174,#4175,
#4176,#4177,#4178,#4179,#4180,#4181,#4182,#4183,#4184,#4185,#4186,#4187,
#4188,#4189,#4190,#4191,#4192,#4193,#4194,#4195,#4196,#4197,#4198,#4199,
#4200,#4201,#4202,#4203,#4204,#4205,#4206,#4207,#4208,#4209,#4210,#4211,
#4212,#4213,#4214,#4215,#4216,#4217,#4218,#4219,#4220,#4221,#4222,#4223,
#4224,#4225,#4226,#4227,#4228,#4229,#4230,#4231,#4232,#4233,#4234,#4235,
#4236,#4237,#4238,#4239,#4240,#4241));
#4243=DERIVED_UNIT_ELEMENT(#4245,1.);
#4244=DERIVED_UNIT_ELEMENT(#6627,-3.);
#4245=(
MASS_UNIT()
NAMED_UNIT(*)
SI_UNIT(.KILO.,.GRAM.)
);
#4246=DERIVED_UNIT((#4243,#4244));
#4247=MEASURE_REPRESENTATION_ITEM('density measure',
POSITIVE_RATIO_MEASURE(7850.),#4246);
#4248=PROPERTY_DEFINITION_REPRESENTATION(#4253,#4250);
#4249=PROPERTY_DEFINITION_REPRESENTATION(#4254,#4251);
#4250=REPRESENTATION('material name',(#4252),#6624);
#4251=REPRESENTATION('density',(#4247),#6624);
#4252=DESCRIPTIVE_REPRESENTATION_ITEM('Stahl','Stahl');
#4253=PROPERTY_DEFINITION('material property','material name',#6634);
#4254=PROPERTY_DEFINITION('material property','density of part',#6634);
#4255=AXIS2_PLACEMENT_3D('',#5434,#4442,#4443);
#4256=AXIS2_PLACEMENT_3D('',#5435,#4444,#4445);
#4257=AXIS2_PLACEMENT_3D('',#5444,#4450,#4451);
#4258=AXIS2_PLACEMENT_3D('',#5453,#4456,#4457);
#4259=AXIS2_PLACEMENT_3D('',#5462,#4462,#4463);
#4260=AXIS2_PLACEMENT_3D('',#5468,#4467,#4468);
#4261=AXIS2_PLACEMENT_3D('',#5474,#4472,#4473);
#4262=AXIS2_PLACEMENT_3D('',#5483,#4478,#4479);
#4263=AXIS2_PLACEMENT_3D('',#5492,#4484,#4485);
#4264=AXIS2_PLACEMENT_3D('',#5495,#4488,#4489);
#4265=AXIS2_PLACEMENT_3D('',#5504,#4494,#4495);
#4266=AXIS2_PLACEMENT_3D('',#5510,#4499,#4500);
#4267=AXIS2_PLACEMENT_3D('',#5519,#4505,#4506);
#4268=AXIS2_PLACEMENT_3D('',#5525,#4510,#4511);
#4269=AXIS2_PLACEMENT_3D('',#5534,#4516,#4517);
#4270=AXIS2_PLACEMENT_3D('',#5537,#4520,#4521);
#4271=AXIS2_PLACEMENT_3D('',#5546,#4526,#4527);
#4272=AXIS2_PLACEMENT_3D('',#5555,#4532,#4533);
#4273=AXIS2_PLACEMENT_3D('',#5558,#4536,#4537);
#4274=AXIS2_PLACEMENT_3D('',#5567,#4542,#4543);
#4275=AXIS2_PLACEMENT_3D('',#5573,#4547,#4548);
#4276=AXIS2_PLACEMENT_3D('',#5579,#4552,#4553);
#4277=AXIS2_PLACEMENT_3D('',#5588,#4558,#4559);
#4278=AXIS2_PLACEMENT_3D('',#5597,#4564,#4565);
#4279=AXIS2_PLACEMENT_3D('',#5606,#4570,#4571);
#4280=AXIS2_PLACEMENT_3D('',#5612,#4575,#4576);
#4281=AXIS2_PLACEMENT_3D('',#5618,#4580,#4581);
#4282=AXIS2_PLACEMENT_3D('',#5627,#4586,#4587);
#4283=AXIS2_PLACEMENT_3D('',#5633,#4591,#4592);
#4284=AXIS2_PLACEMENT_3D('',#5639,#4596,#4597);
#4285=AXIS2_PLACEMENT_3D('',#5648,#4602,#4603);
#4286=AXIS2_PLACEMENT_3D('',#5654,#4607,#4608);
#4287=AXIS2_PLACEMENT_3D('',#5660,#4612,#4613);
#4288=AXIS2_PLACEMENT_3D('',#5669,#4618,#4619);
#4289=AXIS2_PLACEMENT_3D('',#5675,#4623,#4624);
#4290=AXIS2_PLACEMENT_3D('',#5681,#4628,#4629);
#4291=AXIS2_PLACEMENT_3D('',#5690,#4634,#4635);
#4292=AXIS2_PLACEMENT_3D('',#5696,#4639,#4640);
#4293=AXIS2_PLACEMENT_3D('',#5702,#4644,#4645);
#4294=AXIS2_PLACEMENT_3D('',#5711,#4650,#4651);
#4295=AXIS2_PLACEMENT_3D('',#5720,#4656,#4657);
#4296=AXIS2_PLACEMENT_3D('',#5723,#4660,#4661);
#4297=AXIS2_PLACEMENT_3D('',#5732,#4666,#4667);
#4298=AXIS2_PLACEMENT_3D('',#5741,#4672,#4673);
#4299=AXIS2_PLACEMENT_3D('',#5760,#4684,#4685);
#4300=AXIS2_PLACEMENT_3D('',#5779,#4696,#4697);
#4301=AXIS2_PLACEMENT_3D('',#5798,#4708,#4709);
#4302=AXIS2_PLACEMENT_3D('',#5802,#4712,#4713);
#4303=AXIS2_PLACEMENT_3D('',#5805,#4716,#4717);
#4304=AXIS2_PLACEMENT_3D('',#5808,#4720,#4721);
#4305=AXIS2_PLACEMENT_3D('',#5826,#4737,#4738);
#4306=AXIS2_PLACEMENT_3D('',#5842,#4747,#4748);
#4307=AXIS2_PLACEMENT_3D('',#5861,#4759,#4760);
#4308=AXIS2_PLACEMENT_3D('',#5867,#4764,#4765);
#4309=AXIS2_PLACEMENT_3D('',#5886,#4776,#4777);
#4310=AXIS2_PLACEMENT_3D('',#5996,#4839,#4840);
#4311=AXIS2_PLACEMENT_3D('',#6005,#4845,#4846);
#4312=AXIS2_PLACEMENT_3D('',#6014,#4851,#4852);
#4313=AXIS2_PLACEMENT_3D('',#6020,#4856,#4857);
#4314=AXIS2_PLACEMENT_3D('',#6023,#4860,#4861);
#4315=AXIS2_PLACEMENT_3D('',#6029,#4865,#4866);
#4316=AXIS2_PLACEMENT_3D('',#6035,#4870,#4871);
#4317=AXIS2_PLACEMENT_3D('',#6044,#4876,#4877);
#4318=AXIS2_PLACEMENT_3D('',#6053,#4882,#4883);
#4319=AXIS2_PLACEMENT_3D('',#6062,#4888,#4889);
#4320=AXIS2_PLACEMENT_3D('',#6068,#4893,#4894);
#4321=AXIS2_PLACEMENT_3D('',#6074,#4898,#4899);
#4322=AXIS2_PLACEMENT_3D('',#6077,#4902,#4903);
#4323=AXIS2_PLACEMENT_3D('',#6083,#4907,#4908);
#4324=AXIS2_PLACEMENT_3D('',#6089,#4912,#4913);
#4325=AXIS2_PLACEMENT_3D('',#6092,#4916,#4917);
#4326=AXIS2_PLACEMENT_3D('',#6101,#4922,#4923);
#4327=AXIS2_PLACEMENT_3D('',#6107,#4927,#4928);
#4328=AXIS2_PLACEMENT_3D('',#6118,#4935,#4936);
#4329=AXIS2_PLACEMENT_3D('',#6127,#4942,#4943);
#4330=AXIS2_PLACEMENT_3D('',#6133,#4947,#4948);
#4331=AXIS2_PLACEMENT_3D('',#6140,#4954,#4955);
#4332=AXIS2_PLACEMENT_3D('',#6149,#4961,#4962);
#4333=AXIS2_PLACEMENT_3D('',#6156,#4967,#4968);
#4334=AXIS2_PLACEMENT_3D('',#6174,#4983,#4984);
#4335=AXIS2_PLACEMENT_3D('',#6177,#4987,#4988);
#4336=AXIS2_PLACEMENT_3D('',#6180,#4991,#4992);
#4337=AXIS2_PLACEMENT_3D('',#6186,#4996,#4997);
#4338=AXIS2_PLACEMENT_3D('',#6192,#5001,#5002);
#4339=AXIS2_PLACEMENT_3D('',#6198,#5006,#5007);
#4340=AXIS2_PLACEMENT_3D('',#6204,#5011,#5012);
#4341=AXIS2_PLACEMENT_3D('',#6208,#5015,#5016);
#4342=AXIS2_PLACEMENT_3D('',#6214,#5020,#5021);
#4343=AXIS2_PLACEMENT_3D('',#6220,#5025,#5026);
#4344=AXIS2_PLACEMENT_3D('',#6226,#5030,#5031);
#4345=AXIS2_PLACEMENT_3D('',#6232,#5035,#5036);
#4346=AXIS2_PLACEMENT_3D('',#6238,#5040,#5041);
#4347=AXIS2_PLACEMENT_3D('',#6244,#5045,#5046);
#4348=AXIS2_PLACEMENT_3D('',#6247,#5049,#5050);
#4349=AXIS2_PLACEMENT_3D('',#6250,#5053,#5054);
#4350=AXIS2_PLACEMENT_3D('',#6256,#5058,#5059);
#4351=AXIS2_PLACEMENT_3D('',#6262,#5063,#5064);
#4352=AXIS2_PLACEMENT_3D('',#6268,#5068,#5069);
#4353=AXIS2_PLACEMENT_3D('',#6274,#5073,#5074);
#4354=AXIS2_PLACEMENT_3D('',#6278,#5077,#5078);
#4355=AXIS2_PLACEMENT_3D('',#6282,#5081,#5082);
#4356=AXIS2_PLACEMENT_3D('',#6291,#5087,#5088);
#4357=AXIS2_PLACEMENT_3D('',#6297,#5092,#5093);
#4358=AXIS2_PLACEMENT_3D('',#6303,#5097,#5098);
#4359=AXIS2_PLACEMENT_3D('',#6309,#5102,#5103);
#4360=AXIS2_PLACEMENT_3D('',#6315,#5107,#5108);
#4361=AXIS2_PLACEMENT_3D('',#6321,#5112,#5113);
#4362=AXIS2_PLACEMENT_3D('',#6324,#5116,#5117);
#4363=AXIS2_PLACEMENT_3D('',#6327,#5120,#5121);
#4364=AXIS2_PLACEMENT_3D('',#6331,#5125,#5126);
#4365=AXIS2_PLACEMENT_3D('',#6335,#5129,#5130);
#4366=AXIS2_PLACEMENT_3D('',#6338,#5133,#5134);
#4367=AXIS2_PLACEMENT_3D('',#6368,#5162,#5163);
#4368=AXIS2_PLACEMENT_3D('',#6371,#5166,#5167);
#4369=AXIS2_PLACEMENT_3D('',#6376,#5171,#5172);
#4370=AXIS2_PLACEMENT_3D('',#6379,#5175,#5176);
#4371=AXIS2_PLACEMENT_3D('',#6382,#5179,#5180);
#4372=AXIS2_PLACEMENT_3D('',#6385,#5183,#5184);
#4373=AXIS2_PLACEMENT_3D('',#6392,#5189,#5190);
#4374=AXIS2_PLACEMENT_3D('',#6395,#5193,#5194);
#4375=AXIS2_PLACEMENT_3D('',#6398,#5197,#5198);
#4376=AXIS2_PLACEMENT_3D('',#6401,#5201,#5202);
#4377=AXIS2_PLACEMENT_3D('',#6404,#5205,#5206);
#4378=AXIS2_PLACEMENT_3D('',#6407,#5209,#5210);
#4379=AXIS2_PLACEMENT_3D('',#6410,#5213,#5214);
#4380=AXIS2_PLACEMENT_3D('',#6417,#5219,#5220);
#4381=AXIS2_PLACEMENT_3D('',#6419,#5222,#5223);
#4382=AXIS2_PLACEMENT_3D('',#6421,#5225,#5226);
#4383=AXIS2_PLACEMENT_3D('',#6430,#5231,#5232);
#4384=AXIS2_PLACEMENT_3D('',#6436,#5236,#5237);
#4385=AXIS2_PLACEMENT_3D('',#6442,#5241,#5242);
#4386=AXIS2_PLACEMENT_3D('',#6448,#5246,#5247);
#4387=AXIS2_PLACEMENT_3D('',#6452,#5250,#5251);
#4388=AXIS2_PLACEMENT_3D('',#6454,#5253,#5254);
#4389=AXIS2_PLACEMENT_3D('',#6456,#5256,#5257);
#4390=AXIS2_PLACEMENT_3D('',#6465,#5262,#5263);
#4391=AXIS2_PLACEMENT_3D('',#6471,#5267,#5268);
#4392=AXIS2_PLACEMENT_3D('',#6477,#5272,#5273);
#4393=AXIS2_PLACEMENT_3D('',#6486,#5278,#5279);
#4394=AXIS2_PLACEMENT_3D('',#6492,#5283,#5284);
#4395=AXIS2_PLACEMENT_3D('',#6498,#5288,#5289);
#4396=AXIS2_PLACEMENT_3D('',#6500,#5291,#5292);
#4397=AXIS2_PLACEMENT_3D('',#6505,#5296,#5297);
#4398=AXIS2_PLACEMENT_3D('',#6512,#5303,#5304);
#4399=AXIS2_PLACEMENT_3D('',#6515,#5307,#5308);
#4400=AXIS2_PLACEMENT_3D('',#6527,#5317,#5318);
#4401=AXIS2_PLACEMENT_3D('',#6530,#5321,#5322);
#4402=AXIS2_PLACEMENT_3D('',#6533,#5325,#5326);
#4403=AXIS2_PLACEMENT_3D('',#6542,#5331,#5332);
#4404=AXIS2_PLACEMENT_3D('',#6551,#5337,#5338);
#4405=AXIS2_PLACEMENT_3D('',#6560,#5343,#5344);
#4406=AXIS2_PLACEMENT_3D('',#6566,#5348,#5349);
#4407=AXIS2_PLACEMENT_3D('',#6569,#5352,#5353);
#4408=AXIS2_PLACEMENT_3D('',#6575,#5357,#5358);
#4409=AXIS2_PLACEMENT_3D('',#6577,#5360,#5361);
#4410=AXIS2_PLACEMENT_3D('',#6580,#5364,#5365);
#4411=AXIS2_PLACEMENT_3D('',#6582,#5367,#5368);
#4412=AXIS2_PLACEMENT_3D('',#6583,#5369,#5370);
#4413=AXIS2_PLACEMENT_3D('',#6585,#5371,#5372);
#4414=AXIS2_PLACEMENT_3D('',#6586,#5373,#5374);
#4415=AXIS2_PLACEMENT_3D('',#6587,#5375,#5376);
#4416=AXIS2_PLACEMENT_3D('',#6588,#5377,#5378);
#4417=AXIS2_PLACEMENT_3D('',#6589,#5379,#5380);
#4418=AXIS2_PLACEMENT_3D('',#6590,#5381,#5382);
#4419=AXIS2_PLACEMENT_3D('',#6591,#5383,#5384);
#4420=AXIS2_PLACEMENT_3D('',#6593,#5385,#5386);
#4421=AXIS2_PLACEMENT_3D('',#6594,#5387,#5388);
#4422=AXIS2_PLACEMENT_3D('',#6595,#5389,#5390);
#4423=AXIS2_PLACEMENT_3D('',#6596,#5391,#5392);
#4424=AXIS2_PLACEMENT_3D('',#6598,#5394,#5395);
#4425=AXIS2_PLACEMENT_3D('',#6599,#5396,#5397);
#4426=AXIS2_PLACEMENT_3D('',#6600,#5398,#5399);
#4427=AXIS2_PLACEMENT_3D('',#6601,#5400,#5401);
#4428=AXIS2_PLACEMENT_3D('',#6602,#5402,#5403);
#4429=AXIS2_PLACEMENT_3D('',#6603,#5404,#5405);
#4430=AXIS2_PLACEMENT_3D('',#6604,#5406,#5407);
#4431=AXIS2_PLACEMENT_3D('',#6605,#5408,#5409);
#4432=AXIS2_PLACEMENT_3D('',#6606,#5410,#5411);
#4433=AXIS2_PLACEMENT_3D('',#6608,#5412,#5413);
#4434=AXIS2_PLACEMENT_3D('',#6610,#5415,#5416);
#4435=AXIS2_PLACEMENT_3D('',#6611,#5417,#5418);
#4436=AXIS2_PLACEMENT_3D('',#6612,#5419,#5420);
#4437=AXIS2_PLACEMENT_3D('',#6613,#5421,#5422);
#4438=AXIS2_PLACEMENT_3D('',#6615,#5423,#5424);
#4439=AXIS2_PLACEMENT_3D('',#6617,#5426,#5427);
#4440=AXIS2_PLACEMENT_3D('',#6619,#5429,#5430);
#4441=AXIS2_PLACEMENT_3D('',#6621,#5432,#5433);
#4442=DIRECTION('axis',(0.,0.,1.));
#4443=DIRECTION('refdir',(1.,0.,0.));
#4444=DIRECTION('center_axis',(0.707106781186548,0.707106781186547,0.));
#4445=DIRECTION('ref_axis',(-0.707106781186547,0.707106781186548,0.));
#4446=DIRECTION('',(0.707106781186547,-0.707106781186548,0.));
#4447=DIRECTION('',(0.,0.,1.));
#4448=DIRECTION('',(-0.707106781186547,0.707106781186548,0.));
#4449=DIRECTION('',(0.,0.,1.));
#4450=DIRECTION('center_axis',(-0.707106781186548,-0.707106781186547,0.));
#4451=DIRECTION('ref_axis',(0.707106781186547,-0.707106781186548,0.));
#4452=DIRECTION('',(-0.707106781186547,0.707106781186548,0.));
#4453=DIRECTION('',(0.,0.,1.));
#4454=DIRECTION('',(0.707106781186547,-0.707106781186548,0.));
#4455=DIRECTION('',(0.,0.,1.));
#4456=DIRECTION('center_axis',(0.707106781186547,0.707106781186548,0.));
#4457=DIRECTION('ref_axis',(-0.707106781186548,0.707106781186547,0.));
#4458=DIRECTION('',(0.707106781186548,-0.707106781186547,0.));
#4459=DIRECTION('',(0.,0.,1.));
#4460=DIRECTION('',(-0.707106781186548,0.707106781186547,0.));
#4461=DIRECTION('',(0.,0.,1.));
#4462=DIRECTION('center_axis',(0.,1.,0.));
#4463=DIRECTION('ref_axis',(-1.,0.,0.));
#4464=DIRECTION('',(1.,0.,0.));
#4465=DIRECTION('',(0.,0.,1.));
#4466=DIRECTION('',(-1.,0.,0.));
#4467=DIRECTION('center_axis',(-0.707106781186547,-0.707106781186548,0.));
#4468=DIRECTION('ref_axis',(0.707106781186548,-0.707106781186547,0.));
#4469=DIRECTION('',(-0.707106781186548,0.707106781186547,0.));
#4470=DIRECTION('',(0.,0.,1.));
#4471=DIRECTION('',(0.707106781186548,-0.707106781186547,0.));
#4472=DIRECTION('center_axis',(0.707106781186547,0.707106781186548,0.));
#4473=DIRECTION('ref_axis',(-0.707106781186548,0.707106781186547,0.));
#4474=DIRECTION('',(0.707106781186548,-0.707106781186547,0.));
#4475=DIRECTION('',(0.,0.,1.));
#4476=DIRECTION('',(-0.707106781186548,0.707106781186547,0.));
#4477=DIRECTION('',(0.,0.,1.));
#4478=DIRECTION('center_axis',(-0.707106781186547,-0.707106781186548,0.));
#4479=DIRECTION('ref_axis',(0.707106781186548,-0.707106781186547,0.));
#4480=DIRECTION('',(-0.707106781186548,0.707106781186547,0.));
#4481=DIRECTION('',(0.,0.,1.));
#4482=DIRECTION('',(0.707106781186548,-0.707106781186547,0.));
#4483=DIRECTION('',(0.,0.,1.));
#4484=DIRECTION('center_axis',(0.,1.,0.));
#4485=DIRECTION('ref_axis',(-1.,0.,0.));
#4486=DIRECTION('',(1.,0.,0.));
#4487=DIRECTION('',(-1.,0.,0.));
#4488=DIRECTION('center_axis',(-0.707106781186547,-0.707106781186548,0.));
#4489=DIRECTION('ref_axis',(0.707106781186548,-0.707106781186547,0.));
#4490=DIRECTION('',(-0.707106781186548,0.707106781186547,0.));
#4491=DIRECTION('',(0.,0.,1.));
#4492=DIRECTION('',(0.707106781186548,-0.707106781186547,0.));
#4493=DIRECTION('',(0.,0.,1.));
#4494=DIRECTION('center_axis',(0.,1.,0.));
#4495=DIRECTION('ref_axis',(-1.,0.,0.));
#4496=DIRECTION('',(1.,0.,0.));
#4497=DIRECTION('',(-1.,0.,0.));
#4498=DIRECTION('',(0.,0.,1.));
#4499=DIRECTION('center_axis',(0.707106781186547,0.707106781186548,0.));
#4500=DIRECTION('ref_axis',(-0.707106781186548,0.707106781186547,0.));
#4501=DIRECTION('',(0.707106781186548,-0.707106781186547,0.));
#4502=DIRECTION('',(0.,0.,1.));
#4503=DIRECTION('',(-0.707106781186548,0.707106781186547,0.));
#4504=DIRECTION('',(0.,0.,1.));
#4505=DIRECTION('center_axis',(1.,0.,0.));
#4506=DIRECTION('ref_axis',(0.,1.,0.));
#4507=DIRECTION('',(0.,-1.,0.));
#4508=DIRECTION('',(0.,1.,0.));
#4509=DIRECTION('',(0.,0.,1.));
#4510=DIRECTION('center_axis',(-0.707106781186545,-0.70710678118655,0.));
#4511=DIRECTION('ref_axis',(0.70710678118655,-0.707106781186545,0.));
#4512=DIRECTION('',(-0.70710678118655,0.707106781186545,0.));
#4513=DIRECTION('',(0.,0.,1.));
#4514=DIRECTION('',(0.70710678118655,-0.707106781186545,0.));
#4515=DIRECTION('',(0.,0.,1.));
#4516=DIRECTION('center_axis',(0.,1.,0.));
#4517=DIRECTION('ref_axis',(-1.,0.,0.));
#4518=DIRECTION('',(1.,0.,0.));
#4519=DIRECTION('',(-1.,0.,0.));
#4520=DIRECTION('center_axis',(0.707106781186546,0.707106781186549,0.));
#4521=DIRECTION('ref_axis',(-0.707106781186549,0.707106781186546,0.));
#4522=DIRECTION('',(0.707106781186549,-0.707106781186546,0.));
#4523=DIRECTION('',(0.,0.,1.));
#4524=DIRECTION('',(-0.707106781186549,0.707106781186546,0.));
#4525=DIRECTION('',(0.,0.,1.));
#4526=DIRECTION('center_axis',(-0.707106781186547,-0.707106781186548,0.));
#4527=DIRECTION('ref_axis',(0.707106781186548,-0.707106781186547,0.));
#4528=DIRECTION('',(-0.707106781186548,0.707106781186547,0.));
#4529=DIRECTION('',(0.,0.,1.));
#4530=DIRECTION('',(0.707106781186548,-0.707106781186547,0.));
#4531=DIRECTION('',(0.,0.,1.));
#4532=DIRECTION('center_axis',(0.,1.,0.));
#4533=DIRECTION('ref_axis',(-1.,0.,0.));
#4534=DIRECTION('',(1.,0.,0.));
#4535=DIRECTION('',(-1.,0.,0.));
#4536=DIRECTION('center_axis',(0.707106781186548,0.707106781186548,0.));
#4537=DIRECTION('ref_axis',(-0.707106781186548,0.707106781186548,0.));
#4538=DIRECTION('',(0.707106781186548,-0.707106781186548,0.));
#4539=DIRECTION('',(0.,0.,1.));
#4540=DIRECTION('',(-0.707106781186548,0.707106781186548,0.));
#4541=DIRECTION('',(0.,0.,1.));
#4542=DIRECTION('center_axis',(0.,1.,0.));
#4543=DIRECTION('ref_axis',(-1.,0.,0.));
#4544=DIRECTION('',(1.,0.,0.));
#4545=DIRECTION('',(0.,0.,1.));
#4546=DIRECTION('',(-1.,0.,0.));
#4547=DIRECTION('center_axis',(-0.707106781186547,-0.707106781186548,0.));
#4548=DIRECTION('ref_axis',(0.707106781186548,-0.707106781186547,0.));
#4549=DIRECTION('',(-0.707106781186548,0.707106781186547,0.));
#4550=DIRECTION('',(0.,0.,1.));
#4551=DIRECTION('',(0.707106781186548,-0.707106781186547,0.));
#4552=DIRECTION('center_axis',(0.707106781186547,0.707106781186548,0.));
#4553=DIRECTION('ref_axis',(-0.707106781186548,0.707106781186547,0.));
#4554=DIRECTION('',(0.707106781186548,-0.707106781186547,0.));
#4555=DIRECTION('',(0.,0.,1.));
#4556=DIRECTION('',(-0.707106781186548,0.707106781186547,0.));
#4557=DIRECTION('',(0.,0.,1.));
#4558=DIRECTION('center_axis',(-0.707106781186549,-0.707106781186546,0.));
#4559=DIRECTION('ref_axis',(0.707106781186546,-0.707106781186549,0.));
#4560=DIRECTION('',(-0.707106781186546,0.707106781186549,0.));
#4561=DIRECTION('',(0.,0.,1.));
#4562=DIRECTION('',(0.707106781186546,-0.707106781186549,0.));
#4563=DIRECTION('',(0.,0.,1.));
#4564=DIRECTION('center_axis',(0.707106781186548,0.707106781186548,0.));
#4565=DIRECTION('ref_axis',(-0.707106781186548,0.707106781186548,0.));
#4566=DIRECTION('',(0.707106781186548,-0.707106781186548,0.));
#4567=DIRECTION('',(0.,0.,1.));
#4568=DIRECTION('',(-0.707106781186548,0.707106781186548,0.));
#4569=DIRECTION('',(0.,0.,1.));
#4570=DIRECTION('center_axis',(0.,1.,0.));
#4571=DIRECTION('ref_axis',(-1.,0.,0.));
#4572=DIRECTION('',(1.,0.,0.));
#4573=DIRECTION('',(0.,0.,1.));
#4574=DIRECTION('',(-1.,0.,0.));
#4575=DIRECTION('center_axis',(-0.707106781186546,-0.707106781186549,0.));
#4576=DIRECTION('ref_axis',(0.707106781186549,-0.707106781186546,0.));
#4577=DIRECTION('',(-0.707106781186549,0.707106781186546,0.));
#4578=DIRECTION('',(0.,0.,1.));
#4579=DIRECTION('',(0.707106781186549,-0.707106781186546,0.));
#4580=DIRECTION('center_axis',(0.707106781186547,0.707106781186548,0.));
#4581=DIRECTION('ref_axis',(-0.707106781186548,0.707106781186547,0.));
#4582=DIRECTION('',(0.707106781186548,-0.707106781186547,0.));
#4583=DIRECTION('',(0.,0.,1.));
#4584=DIRECTION('',(-0.707106781186548,0.707106781186547,0.));
#4585=DIRECTION('',(0.,0.,1.));
#4586=DIRECTION('center_axis',(0.,1.,0.));
#4587=DIRECTION('ref_axis',(-1.,0.,0.));
#4588=DIRECTION('',(1.,0.,0.));
#4589=DIRECTION('',(0.,0.,1.));
#4590=DIRECTION('',(-1.,0.,0.));
#4591=DIRECTION('center_axis',(-0.707106781186547,-0.707106781186548,0.));
#4592=DIRECTION('ref_axis',(0.707106781186548,-0.707106781186547,0.));
#4593=DIRECTION('',(-0.707106781186548,0.707106781186547,0.));
#4594=DIRECTION('',(0.,0.,1.));
#4595=DIRECTION('',(0.707106781186548,-0.707106781186547,0.));
#4596=DIRECTION('center_axis',(-0.707106781186547,-0.707106781186548,0.));
#4597=DIRECTION('ref_axis',(0.707106781186548,-0.707106781186547,0.));
#4598=DIRECTION('',(-0.707106781186548,0.707106781186547,0.));
#4599=DIRECTION('',(0.,0.,1.));
#4600=DIRECTION('',(0.707106781186548,-0.707106781186547,0.));
#4601=DIRECTION('',(0.,0.,1.));
#4602=DIRECTION('center_axis',(0.,1.,0.));
#4603=DIRECTION('ref_axis',(-1.,0.,0.));
#4604=DIRECTION('',(1.,0.,0.));
#4605=DIRECTION('',(-1.,0.,0.));
#4606=DIRECTION('',(0.,0.,1.));
#4607=DIRECTION('center_axis',(0.707106781186548,0.707106781186547,0.));
#4608=DIRECTION('ref_axis',(-0.707106781186547,0.707106781186548,0.));
#4609=DIRECTION('',(0.707106781186547,-0.707106781186548,0.));
#4610=DIRECTION('',(-0.707106781186547,0.707106781186548,0.));
#4611=DIRECTION('',(0.,0.,1.));
#4612=DIRECTION('center_axis',(-0.707106781186548,-0.707106781186548,0.));
#4613=DIRECTION('ref_axis',(0.707106781186548,-0.707106781186548,0.));
#4614=DIRECTION('',(-0.707106781186548,0.707106781186548,0.));
#4615=DIRECTION('',(0.,0.,1.));
#4616=DIRECTION('',(0.707106781186548,-0.707106781186548,0.));
#4617=DIRECTION('',(0.,0.,1.));
#4618=DIRECTION('center_axis',(0.,1.,0.));
#4619=DIRECTION('ref_axis',(-1.,0.,0.));
#4620=DIRECTION('',(1.,0.,0.));
#4621=DIRECTION('',(-1.,0.,0.));
#4622=DIRECTION('',(0.,0.,1.));
#4623=DIRECTION('center_axis',(0.707106781186548,0.707106781186547,0.));
#4624=DIRECTION('ref_axis',(-0.707106781186547,0.707106781186548,0.));
#4625=DIRECTION('',(0.707106781186547,-0.707106781186548,0.));
#4626=DIRECTION('',(-0.707106781186547,0.707106781186548,0.));
#4627=DIRECTION('',(0.,0.,1.));
#4628=DIRECTION('center_axis',(0.707106781186547,0.707106781186548,0.));
#4629=DIRECTION('ref_axis',(-0.707106781186548,0.707106781186547,0.));
#4630=DIRECTION('',(0.707106781186548,-0.707106781186547,0.));
#4631=DIRECTION('',(0.,0.,1.));
#4632=DIRECTION('',(-0.707106781186548,0.707106781186547,0.));
#4633=DIRECTION('',(0.,0.,1.));
#4634=DIRECTION('center_axis',(0.,1.,0.));
#4635=DIRECTION('ref_axis',(-1.,0.,0.));
#4636=DIRECTION('',(1.,0.,0.));
#4637=DIRECTION('',(0.,0.,1.));
#4638=DIRECTION('',(-1.,0.,0.));
#4639=DIRECTION('center_axis',(-0.707106781186547,-0.707106781186548,0.));
#4640=DIRECTION('ref_axis',(0.707106781186548,-0.707106781186547,0.));
#4641=DIRECTION('',(-0.707106781186548,0.707106781186547,0.));
#4642=DIRECTION('',(0.,0.,1.));
#4643=DIRECTION('',(0.707106781186548,-0.707106781186547,0.));
#4644=DIRECTION('center_axis',(0.707106781186547,0.707106781186548,0.));
#4645=DIRECTION('ref_axis',(-0.707106781186548,0.707106781186547,0.));
#4646=DIRECTION('',(0.707106781186548,-0.707106781186547,0.));
#4647=DIRECTION('',(0.,0.,1.));
#4648=DIRECTION('',(-0.707106781186548,0.707106781186547,0.));
#4649=DIRECTION('',(0.,0.,1.));
#4650=DIRECTION('center_axis',(-0.707106781186547,-0.707106781186548,0.));
#4651=DIRECTION('ref_axis',(0.707106781186548,-0.707106781186547,0.));
#4652=DIRECTION('',(-0.707106781186548,0.707106781186547,0.));
#4653=DIRECTION('',(0.,0.,1.));
#4654=DIRECTION('',(0.707106781186548,-0.707106781186547,0.));
#4655=DIRECTION('',(0.,0.,1.));
#4656=DIRECTION('center_axis',(0.,1.,0.));
#4657=DIRECTION('ref_axis',(-1.,0.,0.));
#4658=DIRECTION('',(1.,0.,0.));
#4659=DIRECTION('',(-1.,0.,0.));
#4660=DIRECTION('center_axis',(0.707106781186549,0.707106781186546,0.));
#4661=DIRECTION('ref_axis',(-0.707106781186546,0.707106781186549,0.));
#4662=DIRECTION('',(0.707106781186546,-0.707106781186549,0.));
#4663=DIRECTION('',(0.,0.,1.));
#4664=DIRECTION('',(-0.707106781186546,0.707106781186549,0.));
#4665=DIRECTION('',(0.,0.,1.));
#4666=DIRECTION('center_axis',(-0.707106781186556,-0.707106781186539,0.));
#4667=DIRECTION('ref_axis',(0.707106781186539,-0.707106781186556,0.));
#4668=DIRECTION('',(-0.707106781186539,0.707106781186556,0.));
#4669=DIRECTION('',(0.,0.,1.));
#4670=DIRECTION('',(0.707106781186539,-0.707106781186556,0.));
#4671=DIRECTION('',(0.,0.,1.));
#4672=DIRECTION('center_axis',(-1.,0.,0.));
#4673=DIRECTION('ref_axis',(0.,0.,1.));
#4674=DIRECTION('',(0.,0.707106781186548,-0.707106781186547));
#4675=DIRECTION('',(0.,-1.,0.));
#4676=DIRECTION('',(0.,1.,0.));
#4677=DIRECTION('',(0.,1.,0.));
#4678=DIRECTION('',(0.,-0.707106781186548,0.707106781186547));
#4679=DIRECTION('',(0.,0.,-1.));
#4680=DIRECTION('',(0.,1.,0.));
#4681=DIRECTION('',(0.,0.,-1.));
#4682=DIRECTION('',(0.,1.,0.));
#4683=DIRECTION('',(0.,0.,1.));
#4684=DIRECTION('center_axis',(-1.,0.,0.));
#4685=DIRECTION('ref_axis',(0.,0.,1.));
#4686=DIRECTION('',(0.,0.707106781186548,-0.707106781186548));
#4687=DIRECTION('',(0.,-1.,0.));
#4688=DIRECTION('',(0.,1.,0.));
#4689=DIRECTION('',(0.,1.,0.));
#4690=DIRECTION('',(0.,-0.707106781186548,0.707106781186547));
#4691=DIRECTION('',(0.,0.,-1.));
#4692=DIRECTION('',(0.,1.,0.));
#4693=DIRECTION('',(0.,0.,-1.));
#4694=DIRECTION('',(0.,1.,0.));
#4695=DIRECTION('',(0.,0.,1.));
#4696=DIRECTION('center_axis',(-1.,0.,0.));
#4697=DIRECTION('ref_axis',(0.,0.,1.));
#4698=DIRECTION('',(0.,0.707106781186548,-0.707106781186547));
#4699=DIRECTION('',(0.,-1.,0.));
#4700=DIRECTION('',(0.,1.,0.));
#4701=DIRECTION('',(0.,1.,0.));
#4702=DIRECTION('',(0.,-0.707106781186548,0.707106781186548));
#4703=DIRECTION('',(0.,0.,-1.));
#4704=DIRECTION('',(0.,1.,0.));
#4705=DIRECTION('',(0.,0.,-1.));
#4706=DIRECTION('',(0.,1.,0.));
#4707=DIRECTION('',(0.,0.,1.));
#4708=DIRECTION('center_axis',(0.,0.,-1.));
#4709=DIRECTION('ref_axis',(-1.,0.,0.));
#4710=DIRECTION('',(1.,0.,0.));
#4711=DIRECTION('',(0.,-1.,0.));
#4712=DIRECTION('center_axis',(0.,0.,-1.));
#4713=DIRECTION('ref_axis',(-1.,0.,0.));
#4714=DIRECTION('',(1.,0.,0.));
#4715=DIRECTION('',(0.,-1.,0.));
#4716=DIRECTION('center_axis',(0.,0.,-1.));
#4717=DIRECTION('ref_axis',(-1.,0.,0.));
#4718=DIRECTION('',(1.,0.,0.));
#4719=DIRECTION('',(0.,-1.,0.));
#4720=DIRECTION('center_axis',(0.,0.,-1.));
#4721=DIRECTION('ref_axis',(-1.,0.,0.));
#4722=DIRECTION('',(0.,-1.,0.));
#4723=DIRECTION('',(-1.,0.,0.));
#4724=DIRECTION('',(0.,1.,0.));
#4725=DIRECTION('',(0.,1.,0.));
#4726=DIRECTION('',(0.,1.,0.));
#4727=DIRECTION('',(0.,1.,0.));
#4728=DIRECTION('',(1.,0.,0.));
#4729=DIRECTION('',(1.,0.,0.));
#4730=DIRECTION('',(1.,0.,0.));
#4731=DIRECTION('',(1.,0.,0.));
#4732=DIRECTION('',(1.,0.,0.));
#4733=DIRECTION('',(1.,0.,0.));
#4734=DIRECTION('',(1.,0.,0.));
#4735=DIRECTION('',(1.,0.,0.));
#4736=DIRECTION('',(1.,0.,0.));
#4737=DIRECTION('center_axis',(0.,0.,1.));
#4738=DIRECTION('ref_axis',(1.,0.,0.));
#4739=DIRECTION('',(0.,1.,0.));
#4740=DIRECTION('',(1.,0.,0.));
#4741=DIRECTION('',(0.,1.,0.));
#4742=DIRECTION('',(1.,0.,0.));
#4743=DIRECTION('',(0.,1.,0.));
#4744=DIRECTION('',(-1.,0.,0.));
#4745=DIRECTION('',(0.,1.,0.));
#4746=DIRECTION('',(-1.,0.,0.));
#4747=DIRECTION('center_axis',(0.,0.,1.));
#4748=DIRECTION('ref_axis',(1.,0.,0.));
#4749=DIRECTION('',(0.,1.,0.));
#4750=DIRECTION('',(1.,0.,0.));
#4751=DIRECTION('',(0.,1.,0.));
#4752=DIRECTION('',(1.,0.,0.));
#4753=DIRECTION('',(0.,1.,0.));
#4754=DIRECTION('',(-1.,0.,0.));
#4755=DIRECTION('',(0.,1.,0.));
#4756=DIRECTION('',(-1.,0.,0.));
#4757=DIRECTION('',(0.,1.,0.));
#4758=DIRECTION('',(-1.,0.,0.));
#4759=DIRECTION('center_axis',(0.,0.,1.));
#4760=DIRECTION('ref_axis',(1.,0.,0.));
#4761=DIRECTION('',(-1.,0.,0.));
#4762=DIRECTION('',(0.,-1.,0.));
#4763=DIRECTION('',(-1.,0.,0.));
#4764=DIRECTION('center_axis',(0.,0.,1.));
#4765=DIRECTION('ref_axis',(1.,0.,0.));
#4766=DIRECTION('',(0.,1.,0.));
#4767=DIRECTION('',(1.,0.,0.));
#4768=DIRECTION('',(0.,1.,0.));
#4769=DIRECTION('',(1.,0.,0.));
#4770=DIRECTION('',(0.,1.,0.));
#4771=DIRECTION('',(-1.,0.,0.));
#4772=DIRECTION('',(0.,1.,0.));
#4773=DIRECTION('',(-1.,0.,0.));
#4774=DIRECTION('',(0.,1.,0.));
#4775=DIRECTION('',(-1.,0.,0.));
#4776=DIRECTION('center_axis',(0.,0.,1.));
#4777=DIRECTION('ref_axis',(1.,0.,0.));
#4778=DIRECTION('',(0.,1.,0.));
#4779=DIRECTION('',(-1.,0.,0.));
#4780=DIRECTION('',(0.,1.,0.));
#4781=DIRECTION('',(-1.,0.,0.));
#4782=DIRECTION('',(0.,1.,0.));
#4783=DIRECTION('',(-1.,0.,0.));
#4784=DIRECTION('',(-1.,0.,0.));
#4785=DIRECTION('',(0.,1.,0.));
#4786=DIRECTION('',(-1.,0.,0.));
#4787=DIRECTION('',(0.,1.,0.));
#4788=DIRECTION('',(-1.,0.,0.));
#4789=DIRECTION('',(-1.,0.,0.));
#4790=DIRECTION('',(0.,1.,0.));
#4791=DIRECTION('',(-1.,0.,0.));
#4792=DIRECTION('',(0.,1.,0.));
#4793=DIRECTION('',(-1.,0.,0.));
#4794=DIRECTION('',(-1.,0.,0.));
#4795=DIRECTION('',(0.,1.,0.));
#4796=DIRECTION('',(-1.,0.,0.));
#4797=DIRECTION('',(0.,1.,0.));
#4798=DIRECTION('',(-1.,0.,0.));
#4799=DIRECTION('',(-1.,0.,0.));
#4800=DIRECTION('',(0.,1.,0.));
#4801=DIRECTION('',(-1.,0.,0.));
#4802=DIRECTION('',(0.,1.,0.));
#4803=DIRECTION('',(-1.,0.,0.));
#4804=DIRECTION('',(-1.,0.,0.));
#4805=DIRECTION('',(0.,1.,0.));
#4806=DIRECTION('',(-1.,0.,0.));
#4807=DIRECTION('',(0.,1.,0.));
#4808=DIRECTION('',(-1.,0.,0.));
#4809=DIRECTION('',(-1.,0.,0.));
#4810=DIRECTION('',(0.,1.,0.));
#4811=DIRECTION('',(-1.,0.,0.));
#4812=DIRECTION('',(0.,1.,0.));
#4813=DIRECTION('',(-1.,0.,0.));
#4814=DIRECTION('',(-1.,0.,0.));
#4815=DIRECTION('',(0.,1.,0.));
#4816=DIRECTION('',(-1.,0.,0.));
#4817=DIRECTION('',(0.,1.,0.));
#4818=DIRECTION('',(-1.,0.,0.));
#4819=DIRECTION('',(-1.,0.,0.));
#4820=DIRECTION('',(0.,1.,0.));
#4821=DIRECTION('',(-1.,0.,0.));
#4822=DIRECTION('',(0.,1.,0.));
#4823=DIRECTION('',(-1.,0.,0.));
#4824=DIRECTION('',(-1.,0.,0.));
#4825=DIRECTION('',(0.,-1.,0.));
#4826=DIRECTION('',(-1.,0.,0.));
#4827=DIRECTION('',(-1.,0.,0.));
#4828=DIRECTION('',(0.,-1.,0.));
#4829=DIRECTION('',(-1.,0.,0.));
#4830=DIRECTION('',(-1.,0.,0.));
#4831=DIRECTION('',(0.,-1.,0.));
#4832=DIRECTION('',(-1.,0.,0.));
#4833=DIRECTION('',(0.,1.,0.));
#4834=DIRECTION('',(1.,0.,0.));
#4835=DIRECTION('',(0.,1.,0.));
#4836=DIRECTION('',(1.,0.,0.));
#4837=DIRECTION('',(0.,1.,0.));
#4838=DIRECTION('',(1.,0.,0.));
#4839=DIRECTION('center_axis',(0.,-0.707106781186548,0.707106781186548));
#4840=DIRECTION('ref_axis',(0.,-0.707106781186548,-0.707106781186548));
#4841=DIRECTION('',(0.,0.707106781186548,0.707106781186548));
#4842=DIRECTION('',(1.,0.,0.));
#4843=DIRECTION('',(0.,-0.707106781186548,-0.707106781186548));
#4844=DIRECTION('',(1.,0.,0.));
#4845=DIRECTION('center_axis',(0.,0.707106781186547,-0.707106781186548));
#4846=DIRECTION('ref_axis',(0.,0.707106781186548,0.707106781186547));
#4847=DIRECTION('',(0.,-0.707106781186548,-0.707106781186547));
#4848=DIRECTION('',(1.,0.,0.));
#4849=DIRECTION('',(0.,0.707106781186548,0.707106781186547));
#4850=DIRECTION('',(1.,0.,0.));
#4851=DIRECTION('center_axis',(0.,-0.707106676845404,0.707106885527676));
#4852=DIRECTION('ref_axis',(0.,-0.707106885527675,-0.707106676845404));
#4853=DIRECTION('',(0.,0.707106885527675,0.707106676845404));
#4854=DIRECTION('',(0.,-0.707106885527675,-0.707106676845404));
#4855=DIRECTION('',(1.,0.,0.));
#4856=DIRECTION('center_axis',(0.,1.,0.));
#4857=DIRECTION('ref_axis',(0.,0.,1.));
#4858=DIRECTION('',(0.,0.,-1.));
#4859=DIRECTION('',(0.,0.,1.));
#4860=DIRECTION('center_axis',(0.,0.707106781186547,-0.707106781186548));
#4861=DIRECTION('ref_axis',(0.,0.707106781186548,0.707106781186547));
#4862=DIRECTION('',(0.,-0.707106781186548,-0.707106781186547));
#4863=DIRECTION('',(1.,0.,0.));
#4864=DIRECTION('',(0.,0.707106781186548,0.707106781186547));
#4865=DIRECTION('center_axis',(0.,1.,0.));
#4866=DIRECTION('ref_axis',(0.,0.,1.));
#4867=DIRECTION('',(0.,0.,-1.));
#4868=DIRECTION('',(1.,0.,0.));
#4869=DIRECTION('',(0.,0.,1.));
#4870=DIRECTION('center_axis',(0.,-0.707106781186547,0.707106781186548));
#4871=DIRECTION('ref_axis',(0.,-0.707106781186548,-0.707106781186547));
#4872=DIRECTION('',(0.,0.707106781186548,0.707106781186547));
#4873=DIRECTION('',(1.,0.,0.));
#4874=DIRECTION('',(0.,-0.707106781186548,-0.707106781186547));
#4875=DIRECTION('',(1.,0.,0.));
#4876=DIRECTION('center_axis',(0.,-0.707106781186547,0.707106781186548));
#4877=DIRECTION('ref_axis',(0.,-0.707106781186548,-0.707106781186547));
#4878=DIRECTION('',(0.,0.707106781186548,0.707106781186547));
#4879=DIRECTION('',(1.,0.,0.));
#4880=DIRECTION('',(0.,-0.707106781186548,-0.707106781186547));
#4881=DIRECTION('',(1.,0.,0.));
#4882=DIRECTION('center_axis',(0.,0.707106781186548,-0.707106781186548));
#4883=DIRECTION('ref_axis',(0.,0.707106781186548,0.707106781186548));
#4884=DIRECTION('',(0.,-0.707106781186548,-0.707106781186548));
#4885=DIRECTION('',(1.,0.,0.));
#4886=DIRECTION('',(0.,0.707106781186548,0.707106781186548));
#4887=DIRECTION('',(1.,0.,0.));
#4888=DIRECTION('center_axis',(0.,-0.707106781186547,0.707106781186548));
#4889=DIRECTION('ref_axis',(0.,-0.707106781186548,-0.707106781186547));
#4890=DIRECTION('',(0.,0.707106781186548,0.707106781186547));
#4891=DIRECTION('',(0.,-0.707106781186548,-0.707106781186547));
#4892=DIRECTION('',(1.,0.,0.));
#4893=DIRECTION('center_axis',(0.,1.,0.));
#4894=DIRECTION('ref_axis',(0.,0.,1.));
#4895=DIRECTION('',(0.,0.,-1.));
#4896=DIRECTION('',(0.,0.,1.));
#4897=DIRECTION('',(1.,0.,0.));
#4898=DIRECTION('center_axis',(0.,0.707106781186548,-0.707106781186547));
#4899=DIRECTION('ref_axis',(0.,0.707106781186547,0.707106781186548));
#4900=DIRECTION('',(0.,-0.707106781186547,-0.707106781186548));
#4901=DIRECTION('',(0.,0.707106781186547,0.707106781186548));
#4902=DIRECTION('center_axis',(0.,-0.707106781186548,0.707106781186547));
#4903=DIRECTION('ref_axis',(0.,-0.707106781186547,-0.707106781186548));
#4904=DIRECTION('',(0.,0.707106781186547,0.707106781186548));
#4905=DIRECTION('',(0.,-0.707106781186547,-0.707106781186548));
#4906=DIRECTION('',(1.,0.,0.));
#4907=DIRECTION('center_axis',(0.,1.,0.));
#4908=DIRECTION('ref_axis',(0.,0.,1.));
#4909=DIRECTION('',(0.,0.,-1.));
#4910=DIRECTION('',(0.,0.,1.));
#4911=DIRECTION('',(1.,0.,0.));
#4912=DIRECTION('center_axis',(0.,0.707106781186548,-0.707106781186548));
#4913=DIRECTION('ref_axis',(0.,0.707106781186548,0.707106781186548));
#4914=DIRECTION('',(0.,-0.707106781186547,-0.707106781186547));
#4915=DIRECTION('',(0.,0.707106781186548,0.707106781186548));
#4916=DIRECTION('center_axis',(0.,0.707106781186547,-0.707106781186548));
#4917=DIRECTION('ref_axis',(0.,0.707106781186548,0.707106781186547));
#4918=DIRECTION('',(0.,-0.707106781186548,-0.707106781186547));
#4919=DIRECTION('',(1.,0.,0.));
#4920=DIRECTION('',(0.,0.707106781186548,0.707106781186547));
#4921=DIRECTION('',(1.,0.,0.));
#4922=DIRECTION('center_axis',(0.,-1.,0.));
#4923=DIRECTION('ref_axis',(0.,0.,-1.));
#4924=DIRECTION('',(0.,0.,1.));
#4925=DIRECTION('',(0.,0.,-1.));
#4926=DIRECTION('',(1.,0.,0.));
#4927=DIRECTION('center_axis',(0.,1.,0.));
#4928=DIRECTION('ref_axis',(0.,0.,1.));
#4929=DIRECTION('',(0.,0.,1.));
#4930=DIRECTION('',(0.707106781186548,0.,0.707106781186547));
#4931=DIRECTION('',(-1.,0.,0.));
#4932=DIRECTION('',(-0.707106781186548,0.,-0.707106781186547));
#4933=DIRECTION('',(0.,0.,1.));
#4934=DIRECTION('',(0.,0.,-1.));
#4935=DIRECTION('center_axis',(1.,0.,0.));
#4936=DIRECTION('ref_axis',(0.,0.,-1.));
#4937=DIRECTION('',(0.,-1.,0.));
#4938=DIRECTION('',(0.,-1.,0.));
#4939=DIRECTION('',(0.,0.,1.));
#4940=DIRECTION('',(0.,1.,0.));
#4941=DIRECTION('',(0.,0.,1.));
#4942=DIRECTION('center_axis',(1.,0.,0.));
#4943=DIRECTION('ref_axis',(0.,0.,-1.));
#4944=DIRECTION('',(0.,0.,1.));
#4945=DIRECTION('',(0.,1.,0.));
#4946=DIRECTION('',(0.,0.,1.));
#4947=DIRECTION('center_axis',(1.,0.,0.));
#4948=DIRECTION('ref_axis',(0.,0.,-1.));
#4949=DIRECTION('',(0.,0.,-1.));
#4950=DIRECTION('',(0.,-1.,0.));
#4951=DIRECTION('',(0.,-1.,0.));
#4952=DIRECTION('',(0.,-1.,0.));
#4953=DIRECTION('',(0.,-1.,0.));
#4954=DIRECTION('center_axis',(1.,0.,0.));
#4955=DIRECTION('ref_axis',(0.,0.,-1.));
#4956=DIRECTION('',(0.,-1.,0.));
#4957=DIRECTION('',(0.,0.,1.));
#4958=DIRECTION('',(0.,1.,0.));
#4959=DIRECTION('',(0.,0.,1.));
#4960=DIRECTION('',(0.,1.,0.));
#4961=DIRECTION('center_axis',(0.,1.,0.));
#4962=DIRECTION('ref_axis',(0.,0.,1.));
#4963=DIRECTION('',(0.707106781186549,0.,0.707106781186546));
#4964=DIRECTION('',(-1.,0.,0.));
#4965=DIRECTION('',(-0.707106781186548,0.,-0.707106781186547));
#4966=DIRECTION('',(0.,0.,-1.));
#4967=DIRECTION('center_axis',(-1.,0.,0.));
#4968=DIRECTION('ref_axis',(0.,0.,1.));
#4969=DIRECTION('',(0.,-1.,-4.93432446403005E-16));
#4970=DIRECTION('',(0.,0.,-1.));
#4971=DIRECTION('',(0.,-1.,-4.93432446403005E-16));
#4972=DIRECTION('',(0.,0.,-1.));
#4973=DIRECTION('',(0.,-1.,-4.93432446403005E-16));
#4974=DIRECTION('',(0.,0.,-1.));
#4975=DIRECTION('',(0.,-1.,0.));
#4976=DIRECTION('',(0.,0.,1.));
#4977=DIRECTION('',(0.,1.,0.));
#4978=DIRECTION('',(0.,1.,0.));
#4979=DIRECTION('',(0.,1.,0.));
#4980=DIRECTION('',(0.,1.,0.));
#4981=DIRECTION('',(0.,-1.,-4.93432446403005E-16));
#4982=DIRECTION('',(0.,0.,-1.));
#4983=DIRECTION('center_axis',(0.707106781186548,0.,-0.707106781186547));
#4984=DIRECTION('ref_axis',(-0.707106781186547,0.,-0.707106781186548));
#4985=DIRECTION('',(0.707106781186547,0.,0.707106781186548));
#4986=DIRECTION('',(-0.707106781186547,0.,-0.707106781186548));
#4987=DIRECTION('center_axis',(-0.707106781186548,0.,0.707106781186547));
#4988=DIRECTION('ref_axis',(0.707106781186547,0.,0.707106781186548));
#4989=DIRECTION('',(-0.707106781186547,0.,-0.707106781186548));
#4990=DIRECTION('',(0.707106781186547,0.,0.707106781186548));
#4991=DIRECTION('center_axis',(0.707106781186547,0.,-0.707106781186548));
#4992=DIRECTION('ref_axis',(-0.707106781186548,0.,-0.707106781186547));
#4993=DIRECTION('',(0.707106781186548,0.,0.707106781186547));
#4994=DIRECTION('',(-0.707106781186548,0.,-0.707106781186547));
#4995=DIRECTION('',(0.,1.,0.));
#4996=DIRECTION('center_axis',(-0.707106781186547,0.,0.707106781186548));
#4997=DIRECTION('ref_axis',(0.707106781186548,0.,0.707106781186547));
#4998=DIRECTION('',(-0.707106781186548,0.,-0.707106781186547));
#4999=DIRECTION('',(0.,1.,0.));
#5000=DIRECTION('',(0.707106781186548,0.,0.707106781186547));
#5001=DIRECTION('center_axis',(0.707106781186547,0.,-0.707106781186548));
#5002=DIRECTION('ref_axis',(-0.707106781186548,0.,-0.707106781186547));
#5003=DIRECTION('',(0.707106781186548,0.,0.707106781186547));
#5004=DIRECTION('',(-0.707106781186548,0.,-0.707106781186547));
#5005=DIRECTION('',(0.,1.,0.));
#5006=DIRECTION('center_axis',(-0.707106781186547,0.,0.707106781186548));
#5007=DIRECTION('ref_axis',(0.707106781186548,0.,0.707106781186547));
#5008=DIRECTION('',(-0.707106781186548,0.,-0.707106781186547));
#5009=DIRECTION('',(0.,1.,0.));
#5010=DIRECTION('',(0.707106781186548,0.,0.707106781186547));
#5011=DIRECTION('center_axis',(0.707106781186546,0.,-0.707106781186549));
#5012=DIRECTION('ref_axis',(-0.707106781186549,0.,-0.707106781186546));
#5013=DIRECTION('',(-0.707106781186549,0.,-0.707106781186546));
#5014=DIRECTION('',(0.,1.,0.));
#5015=DIRECTION('center_axis',(-0.707106781186547,0.,0.707106781186548));
#5016=DIRECTION('ref_axis',(0.707106781186548,0.,0.707106781186547));
#5017=DIRECTION('',(-0.707106781186548,0.,-0.707106781186547));
#5018=DIRECTION('',(0.,1.,0.));
#5019=DIRECTION('',(0.707106781186548,0.,0.707106781186547));
#5020=DIRECTION('center_axis',(0.707106781186546,0.,-0.70710678118655));
#5021=DIRECTION('ref_axis',(-0.707106781186549,0.,-0.707106781186545));
#5022=DIRECTION('',(0.707106781186549,0.,0.707106781186545));
#5023=DIRECTION('',(-0.707106781186549,0.,-0.707106781186545));
#5024=DIRECTION('',(0.,1.,0.));
#5025=DIRECTION('center_axis',(-0.707106781186546,0.,0.707106781186549));
#5026=DIRECTION('ref_axis',(0.707106781186549,0.,0.707106781186546));
#5027=DIRECTION('',(-0.707106781186549,0.,-0.707106781186546));
#5028=DIRECTION('',(0.,1.,0.));
#5029=DIRECTION('',(0.707106781186549,0.,0.707106781186546));
#5030=DIRECTION('center_axis',(0.707106781186547,0.,-0.707106781186548));
#5031=DIRECTION('ref_axis',(-0.707106781186548,0.,-0.707106781186547));
#5032=DIRECTION('',(0.707106781186548,0.,0.707106781186547));
#5033=DIRECTION('',(-0.707106781186548,0.,-0.707106781186547));
#5034=DIRECTION('',(0.,1.,0.));
#5035=DIRECTION('center_axis',(0.707106781186547,0.,-0.707106781186548));
#5036=DIRECTION('ref_axis',(-0.707106781186548,0.,-0.707106781186547));
#5037=DIRECTION('',(0.707106781186548,0.,0.707106781186547));
#5038=DIRECTION('',(-0.707106781186548,0.,-0.707106781186547));
#5039=DIRECTION('',(0.,1.,0.));
#5040=DIRECTION('center_axis',(-0.707106781186548,0.,0.707106781186548));
#5041=DIRECTION('ref_axis',(0.707106781186548,0.,0.707106781186548));
#5042=DIRECTION('',(-0.707106781186548,0.,-0.707106781186548));
#5043=DIRECTION('',(0.,1.,0.));
#5044=DIRECTION('',(0.707106781186548,0.,0.707106781186548));
#5045=DIRECTION('center_axis',(0.707106781186549,0.,-0.707106781186546));
#5046=DIRECTION('ref_axis',(-0.707106781186546,0.,-0.707106781186549));
#5047=DIRECTION('',(0.707106781186546,0.,0.707106781186549));
#5048=DIRECTION('',(-0.707106781186546,0.,-0.707106781186549));
#5049=DIRECTION('center_axis',(-0.707106781186547,0.,0.707106781186548));
#5050=DIRECTION('ref_axis',(0.707106781186548,0.,0.707106781186547));
#5051=DIRECTION('',(-0.707106781186548,0.,-0.707106781186547));
#5052=DIRECTION('',(0.707106781186548,0.,0.707106781186547));
#5053=DIRECTION('center_axis',(0.707106781186546,0.,-0.707106781186549));
#5054=DIRECTION('ref_axis',(-0.707106781186549,0.,-0.707106781186546));
#5055=DIRECTION('',(0.707106781186549,0.,0.707106781186546));
#5056=DIRECTION('',(-0.707106781186549,0.,-0.707106781186546));
#5057=DIRECTION('',(0.,1.,0.));
#5058=DIRECTION('center_axis',(-0.707106781186548,0.,0.707106781186548));
#5059=DIRECTION('ref_axis',(0.707106781186548,0.,0.707106781186548));
#5060=DIRECTION('',(-0.707106781186548,0.,-0.707106781186548));
#5061=DIRECTION('',(0.,1.,0.));
#5062=DIRECTION('',(0.707106781186548,0.,0.707106781186548));
#5063=DIRECTION('center_axis',(0.707106781186547,0.,-0.707106781186548));
#5064=DIRECTION('ref_axis',(-0.707106781186548,0.,-0.707106781186547));
#5065=DIRECTION('',(0.707106781186548,0.,0.707106781186547));
#5066=DIRECTION('',(-0.707106781186548,0.,-0.707106781186547));
#5067=DIRECTION('',(0.,1.,0.));
#5068=DIRECTION('center_axis',(-0.707106781186547,0.,0.707106781186548));
#5069=DIRECTION('ref_axis',(0.707106781186548,0.,0.707106781186547));
#5070=DIRECTION('',(-0.707106781186548,0.,-0.707106781186547));
#5071=DIRECTION('',(0.,1.,0.));
#5072=DIRECTION('',(0.707106781186548,0.,0.707106781186547));
#5073=DIRECTION('center_axis',(0.707106781186547,0.,-0.707106781186548));
#5074=DIRECTION('ref_axis',(-0.707106781186548,0.,-0.707106781186547));
#5075=DIRECTION('',(-0.707106781186548,0.,-0.707106781186547));
#5076=DIRECTION('',(0.,1.,0.));
#5077=DIRECTION('center_axis',(-0.707106781186547,0.,0.707106781186548));
#5078=DIRECTION('ref_axis',(0.707106781186548,0.,0.707106781186547));
#5079=DIRECTION('',(0.,1.,0.));
#5080=DIRECTION('',(0.707106781186548,0.,0.707106781186547));
#5081=DIRECTION('center_axis',(0.707106781186547,0.,-0.707106781186548));
#5082=DIRECTION('ref_axis',(-0.707106781186548,0.,-0.707106781186547));
#5083=DIRECTION('',(0.707106781186548,0.,0.707106781186547));
#5084=DIRECTION('',(0.,1.,0.));
#5085=DIRECTION('',(-0.707106781186548,0.,-0.707106781186547));
#5086=DIRECTION('',(0.,1.,0.));
#5087=DIRECTION('center_axis',(-0.707106781186547,0.,0.707106781186548));
#5088=DIRECTION('ref_axis',(0.707106781186548,0.,0.707106781186547));
#5089=DIRECTION('',(0.,1.,0.));
#5090=DIRECTION('',(0.707106781186548,0.,0.707106781186547));
#5091=DIRECTION('',(0.,1.,0.));
#5092=DIRECTION('center_axis',(0.707106781186547,0.,-0.707106781186548));
#5093=DIRECTION('ref_axis',(-0.707106781186548,0.,-0.707106781186547));
#5094=DIRECTION('',(0.707106781186548,0.,0.707106781186547));
#5095=DIRECTION('',(-0.707106781186548,0.,-0.707106781186547));
#5096=DIRECTION('',(0.,1.,0.));
#5097=DIRECTION('center_axis',(-0.707106781186547,0.,0.707106781186548));
#5098=DIRECTION('ref_axis',(0.707106781186548,0.,0.707106781186547));
#5099=DIRECTION('',(-0.707106781186548,0.,-0.707106781186547));
#5100=DIRECTION('',(0.,1.,0.));
#5101=DIRECTION('',(0.707106781186548,0.,0.707106781186547));
#5102=DIRECTION('center_axis',(-0.707106781186547,0.,0.707106781186548));
#5103=DIRECTION('ref_axis',(0.707106781186548,0.,0.707106781186547));
#5104=DIRECTION('',(-0.707106781186548,0.,-0.707106781186547));
#5105=DIRECTION('',(0.,1.,0.));
#5106=DIRECTION('',(0.707106781186548,0.,0.707106781186547));
#5107=DIRECTION('center_axis',(0.707106781186547,0.,-0.707106781186548));
#5108=DIRECTION('ref_axis',(-0.707106781186548,0.,-0.707106781186547));
#5109=DIRECTION('',(0.707106781186548,0.,0.707106781186547));
#5110=DIRECTION('',(-0.707106781186548,0.,-0.707106781186547));
#5111=DIRECTION('',(0.,1.,0.));
#5112=DIRECTION('center_axis',(0.707106781186556,0.,-0.707106781186539));
#5113=DIRECTION('ref_axis',(-0.707106781186539,0.,-0.707106781186556));
#5114=DIRECTION('',(0.707106781186539,0.,0.707106781186556));
#5115=DIRECTION('',(-0.707106781186539,0.,-0.707106781186556));
#5116=DIRECTION('center_axis',(-0.707106781186549,0.,0.707106781186546));
#5117=DIRECTION('ref_axis',(0.707106781186546,0.,0.707106781186549));
#5118=DIRECTION('',(-0.707106781186546,0.,-0.707106781186549));
#5119=DIRECTION('',(0.707106781186546,0.,0.707106781186549));
#5120=DIRECTION('center_axis',(1.,0.,0.));
#5121=DIRECTION('ref_axis',(0.,0.,-1.));
#5122=DIRECTION('',(0.,0.,1.));
#5123=DIRECTION('',(0.,0.,1.));
#5124=DIRECTION('',(0.,-1.,0.));
#5125=DIRECTION('center_axis',(0.,1.,0.));
#5126=DIRECTION('ref_axis',(1.,0.,0.));
#5127=DIRECTION('',(-1.,0.,0.));
#5128=DIRECTION('',(0.,0.,-1.));
#5129=DIRECTION('center_axis',(0.,1.,0.));
#5130=DIRECTION('ref_axis',(1.,0.,0.));
#5131=DIRECTION('',(-1.,0.,0.));
#5132=DIRECTION('',(0.,0.,-1.));
#5133=DIRECTION('center_axis',(0.,1.,0.));
#5134=DIRECTION('ref_axis',(1.,0.,0.));
#5135=DIRECTION('',(0.,0.,-1.));
#5136=DIRECTION('',(1.,0.,0.));
#5137=DIRECTION('',(0.,0.,1.));
#5138=DIRECTION('',(1.,0.,0.));
#5139=DIRECTION('',(0.,0.,1.));
#5140=DIRECTION('',(1.,0.,0.));
#5141=DIRECTION('',(0.,0.,1.));
#5142=DIRECTION('',(1.,0.,0.));
#5143=DIRECTION('',(0.,0.,1.));
#5144=DIRECTION('',(1.,0.,0.));
#5145=DIRECTION('',(-1.,0.,0.));
#5146=DIRECTION('',(1.,0.,0.));
#5147=DIRECTION('',(-1.,0.,0.));
#5148=DIRECTION('',(1.,0.,0.));
#5149=DIRECTION('',(-1.,0.,0.));
#5150=DIRECTION('',(1.,0.,0.));
#5151=DIRECTION('',(-1.,0.,0.));
#5152=DIRECTION('',(1.,0.,0.));
#5153=DIRECTION('',(-1.,0.,0.));
#5154=DIRECTION('',(1.,0.,0.));
#5155=DIRECTION('',(-1.,0.,0.));
#5156=DIRECTION('',(1.,0.,0.));
#5157=DIRECTION('',(-1.,0.,0.));
#5158=DIRECTION('',(1.,0.,0.));
#5159=DIRECTION('',(-1.,0.,0.));
#5160=DIRECTION('',(1.,0.,0.));
#5161=DIRECTION('',(-1.,0.,0.));
#5162=DIRECTION('center_axis',(0.,1.,0.));
#5163=DIRECTION('ref_axis',(1.,0.,0.));
#5164=DIRECTION('',(-1.,0.,0.));
#5165=DIRECTION('',(0.,0.,-1.));
#5166=DIRECTION('center_axis',(0.,1.,0.));
#5167=DIRECTION('ref_axis',(0.,0.,1.));
#5168=DIRECTION('',(-1.,0.,0.));
#5169=DIRECTION('',(0.,0.,1.));
#5170=DIRECTION('',(1.,0.,0.));
#5171=DIRECTION('center_axis',(0.,1.,0.));
#5172=DIRECTION('ref_axis',(0.,0.,1.));
#5173=DIRECTION('',(-1.,0.,0.));
#5174=DIRECTION('',(1.,0.,0.));
#5175=DIRECTION('center_axis',(0.,1.,0.));
#5176=DIRECTION('ref_axis',(0.,0.,1.));
#5177=DIRECTION('',(-1.,0.,0.));
#5178=DIRECTION('',(1.,0.,0.));
#5179=DIRECTION('center_axis',(0.,1.,0.));
#5180=DIRECTION('ref_axis',(0.,0.,1.));
#5181=DIRECTION('',(-1.,0.,0.));
#5182=DIRECTION('',(0.,0.,-1.));
#5183=DIRECTION('center_axis',(0.,1.,0.));
#5184=DIRECTION('ref_axis',(0.,0.,1.));
#5185=DIRECTION('',(-1.,0.,0.));
#5186=DIRECTION('',(0.,0.,1.));
#5187=DIRECTION('',(-1.,0.,0.));
#5188=DIRECTION('',(1.,0.,0.));
#5189=DIRECTION('center_axis',(0.,1.,0.));
#5190=DIRECTION('ref_axis',(0.,0.,1.));
#5191=DIRECTION('',(-1.,0.,0.));
#5192=DIRECTION('',(1.,0.,0.));
#5193=DIRECTION('center_axis',(0.,1.,0.));
#5194=DIRECTION('ref_axis',(0.,0.,1.));
#5195=DIRECTION('',(-1.,0.,0.));
#5196=DIRECTION('',(1.,0.,0.));
#5197=DIRECTION('center_axis',(0.,1.,0.));
#5198=DIRECTION('ref_axis',(0.,0.,1.));
#5199=DIRECTION('',(-1.,0.,0.));
#5200=DIRECTION('',(1.,0.,0.));
#5201=DIRECTION('center_axis',(0.,1.,0.));
#5202=DIRECTION('ref_axis',(0.,0.,1.));
#5203=DIRECTION('',(-1.,0.,0.));
#5204=DIRECTION('',(1.,0.,0.));
#5205=DIRECTION('center_axis',(0.,1.,0.));
#5206=DIRECTION('ref_axis',(0.,0.,1.));
#5207=DIRECTION('',(-1.,0.,0.));
#5208=DIRECTION('',(1.,0.,0.));
#5209=DIRECTION('center_axis',(0.,1.,0.));
#5210=DIRECTION('ref_axis',(0.,0.,1.));
#5211=DIRECTION('',(-1.,0.,0.));
#5212=DIRECTION('',(1.,0.,0.));
#5213=DIRECTION('center_axis',(0.,1.,0.));
#5214=DIRECTION('ref_axis',(0.,0.,1.));
#5215=DIRECTION('',(-1.,0.,0.));
#5216=DIRECTION('',(0.,0.,1.));
#5217=DIRECTION('',(-1.,0.,0.));
#5218=DIRECTION('',(1.,0.,0.));
#5219=DIRECTION('center_axis',(0.,-0.707106781186548,-0.707106781186548));
#5220=DIRECTION('ref_axis',(0.,-0.707106781186548,0.707106781186548));
#5221=DIRECTION('',(0.,-0.707106781186548,0.707106781186548));
#5222=DIRECTION('center_axis',(0.,0.707106781186547,0.707106781186548));
#5223=DIRECTION('ref_axis',(0.,0.707106781186548,-0.707106781186547));
#5224=DIRECTION('',(0.,0.707106781186548,-0.707106781186547));
#5225=DIRECTION('center_axis',(0.,-0.707106676845404,-0.707106885527676));
#5226=DIRECTION('ref_axis',(0.,-0.707106885527675,0.707106676845404));
#5227=DIRECTION('',(0.,0.707106885527675,-0.707106676845404));
#5228=DIRECTION('',(-1.,0.,0.));
#5229=DIRECTION('',(0.,-0.707106885527675,0.707106676845404));
#5230=DIRECTION('',(-1.,0.,0.));
#5231=DIRECTION('center_axis',(0.,1.,0.));
#5232=DIRECTION('ref_axis',(0.,0.,-1.));
#5233=DIRECTION('',(0.,0.,1.));
#5234=DIRECTION('',(0.,0.,-1.));
#5235=DIRECTION('',(-1.,0.,0.));
#5236=DIRECTION('center_axis',(0.,1.,0.));
#5237=DIRECTION('ref_axis',(0.,0.,-1.));
#5238=DIRECTION('',(0.,0.,1.));
#5239=DIRECTION('',(0.,0.,-1.));
#5240=DIRECTION('',(-1.,0.,0.));
#5241=DIRECTION('center_axis',(0.,0.707106781186547,0.707106781186548));
#5242=DIRECTION('ref_axis',(0.,0.707106781186548,-0.707106781186547));
#5243=DIRECTION('',(0.,-0.707106781186548,0.707106781186547));
#5244=DIRECTION('',(0.,0.707106781186548,-0.707106781186547));
#5245=DIRECTION('',(-1.,0.,0.));
#5246=DIRECTION('center_axis',(0.,-0.707106781186547,-0.707106781186548));
#5247=DIRECTION('ref_axis',(0.,-0.707106781186548,0.707106781186547));
#5248=DIRECTION('',(-1.,0.,0.));
#5249=DIRECTION('',(0.,-0.707106781186548,0.707106781186547));
#5250=DIRECTION('center_axis',(0.,-0.707106781186547,-0.707106781186548));
#5251=DIRECTION('ref_axis',(0.,-0.707106781186548,0.707106781186547));
#5252=DIRECTION('',(0.,-0.707106781186548,0.707106781186547));
#5253=DIRECTION('center_axis',(0.,0.707106781186547,0.707106781186548));
#5254=DIRECTION('ref_axis',(0.,0.707106781186548,-0.707106781186547));
#5255=DIRECTION('',(0.,0.707106781186548,-0.707106781186547));
#5256=DIRECTION('center_axis',(0.,1.,0.));
#5257=DIRECTION('ref_axis',(0.,0.,-1.));
#5258=DIRECTION('',(0.,0.,1.));
#5259=DIRECTION('',(-1.,0.,0.));
#5260=DIRECTION('',(0.,0.,-1.));
#5261=DIRECTION('',(-1.,0.,0.));
#5262=DIRECTION('center_axis',(0.,0.707106781186548,0.707106781186547));
#5263=DIRECTION('ref_axis',(0.,0.707106781186547,-0.707106781186548));
#5264=DIRECTION('',(0.,-0.707106781186547,0.707106781186548));
#5265=DIRECTION('',(0.,0.707106781186547,-0.707106781186548));
#5266=DIRECTION('',(-1.,0.,0.));
#5267=DIRECTION('center_axis',(0.,-0.707106781186548,-0.707106781186547));
#5268=DIRECTION('ref_axis',(0.,-0.707106781186547,0.707106781186548));
#5269=DIRECTION('',(0.,0.707106781186547,-0.707106781186548));
#5270=DIRECTION('',(-1.,0.,0.));
#5271=DIRECTION('',(0.,-0.707106781186547,0.707106781186548));
#5272=DIRECTION('center_axis',(0.,1.,0.));
#5273=DIRECTION('ref_axis',(0.,0.,-1.));
#5274=DIRECTION('',(0.,0.,1.));
#5275=DIRECTION('',(-1.,0.,0.));
#5276=DIRECTION('',(0.,0.,-1.));
#5277=DIRECTION('',(-1.,0.,0.));
#5278=DIRECTION('center_axis',(0.,0.707106781186548,0.707106781186548));
#5279=DIRECTION('ref_axis',(0.,0.707106781186548,-0.707106781186548));
#5280=DIRECTION('',(0.,-0.707106781186548,0.707106781186548));
#5281=DIRECTION('',(0.,0.707106781186548,-0.707106781186548));
#5282=DIRECTION('',(-1.,0.,0.));
#5283=DIRECTION('center_axis',(0.,-0.707106781186548,-0.707106781186547));
#5284=DIRECTION('ref_axis',(0.,-0.707106781186547,0.707106781186548));
#5285=DIRECTION('',(0.,0.707106781186547,-0.707106781186548));
#5286=DIRECTION('',(-1.,0.,0.));
#5287=DIRECTION('',(0.,-0.707106781186547,0.707106781186548));
#5288=DIRECTION('center_axis',(0.,0.707106781186548,0.707106781186548));
#5289=DIRECTION('ref_axis',(0.,0.707106781186548,-0.707106781186548));
#5290=DIRECTION('',(0.,0.707106781186548,-0.707106781186548));
#5291=DIRECTION('center_axis',(0.,1.,0.));
#5292=DIRECTION('ref_axis',(0.,0.,1.));
#5293=DIRECTION('',(-1.,0.,0.));
#5294=DIRECTION('',(0.,0.,1.));
#5295=DIRECTION('',(1.,0.,0.));
#5296=DIRECTION('center_axis',(-1.,0.,0.));
#5297=DIRECTION('ref_axis',(0.,0.,1.));
#5298=DIRECTION('',(0.,1.,0.));
#5299=DIRECTION('',(0.,0.,1.));
#5300=DIRECTION('',(0.,1.,0.));
#5301=DIRECTION('',(0.,1.,0.));
#5302=DIRECTION('',(0.,1.,0.));
#5303=DIRECTION('center_axis',(1.,0.,0.));
#5304=DIRECTION('ref_axis',(0.,0.,-1.));
#5305=DIRECTION('',(0.,0.,1.));
#5306=DIRECTION('',(0.,-1.,0.));
#5307=DIRECTION('center_axis',(1.,0.,0.));
#5308=DIRECTION('ref_axis',(0.,0.,-1.));
#5309=DIRECTION('',(0.,-1.,0.));
#5310=DIRECTION('',(0.,0.,-1.));
#5311=DIRECTION('',(0.,1.,0.));
#5312=DIRECTION('',(0.,0.,1.));
#5313=DIRECTION('',(0.,1.,0.));
#5314=DIRECTION('',(0.,1.,0.));
#5315=DIRECTION('',(0.,1.,0.));
#5316=DIRECTION('',(0.,1.,0.));
#5317=DIRECTION('center_axis',(1.,0.,0.));
#5318=DIRECTION('ref_axis',(0.,0.,-1.));
#5319=DIRECTION('',(0.,0.,1.));
#5320=DIRECTION('',(0.,-1.,0.));
#5321=DIRECTION('center_axis',(1.,0.,0.));
#5322=DIRECTION('ref_axis',(0.,0.,-1.));
#5323=DIRECTION('',(0.,-1.,0.));
#5324=DIRECTION('',(0.,0.,1.));
#5325=DIRECTION('center_axis',(-1.,0.,0.));
#5326=DIRECTION('ref_axis',(0.,0.,1.));
#5327=DIRECTION('',(0.,-1.,0.));
#5328=DIRECTION('',(0.,0.,-1.));
#5329=DIRECTION('',(0.,1.,0.));
#5330=DIRECTION('',(0.,0.,1.));
#5331=DIRECTION('center_axis',(1.,0.,0.));
#5332=DIRECTION('ref_axis',(0.,0.,-1.));
#5333=DIRECTION('',(0.,1.,0.));
#5334=DIRECTION('',(0.,0.,-1.));
#5335=DIRECTION('',(0.,1.,0.));
#5336=DIRECTION('',(0.,0.,-1.));
#5337=DIRECTION('center_axis',(0.,-1.,0.));
#5338=DIRECTION('ref_axis',(0.,0.,1.));
#5339=DIRECTION('',(0.,0.,1.));
#5340=DIRECTION('',(-1.,0.,0.));
#5341=DIRECTION('',(0.,0.,1.));
#5342=DIRECTION('',(-1.,0.,0.));
#5343=DIRECTION('center_axis',(0.,1.,0.));
#5344=DIRECTION('ref_axis',(0.,0.,-1.));
#5345=DIRECTION('',(-1.,0.,0.));
#5346=DIRECTION('',(0.,0.,-1.));
#5347=DIRECTION('',(-1.,0.,0.));
#5348=DIRECTION('center_axis',(-1.,0.,0.));
#5349=DIRECTION('ref_axis',(0.,0.,1.));
#5350=DIRECTION('',(0.,1.,0.));
#5351=DIRECTION('',(0.,-1.,0.));
#5352=DIRECTION('center_axis',(1.,0.,0.));
#5353=DIRECTION('ref_axis',(0.,0.,-1.));
#5354=DIRECTION('',(0.,1.,0.));
#5355=DIRECTION('',(0.,0.,1.));
#5356=DIRECTION('',(0.,1.,0.));
#5357=DIRECTION('center_axis',(0.,0.,-1.));
#5358=DIRECTION('ref_axis',(-1.,0.,0.));
#5359=DIRECTION('',(-1.,0.,0.));
#5360=DIRECTION('center_axis',(0.,0.,1.));
#5361=DIRECTION('ref_axis',(1.,0.,0.));
#5362=DIRECTION('',(-1.,0.,0.));
#5363=DIRECTION('',(1.,0.,0.));
#5364=DIRECTION('center_axis',(0.,1.,0.));
#5365=DIRECTION('ref_axis',(0.,0.,1.));
#5366=DIRECTION('',(1.,0.,0.));
#5367=DIRECTION('center_axis',(0.408248290463863,-0.816496580927726,-0.408248290463863));
#5368=DIRECTION('ref_axis',(-0.577350269189626,-0.577350269189626,0.577350269189626));
#5369=DIRECTION('center_axis',(0.,0.,1.));
#5370=DIRECTION('ref_axis',(0.,-1.,0.));
#5371=DIRECTION('center_axis',(-1.,0.,0.));
#5372=DIRECTION('ref_axis',(0.,0.,1.));
#5373=DIRECTION('center_axis',(0.,-1.,0.));
#5374=DIRECTION('ref_axis',(-1.,0.,0.));
#5375=DIRECTION('center_axis',(0.408248290463863,0.408248290463862,-0.816496580927726));
#5376=DIRECTION('ref_axis',(-0.577350269189627,-0.577350269189626,-0.577350269189625));
#5377=DIRECTION('center_axis',(0.,-1.,0.));
#5378=DIRECTION('ref_axis',(0.,0.,-1.));
#5379=DIRECTION('center_axis',(-1.,0.,0.));
#5380=DIRECTION('ref_axis',(0.,-1.,0.));
#5381=DIRECTION('center_axis',(0.,0.,-1.));
#5382=DIRECTION('ref_axis',(-1.,0.,0.));
#5383=DIRECTION('center_axis',(-0.40824829046386,-0.816496580927727,-0.408248290463863));
#5384=DIRECTION('ref_axis',(0.577350269189626,-0.577350269189625,0.577350269189626));
#5385=DIRECTION('center_axis',(0.,-1.,0.));
#5386=DIRECTION('ref_axis',(0.,0.,1.));
#5387=DIRECTION('center_axis',(1.,0.,0.));
#5388=DIRECTION('ref_axis',(0.,-1.,0.));
#5389=DIRECTION('center_axis',(0.,-4.44089209850063E-15,1.));
#5390=DIRECTION('ref_axis',(1.,0.,0.));
#5391=DIRECTION('center_axis',(-1.,0.,0.));
#5392=DIRECTION('ref_axis',(0.,-0.707106781186546,0.707106781186549));
#5393=DIRECTION('',(-1.,0.,0.));
#5394=DIRECTION('center_axis',(-0.408248290463863,-0.816496580927726,0.408248290463863));
#5395=DIRECTION('ref_axis',(0.577350269189626,-0.577350269189625,-0.577350269189626));
#5396=DIRECTION('center_axis',(0.,-1.,0.));
#5397=DIRECTION('ref_axis',(1.,0.,0.));
#5398=DIRECTION('center_axis',(0.,0.,-1.));
#5399=DIRECTION('ref_axis',(0.,-1.,0.));
#5400=DIRECTION('center_axis',(1.,0.,0.));
#5401=DIRECTION('ref_axis',(0.,0.,-1.));
#5402=DIRECTION('center_axis',(0.,0.,1.));
#5403=DIRECTION('ref_axis',(0.707106781186548,-0.707106781186547,0.));
#5404=DIRECTION('center_axis',(1.,0.,0.));
#5405=DIRECTION('ref_axis',(0.,-0.707106781186548,-0.707106781186547));
#5406=DIRECTION('center_axis',(0.,1.,0.));
#5407=DIRECTION('ref_axis',(0.707106781186548,0.,-0.707106781186548));
#5408=DIRECTION('center_axis',(0.,-1.,0.));
#5409=DIRECTION('ref_axis',(0.707106781186548,0.,-0.707106781186548));
#5410=DIRECTION('center_axis',(0.,1.,0.));
#5411=DIRECTION('ref_axis',(0.707106781186549,0.,0.707106781186546));
#5412=DIRECTION('center_axis',(0.,-1.,0.));
#5413=DIRECTION('ref_axis',(0.707106781186549,0.,0.707106781186546));
#5414=DIRECTION('',(0.,-1.,0.));
#5415=DIRECTION('center_axis',(0.,0.,-1.));
#5416=DIRECTION('ref_axis',(-0.707106781186547,-0.707106781186548,0.));
#5417=DIRECTION('center_axis',(0.,1.,0.));
#5418=DIRECTION('ref_axis',(-0.707106781186547,0.,-0.707106781186548));
#5419=DIRECTION('center_axis',(0.,-1.,0.));
#5420=DIRECTION('ref_axis',(-0.707106781186547,0.,-0.707106781186548));
#5421=DIRECTION('center_axis',(0.,1.,0.));
#5422=DIRECTION('ref_axis',(-0.707106781186546,0.,0.707106781186549));
#5423=DIRECTION('center_axis',(0.,-1.,0.));
#5424=DIRECTION('ref_axis',(-0.707106781186546,0.,0.707106781186549));
#5425=DIRECTION('',(0.,1.,0.));
#5426=DIRECTION('center_axis',(0.,0.,-1.));
#5427=DIRECTION('ref_axis',(-1.,0.,0.));
#5428=DIRECTION('',(-1.,0.,0.));
#5429=DIRECTION('center_axis',(0.,1.,0.));
#5430=DIRECTION('ref_axis',(0.,0.,1.));
#5431=DIRECTION('',(1.,0.,0.));
#5432=DIRECTION('center_axis',(0.,0.,1.));
#5433=DIRECTION('ref_axis',(1.,0.,0.));
#5434=CARTESIAN_POINT('',(0.,0.,0.));
#5435=CARTESIAN_POINT('Origin',(21.117749333917,4.,0.));
#5436=CARTESIAN_POINT('',(3.99999999999999,21.117749333917,4.));
#5437=CARTESIAN_POINT('',(21.117749333917,4.,4.));
#5438=CARTESIAN_POINT('',(16.8383120004378,8.27943733347926,4.));
#5439=CARTESIAN_POINT('',(3.99999999999999,21.117749333917,0.));
#5440=CARTESIAN_POINT('',(3.99999999999999,21.117749333917,0.));
#5441=CARTESIAN_POINT('',(21.117749333917,4.,0.));
#5442=CARTESIAN_POINT('',(35.5883120004378,-10.4705626665207,0.));
#5443=CARTESIAN_POINT('',(21.117749333917,4.,0.));
#5444=CARTESIAN_POINT('Origin',(4.,18.2893222091708,0.));
#5445=CARTESIAN_POINT('',(18.2893222091708,4.,4.));
#5446=CARTESIAN_POINT('',(3.99999999999999,18.2893222091708,4.));
#5447=CARTESIAN_POINT('',(7.5723305522927,14.7169916568781,4.));
#5448=CARTESIAN_POINT('',(18.2893222091708,4.,0.));
#5449=CARTESIAN_POINT('',(18.2893222091708,4.,0.));
#5450=CARTESIAN_POINT('',(3.99999999999999,18.2893222091708,0.));
#5451=CARTESIAN_POINT('',(26.3223305522927,-4.03300834312189,0.));
#5452=CARTESIAN_POINT('',(3.99999999999999,18.2893222091708,0.));
#5453=CARTESIAN_POINT('Origin',(43.7451663318865,4.,0.));
#5454=CARTESIAN_POINT('',(25.745166004061,22.0000003278255,4.));
#5455=CARTESIAN_POINT('',(43.7451663318865,4.,4.));
#5456=CARTESIAN_POINT('',(33.8088747489149,13.9362915829716,4.));
#5457=CARTESIAN_POINT('',(25.745166004061,22.0000003278255,0.));
#5458=CARTESIAN_POINT('',(25.745166004061,22.0000003278255,0.));
#5459=CARTESIAN_POINT('',(43.7451663318865,4.,0.));
#5460=CARTESIAN_POINT('',(52.5588747489149,-4.81370841702836,0.));
#5461=CARTESIAN_POINT('',(43.7451663318865,4.,0.));
#5462=CARTESIAN_POINT('Origin',(25.745166004061,22.0000003278255,0.));
#5463=CARTESIAN_POINT('',(22.9167388793148,22.0000003278255,4.));
#5464=CARTESIAN_POINT('',(14.8725830020305,22.0000003278255,4.));
#5465=CARTESIAN_POINT('',(22.9167388793148,22.0000003278255,0.));
#5466=CARTESIAN_POINT('',(22.9167388793148,22.0000003278255,0.));
#5467=CARTESIAN_POINT('',(50.3725830020305,22.0000003278255,0.));
#5468=CARTESIAN_POINT('Origin',(22.9167388793148,22.0000003278255,0.));
#5469=CARTESIAN_POINT('',(40.9167392071403,4.,4.));
#5470=CARTESIAN_POINT('',(22.6875542414425,22.2291849656979,4.));
#5471=CARTESIAN_POINT('',(40.9167392071403,4.,0.));
#5472=CARTESIAN_POINT('',(40.9167392071403,4.,0.));
#5473=CARTESIAN_POINT('',(41.4375542414425,3.47918496569786,0.));
#5474=CARTESIAN_POINT('Origin',(66.372583329856,4.,0.));
#5475=CARTESIAN_POINT('',(48.3725830020305,22.0000003278255,4.));
#5476=CARTESIAN_POINT('',(66.372583329856,4.,4.));
#5477=CARTESIAN_POINT('',(50.779437497392,19.593145832464,4.));
#5478=CARTESIAN_POINT('',(48.3725830020305,22.0000003278255,0.));
#5479=CARTESIAN_POINT('',(48.3725830020305,22.0000003278255,0.));
#5480=CARTESIAN_POINT('',(66.372583329856,4.,0.));
#5481=CARTESIAN_POINT('',(69.529437497392,0.843145832464009,0.));
#5482=CARTESIAN_POINT('',(66.372583329856,4.,0.));
#5483=CARTESIAN_POINT('Origin',(45.5441558772843,22.0000003278255,0.));
#5484=CARTESIAN_POINT('',(63.5441562051099,4.,4.));
#5485=CARTESIAN_POINT('',(45.5441558772843,22.0000003278255,4.));
#5486=CARTESIAN_POINT('',(39.6581169899196,27.8860392151902,4.));
#5487=CARTESIAN_POINT('',(63.5441562051099,4.,0.));
#5488=CARTESIAN_POINT('',(63.5441562051099,4.,0.));
#5489=CARTESIAN_POINT('',(45.5441558772843,22.0000003278255,0.));
#5490=CARTESIAN_POINT('',(58.4081169899196,9.13603921519024,0.));
#5491=CARTESIAN_POINT('',(45.5441558772843,22.0000003278255,0.));
#5492=CARTESIAN_POINT('Origin',(48.3725830020305,22.0000003278255,0.));
#5493=CARTESIAN_POINT('',(26.1862915010152,22.0000003278255,4.));
#5494=CARTESIAN_POINT('',(61.6862915010152,22.0000003278255,0.));
#5495=CARTESIAN_POINT('Origin',(68.1715728752538,22.0000003278255,0.));
#5496=CARTESIAN_POINT('',(71.,19.1715732030794,4.));
#5497=CARTESIAN_POINT('',(68.1715728752538,22.0000003278255,4.));
#5498=CARTESIAN_POINT('',(56.6286797383967,33.5428934646826,4.));
#5499=CARTESIAN_POINT('',(71.,19.1715732030794,0.));
#5500=CARTESIAN_POINT('',(71.,19.1715732030794,0.));
#5501=CARTESIAN_POINT('',(68.1715728752538,22.0000003278255,0.));
#5502=CARTESIAN_POINT('',(75.3786797383967,14.7928934646826,0.));
#5503=CARTESIAN_POINT('',(68.1715728752538,22.0000003278255,0.));
#5504=CARTESIAN_POINT('Origin',(71.,22.0000003278255,0.));
#5505=CARTESIAN_POINT('',(71.,22.0000003278,4.));
#5506=CARTESIAN_POINT('',(37.5,22.0000003278255,4.));
#5507=CARTESIAN_POINT('',(71.,22.0000003278255,0.));
#5508=CARTESIAN_POINT('',(73.,22.0000003278255,0.));
#5509=CARTESIAN_POINT('',(71.,22.0000003278255,0.));
#5510=CARTESIAN_POINT('Origin',(71.,5.02943757934841,0.));
#5511=CARTESIAN_POINT('',(54.0294372515229,22.0000003278255,4.));
#5512=CARTESIAN_POINT('',(71.,5.02943757934841,4.));
#5513=CARTESIAN_POINT('',(54.5073593948371,21.5220781845113,4.));
#5514=CARTESIAN_POINT('',(54.0294372515229,22.0000003278255,0.));
#5515=CARTESIAN_POINT('',(54.0294372515229,22.0000003278255,0.));
#5516=CARTESIAN_POINT('',(71.,5.02943757934841,0.));
#5517=CARTESIAN_POINT('',(73.2573593948371,2.77207818451131,0.));
#5518=CARTESIAN_POINT('',(71.,5.02943757934841,0.));
#5519=CARTESIAN_POINT('Origin',(71.,4.,0.));
#5520=CARTESIAN_POINT('',(71.,4.,4.));
#5521=CARTESIAN_POINT('',(71.,4.,4.));
#5522=CARTESIAN_POINT('',(71.,4.,0.));
#5523=CARTESIAN_POINT('',(71.,0.,0.));
#5524=CARTESIAN_POINT('',(71.,4.,0.));
#5525=CARTESIAN_POINT('Origin',(51.2010101267766,22.0000003278255,0.));
#5526=CARTESIAN_POINT('',(69.2010104546022,4.,4.));
#5527=CARTESIAN_POINT('',(51.2010101267766,22.0000003278255,4.));
#5528=CARTESIAN_POINT('',(43.9007576770388,29.3002527775633,4.));
#5529=CARTESIAN_POINT('',(69.2010104546022,4.,0.));
#5530=CARTESIAN_POINT('',(69.2010104546022,4.,0.));
#5531=CARTESIAN_POINT('',(51.2010101267766,22.0000003278255,0.));
#5532=CARTESIAN_POINT('',(62.6507576770389,10.5502527775633,0.));
#5533=CARTESIAN_POINT('',(51.2010101267766,22.0000003278255,0.));
#5534=CARTESIAN_POINT('Origin',(54.0294372515229,22.0000003278255,0.));
#5535=CARTESIAN_POINT('',(29.0147186257614,22.0000003278255,4.));
#5536=CARTESIAN_POINT('',(64.5147186257614,22.0000003278255,0.));
#5537=CARTESIAN_POINT('Origin',(49.4020205813789,4.,0.));
#5538=CARTESIAN_POINT('',(31.4020202535533,22.0000003278255,4.));
#5539=CARTESIAN_POINT('',(49.4020205813789,4.,4.));
#5540=CARTESIAN_POINT('',(38.0515154360342,15.3505051453447,4.));
#5541=CARTESIAN_POINT('',(31.4020202535533,22.0000003278255,0.));
#5542=CARTESIAN_POINT('',(31.4020202535533,22.0000003278255,0.));
#5543=CARTESIAN_POINT('',(49.4020205813789,4.,0.));
#5544=CARTESIAN_POINT('',(56.8015154360342,-3.39949485465526,0.));
#5545=CARTESIAN_POINT('',(49.4020205813789,4.,0.));
#5546=CARTESIAN_POINT('Origin',(28.5735931288072,22.0000003278255,0.));
#5547=CARTESIAN_POINT('',(46.5735934566328,4.,4.));
#5548=CARTESIAN_POINT('',(28.5735931288072,22.0000003278255,4.));
#5549=CARTESIAN_POINT('',(26.9301949285618,23.643398528071,4.));
#5550=CARTESIAN_POINT('',(46.5735934566328,4.,0.));
#5551=CARTESIAN_POINT('',(46.5735934566328,4.,0.));
#5552=CARTESIAN_POINT('',(28.5735931288072,22.0000003278255,0.));
#5553=CARTESIAN_POINT('',(45.6801949285618,4.89339852807096,0.));
#5554=CARTESIAN_POINT('',(28.5735931288072,22.0000003278255,0.));
#5555=CARTESIAN_POINT('Origin',(31.4020202535533,22.0000003278255,0.));
#5556=CARTESIAN_POINT('',(17.7010101267767,22.0000003278255,4.));
#5557=CARTESIAN_POINT('',(53.2010101267767,22.0000003278255,0.));
#5558=CARTESIAN_POINT('Origin',(26.7746035834094,4.,0.));
#5559=CARTESIAN_POINT('',(8.77460325558383,22.0000003278255,4.));
#5560=CARTESIAN_POINT('',(26.7746035834094,4.,4.));
#5561=CARTESIAN_POINT('',(21.080952687557,9.69365089585235,4.));
#5562=CARTESIAN_POINT('',(8.77460325558383,22.0000003278255,0.));
#5563=CARTESIAN_POINT('',(8.77460325558383,22.0000003278255,0.));
#5564=CARTESIAN_POINT('',(26.7746035834094,4.,0.));
#5565=CARTESIAN_POINT('',(39.830952687557,-9.05634910414766,0.));
#5566=CARTESIAN_POINT('',(26.7746035834094,4.,0.));
#5567=CARTESIAN_POINT('Origin',(8.77460325558383,22.0000003278255,0.));
#5568=CARTESIAN_POINT('',(5.94617613083764,22.0000003278255,4.));
#5569=CARTESIAN_POINT('',(6.38730162779192,22.0000003278255,4.));
#5570=CARTESIAN_POINT('',(5.94617613083764,22.0000003278255,0.));
#5571=CARTESIAN_POINT('',(5.94617613083764,22.0000003278255,0.));
#5572=CARTESIAN_POINT('',(41.8873016277919,22.0000003278255,0.));
#5573=CARTESIAN_POINT('Origin',(5.94617613083764,22.0000003278255,0.));
#5574=CARTESIAN_POINT('',(23.9461764586632,4.,4.));
#5575=CARTESIAN_POINT('',(9.95963218008461,17.9865442785786,4.));
#5576=CARTESIAN_POINT('',(23.9461764586632,4.,0.));
#5577=CARTESIAN_POINT('',(23.9461764586632,4.,0.));
#5578=CARTESIAN_POINT('',(28.7096321800846,-0.763455721421427,0.));
#5579=CARTESIAN_POINT('Origin',(15.4608950844246,4.,0.));
#5580=CARTESIAN_POINT('',(3.99999999999999,15.4608950844246,4.));
#5581=CARTESIAN_POINT('',(15.4608950844246,4.,4.));
#5582=CARTESIAN_POINT('',(12.5956713133185,6.86522377110616,4.));
#5583=CARTESIAN_POINT('',(3.99999999999999,15.4608950844246,0.));
#5584=CARTESIAN_POINT('',(3.99999999999999,15.4608950844246,0.));
#5585=CARTESIAN_POINT('',(15.4608950844246,4.,0.));
#5586=CARTESIAN_POINT('',(31.3456713133185,-11.8847762288938,0.));
#5587=CARTESIAN_POINT('',(15.4608950844246,4.,0.));
#5588=CARTESIAN_POINT('Origin',(4.,12.6324679596785,0.));
#5589=CARTESIAN_POINT('',(12.6324679596784,4.,4.));
#5590=CARTESIAN_POINT('',(4.,12.6324679596785,4.));
#5591=CARTESIAN_POINT('',(6.15811698991961,10.4743509697588,4.));
#5592=CARTESIAN_POINT('',(12.6324679596784,4.,0.));
#5593=CARTESIAN_POINT('',(12.6324679596784,4.,0.));
#5594=CARTESIAN_POINT('',(4.,12.6324679596785,0.));
#5595=CARTESIAN_POINT('',(24.9081169899195,-8.27564903024117,0.));
#5596=CARTESIAN_POINT('',(4.,12.6324679596785,0.));
#5597=CARTESIAN_POINT('Origin',(38.0883120823942,4.,0.));
#5598=CARTESIAN_POINT('',(20.0883117545686,22.0000003278255,4.));
#5599=CARTESIAN_POINT('',(38.0883120823942,4.,4.));
#5600=CARTESIAN_POINT('',(29.5662340617956,12.5220780205985,4.));
#5601=CARTESIAN_POINT('',(20.0883117545686,22.0000003278255,0.));
#5602=CARTESIAN_POINT('',(20.0883117545686,22.0000003278255,0.));
#5603=CARTESIAN_POINT('',(38.0883120823942,4.,0.));
#5604=CARTESIAN_POINT('',(48.3162340617956,-6.22792197940146,0.));
#5605=CARTESIAN_POINT('',(38.0883120823942,4.,0.));
#5606=CARTESIAN_POINT('Origin',(20.0883117545686,22.0000003278255,0.));
#5607=CARTESIAN_POINT('',(17.2598846298224,22.0000003278255,4.));
#5608=CARTESIAN_POINT('',(12.0441558772843,22.0000003278255,4.));
#5609=CARTESIAN_POINT('',(17.2598846298224,22.0000003278255,0.));
#5610=CARTESIAN_POINT('',(17.2598846298224,22.0000003278255,0.));
#5611=CARTESIAN_POINT('',(47.5441558772843,22.0000003278255,0.));
#5612=CARTESIAN_POINT('Origin',(17.2598846298224,22.0000003278255,0.));
#5613=CARTESIAN_POINT('',(35.259884957648,4.,4.));
#5614=CARTESIAN_POINT('',(18.4449135543231,20.8149714033248,4.));
#5615=CARTESIAN_POINT('',(35.259884957648,4.,0.));
#5616=CARTESIAN_POINT('',(35.259884957648,4.,0.));
#5617=CARTESIAN_POINT('',(37.1949135543232,2.06497140332478,0.));
#5618=CARTESIAN_POINT('Origin',(60.7157290803637,4.,0.));
#5619=CARTESIAN_POINT('',(42.7157287525381,22.0000003278255,4.));
#5620=CARTESIAN_POINT('',(60.7157290803637,4.,4.));
#5621=CARTESIAN_POINT('',(46.5367968102727,18.1789322700909,4.));
#5622=CARTESIAN_POINT('',(42.7157287525381,22.0000003278255,0.));
#5623=CARTESIAN_POINT('',(42.7157287525381,22.0000003278255,0.));
#5624=CARTESIAN_POINT('',(60.7157290803637,4.,0.));
#5625=CARTESIAN_POINT('',(65.2867968102727,-0.571067729909082,0.));
#5626=CARTESIAN_POINT('',(60.7157290803637,4.,0.));
#5627=CARTESIAN_POINT('Origin',(42.7157287525381,22.0000003278255,0.));
#5628=CARTESIAN_POINT('',(39.8873016277919,22.0000003278255,4.));
#5629=CARTESIAN_POINT('',(23.3578643762691,22.0000003278255,4.));
#5630=CARTESIAN_POINT('',(39.8873016277919,22.0000003278255,0.));
#5631=CARTESIAN_POINT('',(39.8873016277919,22.0000003278255,0.));
#5632=CARTESIAN_POINT('',(58.857864376269,22.0000003278255,0.));
#5633=CARTESIAN_POINT('Origin',(39.8873016277919,22.0000003278255,0.));
#5634=CARTESIAN_POINT('',(57.8873019556175,4.,4.));
#5635=CARTESIAN_POINT('',(35.4154763028003,26.4718256528171,4.));
#5636=CARTESIAN_POINT('',(57.8873019556175,4.,0.));
#5637=CARTESIAN_POINT('',(57.8873019556175,4.,0.));
#5638=CARTESIAN_POINT('',(54.1654763028003,7.72182565281714,0.));
#5639=CARTESIAN_POINT('Origin',(62.5147186257614,22.0000003278255,0.));
#5640=CARTESIAN_POINT('',(71.,13.514718953587,4.));
#5641=CARTESIAN_POINT('',(62.5147186257614,22.0000003278255,4.));
#5642=CARTESIAN_POINT('',(52.3860390512775,32.1286799023095,4.));
#5643=CARTESIAN_POINT('',(71.,13.514718953587,0.));
#5644=CARTESIAN_POINT('',(71.,13.514718953587,0.));
#5645=CARTESIAN_POINT('',(62.5147186257614,22.0000003278255,0.));
#5646=CARTESIAN_POINT('',(71.1360390512775,13.3786799023095,0.));
#5647=CARTESIAN_POINT('',(62.5147186257614,22.0000003278255,0.));
#5648=CARTESIAN_POINT('Origin',(65.3431457505076,22.0000003278255,0.));
#5649=CARTESIAN_POINT('',(65.3431457505076,22.0000003278255,4.));
#5650=CARTESIAN_POINT('',(34.6715728752538,22.0000003278255,4.));
#5651=CARTESIAN_POINT('',(65.3431457505076,22.0000003278255,0.));
#5652=CARTESIAN_POINT('',(70.1715728752538,22.0000003278255,0.));
#5653=CARTESIAN_POINT('',(65.3431457505076,22.0000003278255,0.));
#5654=CARTESIAN_POINT('Origin',(71.,16.3431460783332,0.));
#5655=CARTESIAN_POINT('',(71.,16.3431460783332,4.));
#5656=CARTESIAN_POINT('',(57.3357865195833,30.0073595587499,4.));
#5657=CARTESIAN_POINT('',(71.,16.3431460783332,0.));
#5658=CARTESIAN_POINT('',(76.0857865195833,11.2573595587499,0.));
#5659=CARTESIAN_POINT('',(71.,16.3431460783332,0.));
#5660=CARTESIAN_POINT('Origin',(56.857864376269,22.0000003278255,0.));
#5661=CARTESIAN_POINT('',(71.,7.8578647040946,4.));
#5662=CARTESIAN_POINT('',(56.857864376269,22.0000003278255,4.));
#5663=CARTESIAN_POINT('',(48.1433983641582,30.7144663399364,4.));
#5664=CARTESIAN_POINT('',(71.,7.8578647040946,0.));
#5665=CARTESIAN_POINT('',(71.,7.8578647040946,0.));
#5666=CARTESIAN_POINT('',(56.857864376269,22.0000003278255,0.));
#5667=CARTESIAN_POINT('',(66.8933983641582,11.9644663399364,0.));
#5668=CARTESIAN_POINT('',(56.857864376269,22.0000003278255,0.));
#5669=CARTESIAN_POINT('Origin',(59.6862915010152,22.0000003278255,0.));
#5670=CARTESIAN_POINT('',(59.6862915010152,22.0000003278255,4.));
#5671=CARTESIAN_POINT('',(31.8431457505076,22.0000003278255,4.));
#5672=CARTESIAN_POINT('',(59.6862915010152,22.0000003278255,0.));
#5673=CARTESIAN_POINT('',(67.3431457505076,22.0000003278255,0.));
#5674=CARTESIAN_POINT('',(59.6862915010152,22.0000003278255,0.));
#5675=CARTESIAN_POINT('Origin',(71.,10.6862918288408,0.));
#5676=CARTESIAN_POINT('',(71.,10.6862918288408,4.));
#5677=CARTESIAN_POINT('',(55.9215729572102,25.7647188716306,4.));
#5678=CARTESIAN_POINT('',(71.,10.6862918288408,0.));
#5679=CARTESIAN_POINT('',(74.6715729572102,7.01471887163059,0.));
#5680=CARTESIAN_POINT('',(71.,10.6862918288408,0.));
#5681=CARTESIAN_POINT('Origin',(55.0588748308713,4.,0.));
#5682=CARTESIAN_POINT('',(37.0588745030457,22.0000003278255,4.));
#5683=CARTESIAN_POINT('',(55.0588748308713,4.,4.));
#5684=CARTESIAN_POINT('',(42.2941561231534,16.7647187077178,4.));
#5685=CARTESIAN_POINT('',(37.0588745030457,22.0000003278255,0.));
#5686=CARTESIAN_POINT('',(37.0588745030457,22.0000003278255,0.));
#5687=CARTESIAN_POINT('',(55.0588748308713,4.,0.));
#5688=CARTESIAN_POINT('',(61.0441561231535,-1.98528129228218,0.));
#5689=CARTESIAN_POINT('',(55.0588748308713,4.,0.));
#5690=CARTESIAN_POINT('Origin',(37.0588745030457,22.0000003278255,0.));
#5691=CARTESIAN_POINT('',(34.2304473782996,22.0000003278255,4.));
#5692=CARTESIAN_POINT('',(20.5294372515229,22.0000003278255,4.));
#5693=CARTESIAN_POINT('',(34.2304473782996,22.0000003278255,0.));
#5694=CARTESIAN_POINT('',(34.2304473782996,22.0000003278255,0.));
#5695=CARTESIAN_POINT('',(56.0294372515229,22.0000003278255,0.));
#5696=CARTESIAN_POINT('Origin',(34.2304473782996,22.0000003278255,0.));
#5697=CARTESIAN_POINT('',(52.2304477061251,4.,4.));
#5698=CARTESIAN_POINT('',(31.172835615681,25.0576120904441,4.));
#5699=CARTESIAN_POINT('',(52.2304477061251,4.,0.));
#5700=CARTESIAN_POINT('',(52.2304477061251,4.,0.));
#5701=CARTESIAN_POINT('',(49.9228356156811,6.30761209044406,0.));
#5702=CARTESIAN_POINT('Origin',(32.4314578329018,4.,0.));
#5703=CARTESIAN_POINT('',(14.4314575050762,22.0000003278256,4.));
#5704=CARTESIAN_POINT('',(32.4314578329018,4.,4.));
#5705=CARTESIAN_POINT('',(25.3235933746763,11.1078644582254,4.));
#5706=CARTESIAN_POINT('',(14.4314575050762,22.0000003278256,0.));
#5707=CARTESIAN_POINT('',(14.4314575050762,22.0000003278256,0.));
#5708=CARTESIAN_POINT('',(32.4314578329018,4.,0.));
#5709=CARTESIAN_POINT('',(44.0735933746763,-7.64213554177456,0.));
#5710=CARTESIAN_POINT('',(32.4314578329018,4.,0.));
#5711=CARTESIAN_POINT('Origin',(11.60303038033,22.0000003278255,0.));
#5712=CARTESIAN_POINT('',(29.6030307081556,4.,4.));
#5713=CARTESIAN_POINT('',(11.60303038033,22.0000003278255,4.));
#5714=CARTESIAN_POINT('',(14.2022728672039,19.4007578409517,4.));
#5715=CARTESIAN_POINT('',(29.6030307081556,4.,0.));
#5716=CARTESIAN_POINT('',(29.6030307081556,4.,0.));
#5717=CARTESIAN_POINT('',(11.60303038033,22.0000003278255,0.));
#5718=CARTESIAN_POINT('',(32.9522728672039,0.650757840951661,0.));
#5719=CARTESIAN_POINT('',(11.60303038033,22.0000003278255,0.));
#5720=CARTESIAN_POINT('Origin',(14.4314575050762,22.0000003278255,0.));
#5721=CARTESIAN_POINT('',(9.21572875253809,22.0000003278255,4.));
#5722=CARTESIAN_POINT('',(44.7157287525381,22.0000003278255,0.));
#5723=CARTESIAN_POINT('Origin',(9.8040408349322,4.,0.));
#5724=CARTESIAN_POINT('',(3.99999999999999,9.80404083493224,4.));
#5725=CARTESIAN_POINT('',(9.8040408349322,4.,4.));
#5726=CARTESIAN_POINT('',(8.35303062619916,5.45101020873305,4.));
#5727=CARTESIAN_POINT('',(3.99999999999999,9.80404083493224,0.));
#5728=CARTESIAN_POINT('',(3.99999999999999,9.80404083493224,0.));
#5729=CARTESIAN_POINT('',(9.8040408349322,4.,0.));
#5730=CARTESIAN_POINT('',(27.1030306261991,-13.2989897912669,0.));
#5731=CARTESIAN_POINT('',(9.8040408349322,4.,0.));
#5732=CARTESIAN_POINT('Origin',(3.99999999999999,6.97561371018607,0.));
#5733=CARTESIAN_POINT('',(6.97561371018599,4.,4.));
#5734=CARTESIAN_POINT('',(3.99999999999999,6.97561371018607,4.));
#5735=CARTESIAN_POINT('',(4.74390342754651,6.23171028263953,4.));
#5736=CARTESIAN_POINT('',(6.97561371018599,4.,0.));
#5737=CARTESIAN_POINT('',(6.97561371018599,4.,0.));
#5738=CARTESIAN_POINT('',(3.99999999999999,6.97561371018607,0.));
#5739=CARTESIAN_POINT('',(23.4939034275461,-12.5182897173605,0.));
#5740=CARTESIAN_POINT('',(3.99999999999999,6.97561371018607,0.));
#5741=CARTESIAN_POINT('Origin',(71.,4.,4.));
#5742=CARTESIAN_POINT('',(71.,4.,20.201010714045));
#5743=CARTESIAN_POINT('',(71.,20.201010714045,4.));
#5744=CARTESIAN_POINT('',(71.,16.1507580355338,8.05025267851126));
#5745=CARTESIAN_POINT('',(71.,11.5857866015397,4.));
#5746=CARTESIAN_POINT('',(71.,0.,0.));
#5747=CARTESIAN_POINT('',(71.,17.3725835892988,4.));
#5748=CARTESIAN_POINT('',(71.,4.,4.));
#5749=CARTESIAN_POINT('',(71.,4.,17.3725835892988));
#5750=CARTESIAN_POINT('',(71.,7.3431458973247,14.0294376919741));
#5751=CARTESIAN_POINT('',(71.,4.,18.2893222091708));
#5752=CARTESIAN_POINT('',(71.,4.,27.));
#5753=CARTESIAN_POINT('',(71.,0.,18.2893222091708));
#5754=CARTESIAN_POINT('',(71.,0.,18.2893222091708));
#5755=CARTESIAN_POINT('',(71.,0.,21.117749333917));
#5756=CARTESIAN_POINT('',(71.,0.,75.));
#5757=CARTESIAN_POINT('',(71.,4.,21.117749333917));
#5758=CARTESIAN_POINT('',(71.,0.,21.117749333917));
#5759=CARTESIAN_POINT('',(71.,4.,35.5588746669585));
#5760=CARTESIAN_POINT('Origin',(71.,4.,4.));
#5761=CARTESIAN_POINT('',(71.,4.,14.5441564645526));
#5762=CARTESIAN_POINT('',(71.,14.5441564645526,4.));
#5763=CARTESIAN_POINT('',(71.,11.9081173484145,6.63603911613816));
#5764=CARTESIAN_POINT('',(71.,8.75735947679349,4.));
#5765=CARTESIAN_POINT('',(71.,0.,0.));
#5766=CARTESIAN_POINT('',(71.,11.7157293398064,4.));
#5767=CARTESIAN_POINT('',(71.,4.,4.));
#5768=CARTESIAN_POINT('',(71.,4.,11.7157293398064));
#5769=CARTESIAN_POINT('',(71.,5.92893233495161,9.78679700485482));
#5770=CARTESIAN_POINT('',(71.,4.,12.6324679596785));
#5771=CARTESIAN_POINT('',(71.,4.,27.));
#5772=CARTESIAN_POINT('',(71.,0.,12.6324679596785));
#5773=CARTESIAN_POINT('',(71.,0.,12.6324679596785));
#5774=CARTESIAN_POINT('',(71.,0.,15.4608950844246));
#5775=CARTESIAN_POINT('',(71.,0.,75.));
#5776=CARTESIAN_POINT('',(71.,4.,15.4608950844246));
#5777=CARTESIAN_POINT('',(71.,0.,15.4608950844246));
#5778=CARTESIAN_POINT('',(71.,4.,32.7304475422123));
#5779=CARTESIAN_POINT('Origin',(71.,4.,4.));
#5780=CARTESIAN_POINT('',(71.,4.,8.88730221506024));
#5781=CARTESIAN_POINT('',(71.,8.88730221506024,4.));
#5782=CARTESIAN_POINT('',(71.,7.66547666129518,5.22182555376506));
#5783=CARTESIAN_POINT('',(71.,5.9289323520473,4.));
#5784=CARTESIAN_POINT('',(71.,0.,0.));
#5785=CARTESIAN_POINT('',(71.,6.05887509031405,4.));
#5786=CARTESIAN_POINT('',(71.,4.,4.));
#5787=CARTESIAN_POINT('',(71.,4.,6.05887509031405));
#5788=CARTESIAN_POINT('',(71.,4.51471877257851,5.54415631773554));
#5789=CARTESIAN_POINT('',(71.,4.,6.97561371018607));
#5790=CARTESIAN_POINT('',(71.,4.,27.));
#5791=CARTESIAN_POINT('',(71.,0.,6.97561371018607));
#5792=CARTESIAN_POINT('',(71.,0.,6.97561371018607));
#5793=CARTESIAN_POINT('',(71.,0.,9.80404083493224));
#5794=CARTESIAN_POINT('',(71.,0.,75.));
#5795=CARTESIAN_POINT('',(71.,4.,9.80404083493224));
#5796=CARTESIAN_POINT('',(71.,0.,9.80404083493224));
#5797=CARTESIAN_POINT('',(71.,4.,29.9020204174661));
#5798=CARTESIAN_POINT('Origin',(75.,0.,0.));
#5799=CARTESIAN_POINT('',(4.,4.,0.));
#5800=CARTESIAN_POINT('',(56.25,4.,0.));
#5801=CARTESIAN_POINT('',(4.,0.,0.));
#5802=CARTESIAN_POINT('Origin',(75.,0.,0.));
#5803=CARTESIAN_POINT('',(56.25,4.,0.));
#5804=CARTESIAN_POINT('',(4.,0.,0.));
#5805=CARTESIAN_POINT('Origin',(75.,0.,0.));
#5806=CARTESIAN_POINT('',(56.25,4.,0.));
#5807=CARTESIAN_POINT('',(4.,0.,0.));
#5808=CARTESIAN_POINT('Origin',(75.,0.,0.));
#5809=CARTESIAN_POINT('',(4.,24.,0.));
#5810=CARTESIAN_POINT('',(4.,0.,0.));
#5811=CARTESIAN_POINT('',(71.,24.,0.));
#5812=CARTESIAN_POINT('',(0.,24.,0.));
#5813=CARTESIAN_POINT('',(71.,0.,0.));
#5814=CARTESIAN_POINT('',(71.,0.,0.));
#5815=CARTESIAN_POINT('',(71.,0.,0.));
#5816=CARTESIAN_POINT('',(71.,0.,0.));
#5817=CARTESIAN_POINT('',(56.25,4.,0.));
#5818=CARTESIAN_POINT('',(56.25,4.,0.));
#5819=CARTESIAN_POINT('',(56.25,4.,0.));
#5820=CARTESIAN_POINT('',(56.25,4.,0.));
#5821=CARTESIAN_POINT('',(56.25,4.,0.));
#5822=CARTESIAN_POINT('',(56.25,4.,0.));
#5823=CARTESIAN_POINT('',(56.25,4.,0.));
#5824=CARTESIAN_POINT('',(56.25,4.,0.));
#5825=CARTESIAN_POINT('',(56.25,4.,0.));
#5826=CARTESIAN_POINT('Origin',(4.,4.,4.));
#5827=CARTESIAN_POINT('',(4.,5.02943757059117,4.));
#5828=CARTESIAN_POINT('',(4.,4.,4.));
#5829=CARTESIAN_POINT('',(0.,5.02943757059117,4.));
#5830=CARTESIAN_POINT('',(0.,5.02943757059117,4.));
#5831=CARTESIAN_POINT('',(0.,4.,4.));
#5832=CARTESIAN_POINT('',(0.,0.,4.));
#5833=CARTESIAN_POINT('',(4.,4.00000005960464,4.));
#5834=CARTESIAN_POINT('',(0.,4.00000005960464,4.));
#5835=CARTESIAN_POINT('',(4.,0.,4.));
#5836=CARTESIAN_POINT('',(4.,4.,4.));
#5837=CARTESIAN_POINT('',(5.79898954539777,0.,4.));
#5838=CARTESIAN_POINT('',(56.25,0.,4.));
#5839=CARTESIAN_POINT('',(5.79898954539777,4.,4.));
#5840=CARTESIAN_POINT('',(5.79898954539777,0.,4.));
#5841=CARTESIAN_POINT('',(20.75,4.,4.));
#5842=CARTESIAN_POINT('Origin',(4.,4.,4.));
#5843=CARTESIAN_POINT('',(4.,10.6862918200836,4.));
#5844=CARTESIAN_POINT('',(4.,4.,4.));
#5845=CARTESIAN_POINT('',(0.,10.6862918200836,4.));
#5846=CARTESIAN_POINT('',(0.,10.6862918200836,4.));
#5847=CARTESIAN_POINT('',(0.,7.85786469533738,4.));
#5848=CARTESIAN_POINT('',(0.,0.,4.));
#5849=CARTESIAN_POINT('',(4.,7.85786469533738,4.));
#5850=CARTESIAN_POINT('',(0.,7.85786469533738,4.));
#5851=CARTESIAN_POINT('',(3.99999999999999,6.90202041746612,4.));
#5852=CARTESIAN_POINT('',(8.62741667014398,4.,4.));
#5853=CARTESIAN_POINT('',(5.487806855093,4.,4.));
#5854=CARTESIAN_POINT('',(8.62741667014398,0.,4.));
#5855=CARTESIAN_POINT('',(8.62741667014398,0.,4.));
#5856=CARTESIAN_POINT('',(11.4558437948901,0.,4.));
#5857=CARTESIAN_POINT('',(56.25,0.,4.));
#5858=CARTESIAN_POINT('',(11.4558437948901,4.,4.));
#5859=CARTESIAN_POINT('',(11.4558437948901,0.,4.));
#5860=CARTESIAN_POINT('',(20.75,4.,4.));
#5861=CARTESIAN_POINT('Origin',(4.,4.,4.));
#5862=CARTESIAN_POINT('',(75.,20.201010714045,4.));
#5863=CARTESIAN_POINT('',(75.,20.201010714045,4.));
#5864=CARTESIAN_POINT('',(75.,22.0000003278,4.));
#5865=CARTESIAN_POINT('',(75.,0.,4.));
#5866=CARTESIAN_POINT('',(75.,22.0000003278,4.));
#5867=CARTESIAN_POINT('Origin',(4.,4.,4.));
#5868=CARTESIAN_POINT('',(4.,16.343146069576,4.));
#5869=CARTESIAN_POINT('',(4.,4.,4.));
#5870=CARTESIAN_POINT('',(0.,16.343146069576,4.));
#5871=CARTESIAN_POINT('',(0.,16.343146069576,4.));
#5872=CARTESIAN_POINT('',(0.,13.5147189448298,4.));
#5873=CARTESIAN_POINT('',(0.,0.,4.));
#5874=CARTESIAN_POINT('',(4.,13.5147189448298,4.));
#5875=CARTESIAN_POINT('',(0.,13.5147189448298,4.));
#5876=CARTESIAN_POINT('',(3.99999999999999,9.73044754221231,4.));
#5877=CARTESIAN_POINT('',(14.2842709196363,4.,4.));
#5878=CARTESIAN_POINT('',(8.31623397983921,4.,4.));
#5879=CARTESIAN_POINT('',(14.2842709196363,0.,4.));
#5880=CARTESIAN_POINT('',(14.2842709196363,0.,4.));
#5881=CARTESIAN_POINT('',(17.1126980443825,0.,4.));
#5882=CARTESIAN_POINT('',(56.25,0.,4.));
#5883=CARTESIAN_POINT('',(17.1126980443825,4.,4.));
#5884=CARTESIAN_POINT('',(17.1126980443825,0.,4.));
#5885=CARTESIAN_POINT('',(20.75,4.,4.));
#5886=CARTESIAN_POINT('Origin',(4.,4.,4.));
#5887=CARTESIAN_POINT('',(4.,19.1715731732421,4.));
#5888=CARTESIAN_POINT('',(3.99999999999999,12.5588746669585,4.));
#5889=CARTESIAN_POINT('',(19.9411251691287,4.,4.));
#5890=CARTESIAN_POINT('',(11.1446611045854,4.,4.));
#5891=CARTESIAN_POINT('',(19.9411251691287,0.,4.));
#5892=CARTESIAN_POINT('',(19.9411251691287,0.,4.));
#5893=CARTESIAN_POINT('',(22.7695522938749,0.,4.));
#5894=CARTESIAN_POINT('',(56.25,0.,4.));
#5895=CARTESIAN_POINT('',(22.7695522938749,4.,4.));
#5896=CARTESIAN_POINT('',(22.7695522938749,0.,4.));
#5897=CARTESIAN_POINT('',(20.75,4.,4.));
#5898=CARTESIAN_POINT('',(25.5979794186211,4.,4.));
#5899=CARTESIAN_POINT('',(13.9730882293316,4.,4.));
#5900=CARTESIAN_POINT('',(25.5979794186211,0.,4.));
#5901=CARTESIAN_POINT('',(25.5979794186211,0.,4.));
#5902=CARTESIAN_POINT('',(28.4264065433673,0.,4.));
#5903=CARTESIAN_POINT('',(56.25,0.,4.));
#5904=CARTESIAN_POINT('',(28.4264065433673,4.,4.));
#5905=CARTESIAN_POINT('',(28.4264065433673,0.,4.));
#5906=CARTESIAN_POINT('',(20.75,4.,4.));
#5907=CARTESIAN_POINT('',(31.2548336681135,4.,4.));
#5908=CARTESIAN_POINT('',(16.8015153540778,4.,4.));
#5909=CARTESIAN_POINT('',(31.2548336681135,0.,4.));
#5910=CARTESIAN_POINT('',(31.2548336681135,0.,4.));
#5911=CARTESIAN_POINT('',(34.0832607928597,0.,4.));
#5912=CARTESIAN_POINT('',(56.25,0.,4.));
#5913=CARTESIAN_POINT('',(34.0832607928597,4.,4.));
#5914=CARTESIAN_POINT('',(34.0832607928597,0.,4.));
#5915=CARTESIAN_POINT('',(20.75,4.,4.));
#5916=CARTESIAN_POINT('',(36.9116879176058,4.,4.));
#5917=CARTESIAN_POINT('',(19.629942478824,4.,4.));
#5918=CARTESIAN_POINT('',(36.9116879176058,0.,4.));
#5919=CARTESIAN_POINT('',(36.9116879176058,0.,4.));
#5920=CARTESIAN_POINT('',(39.740115042352,0.,4.));
#5921=CARTESIAN_POINT('',(56.25,0.,4.));
#5922=CARTESIAN_POINT('',(39.740115042352,4.,4.));
#5923=CARTESIAN_POINT('',(39.740115042352,0.,4.));
#5924=CARTESIAN_POINT('',(20.75,4.,4.));
#5925=CARTESIAN_POINT('',(42.5685421670982,4.,4.));
#5926=CARTESIAN_POINT('',(22.4583696035702,4.,4.));
#5927=CARTESIAN_POINT('',(42.5685421670982,0.,4.));
#5928=CARTESIAN_POINT('',(42.5685421670982,0.,4.));
#5929=CARTESIAN_POINT('',(45.3969692918444,0.,4.));
#5930=CARTESIAN_POINT('',(56.25,0.,4.));
#5931=CARTESIAN_POINT('',(45.3969692918444,4.,4.));
#5932=CARTESIAN_POINT('',(45.3969692918444,0.,4.));
#5933=CARTESIAN_POINT('',(20.75,4.,4.));
#5934=CARTESIAN_POINT('',(48.2253964165906,4.,4.));
#5935=CARTESIAN_POINT('',(25.2867967283164,4.,4.));
#5936=CARTESIAN_POINT('',(48.2253964165906,0.,4.));
#5937=CARTESIAN_POINT('',(48.2253964165906,0.,4.));
#5938=CARTESIAN_POINT('',(51.0538235413368,0.,4.));
#5939=CARTESIAN_POINT('',(56.25,0.,4.));
#5940=CARTESIAN_POINT('',(51.0538235413368,4.,4.));
#5941=CARTESIAN_POINT('',(51.0538235413368,0.,4.));
#5942=CARTESIAN_POINT('',(20.75,4.,4.));
#5943=CARTESIAN_POINT('',(53.882250666083,4.,4.));
#5944=CARTESIAN_POINT('',(28.1152238530626,4.,4.));
#5945=CARTESIAN_POINT('',(53.882250666083,0.,4.));
#5946=CARTESIAN_POINT('',(53.882250666083,0.,4.));
#5947=CARTESIAN_POINT('',(56.7106777908292,0.,4.));
#5948=CARTESIAN_POINT('',(56.25,0.,4.));
#5949=CARTESIAN_POINT('',(56.7106777908292,4.,4.));
#5950=CARTESIAN_POINT('',(56.7106777908292,0.,4.));
#5951=CARTESIAN_POINT('',(20.75,4.,4.));
#5952=CARTESIAN_POINT('',(59.5391049155754,4.,4.));
#5953=CARTESIAN_POINT('',(30.9436509778087,4.,4.));
#5954=CARTESIAN_POINT('',(59.5391049155754,0.,4.));
#5955=CARTESIAN_POINT('',(59.5391049155754,0.,4.));
#5956=CARTESIAN_POINT('',(62.3675320403216,0.,4.));
#5957=CARTESIAN_POINT('',(56.25,0.,4.));
#5958=CARTESIAN_POINT('',(62.3675320403216,4.,4.));
#5959=CARTESIAN_POINT('',(62.3675320403216,0.,4.));
#5960=CARTESIAN_POINT('',(20.75,4.,4.));
#5961=CARTESIAN_POINT('',(65.1959591650678,4.,4.));
#5962=CARTESIAN_POINT('',(33.7720781025549,4.,4.));
#5963=CARTESIAN_POINT('',(65.1959591650678,0.,4.));
#5964=CARTESIAN_POINT('',(65.1959591650678,0.,4.));
#5965=CARTESIAN_POINT('',(68.024386289814,0.,4.));
#5966=CARTESIAN_POINT('',(56.25,0.,4.));
#5967=CARTESIAN_POINT('',(68.024386289814,4.,4.));
#5968=CARTESIAN_POINT('',(68.024386289814,0.,4.));
#5969=CARTESIAN_POINT('',(20.75,4.,4.));
#5970=CARTESIAN_POINT('',(75.,4.,4.));
#5971=CARTESIAN_POINT('',(20.75,4.,4.));
#5972=CARTESIAN_POINT('',(75.,6.05887509031405,4.));
#5973=CARTESIAN_POINT('',(75.,0.,4.));
#5974=CARTESIAN_POINT('',(75.,6.05887509031405,4.));
#5975=CARTESIAN_POINT('',(75.,8.88730221506024,4.));
#5976=CARTESIAN_POINT('',(75.,8.88730221506024,4.));
#5977=CARTESIAN_POINT('',(75.,11.7157293398064,4.));
#5978=CARTESIAN_POINT('',(75.,0.,4.));
#5979=CARTESIAN_POINT('',(75.,11.7157293398064,4.));
#5980=CARTESIAN_POINT('',(75.,14.5441564645526,4.));
#5981=CARTESIAN_POINT('',(75.,14.5441564645526,4.));
#5982=CARTESIAN_POINT('',(75.,17.3725835892988,4.));
#5983=CARTESIAN_POINT('',(75.,0.,4.));
#5984=CARTESIAN_POINT('',(75.,17.3725835892988,4.));
#5985=CARTESIAN_POINT('',(71.,24.,4.));
#5986=CARTESIAN_POINT('',(71.,4.,4.));
#5987=CARTESIAN_POINT('',(4.,24.,4.));
#5988=CARTESIAN_POINT('',(4.,24.,4.));
#5989=CARTESIAN_POINT('',(4.,22.0000003278,4.));
#5990=CARTESIAN_POINT('',(4.,4.,4.));
#5991=CARTESIAN_POINT('',(0.,22.0000003278,4.));
#5992=CARTESIAN_POINT('',(0.,22.0000003278,4.));
#5993=CARTESIAN_POINT('',(0.,19.1715731732421,4.));
#5994=CARTESIAN_POINT('',(0.,0.,4.));
#5995=CARTESIAN_POINT('',(0.,19.1715731732421,4.));
#5996=CARTESIAN_POINT('Origin',(0.,14.5441564645526,22.0000002682));
#5997=CARTESIAN_POINT('',(4.,4.00000005960464,11.4558438036474));
#5998=CARTESIAN_POINT('',(4.,14.5441564645526,22.0000002682));
#5999=CARTESIAN_POINT('',(4.,30.4081172813645,37.8639610850118));
#6000=CARTESIAN_POINT('',(0.,4.00000005960464,11.4558438036474));
#6001=CARTESIAN_POINT('',(0.,4.00000005960464,11.4558438036474));
#6002=CARTESIAN_POINT('',(0.,14.5441564645526,22.0000002682));
#6003=CARTESIAN_POINT('',(0.,5.40811728136446,12.8639610850118));
#6004=CARTESIAN_POINT('',(0.,14.5441564645526,22.0000002682));
#6005=CARTESIAN_POINT('Origin',(0.,4.00000002980232,8.62741670870352));
#6006=CARTESIAN_POINT('',(4.,17.3725835892988,22.0000002682));
#6007=CARTESIAN_POINT('',(4.,4.00000005960464,8.6274166789012));
#6008=CARTESIAN_POINT('',(4.,25.8431458451759,30.4705625240771));
#6009=CARTESIAN_POINT('',(0.,17.3725835892988,22.0000002682));
#6010=CARTESIAN_POINT('',(0.,17.3725835892988,22.0000002682));
#6011=CARTESIAN_POINT('',(0.,4.00000005960464,8.6274166789012));
#6012=CARTESIAN_POINT('',(0.,0.84314584517586,5.47056252407706));
#6013=CARTESIAN_POINT('',(0.,4.00000005960464,8.6274166789012));
#6014=CARTESIAN_POINT('Origin',(0.,22.0000003278,6.82842631982893));
#6015=CARTESIAN_POINT('',(4.,22.0000003278,6.82842631982893));
#6016=CARTESIAN_POINT('',(4.,39.7928923378459,24.6213130788142));
#6017=CARTESIAN_POINT('',(0.,22.0000003278,6.82842631982893));
#6018=CARTESIAN_POINT('',(0.,14.7928920427257,-0.378679838274552));
#6019=CARTESIAN_POINT('',(0.,22.0000003278,6.82842631982893));
#6020=CARTESIAN_POINT('Origin',(0.,22.0000003278,4.));
#6021=CARTESIAN_POINT('',(4.,22.0000003278,50.));
#6022=CARTESIAN_POINT('',(0.,22.0000003278,2.));
#6023=CARTESIAN_POINT('Origin',(0.,5.02943757059118,4.));
#6024=CARTESIAN_POINT('',(4.,22.0000003278,20.9705627572088));
#6025=CARTESIAN_POINT('',(4.,27.7720781779434,26.7426406073522));
#6026=CARTESIAN_POINT('',(0.,22.0000003278,20.9705627572088));
#6027=CARTESIAN_POINT('',(0.,22.0000003278,20.9705627572088));
#6028=CARTESIAN_POINT('',(0.,2.77207817794338,1.74264060735221));
#6029=CARTESIAN_POINT('Origin',(0.,22.0000003278,20.9705627572088));
#6030=CARTESIAN_POINT('',(4.,22.0000003278,22.0000002682));
#6031=CARTESIAN_POINT('',(4.,22.0000003278,58.4852813786044));
#6032=CARTESIAN_POINT('',(0.,22.0000003278,22.0000002682));
#6033=CARTESIAN_POINT('',(0.,22.0000003278,22.0000002682));
#6034=CARTESIAN_POINT('',(0.,22.0000003278,10.4852813786044));
#6035=CARTESIAN_POINT('Origin',(0.,20.201010714045,22.0000002682));
#6036=CARTESIAN_POINT('',(4.,4.00000005960464,5.79898955415501));
#6037=CARTESIAN_POINT('',(4.,20.201010714045,22.0000002682));
#6038=CARTESIAN_POINT('',(4.,34.6507579684838,36.4497475226387));
#6039=CARTESIAN_POINT('',(0.,4.00000005960464,5.79898955415501));
#6040=CARTESIAN_POINT('',(0.,4.00000005960464,5.79898955415501));
#6041=CARTESIAN_POINT('',(0.,20.201010714045,22.0000002682));
#6042=CARTESIAN_POINT('',(0.,9.65075796848375,11.4497475226388));
#6043=CARTESIAN_POINT('',(0.,20.201010714045,22.0000002682));
#6044=CARTESIAN_POINT('Origin',(0.,8.88730221506024,22.0000002682));
#6045=CARTESIAN_POINT('',(4.,4.00000005960464,17.1126980531398));
#6046=CARTESIAN_POINT('',(4.,8.88730221506024,22.0000002682));
#6047=CARTESIAN_POINT('',(4.,26.1654765942452,39.2781746473849));
#6048=CARTESIAN_POINT('',(0.,4.00000005960464,17.1126980531398));
#6049=CARTESIAN_POINT('',(0.,4.00000005960464,17.1126980531398));
#6050=CARTESIAN_POINT('',(0.,8.88730221506024,22.0000002682));
#6051=CARTESIAN_POINT('',(0.,1.16547659424518,14.2781746473849));
#6052=CARTESIAN_POINT('',(0.,8.88730221506024,22.0000002682));
#6053=CARTESIAN_POINT('Origin',(0.,4.00000002980232,14.2842709581959));
#6054=CARTESIAN_POINT('',(4.,11.7157293398064,22.0000002682));
#6055=CARTESIAN_POINT('',(4.,4.00000005960464,14.2842709283936));
#6056=CARTESIAN_POINT('',(4.,24.4289322828028,34.7132032111963));
#6057=CARTESIAN_POINT('',(0.,11.7157293398064,22.0000002682));
#6058=CARTESIAN_POINT('',(0.,11.7157293398064,22.0000002682));
#6059=CARTESIAN_POINT('',(0.,4.00000005960464,14.2842709283936));
#6060=CARTESIAN_POINT('',(0.,-0.571067717197234,9.71320321119634));
#6061=CARTESIAN_POINT('',(0.,4.00000005960464,14.2842709283936));
#6062=CARTESIAN_POINT('Origin',(0.,22.0000003278,12.4852813829702));
#6063=CARTESIAN_POINT('',(4.,22.0000003278,12.4852813829702));
#6064=CARTESIAN_POINT('',(4.,38.3786799001074,28.8639609552777));
#6065=CARTESIAN_POINT('',(0.,22.0000003278,12.4852813829702));
#6066=CARTESIAN_POINT('',(0.,13.3786799001074,3.86396095527768));
#6067=CARTESIAN_POINT('',(0.,22.0000003278,12.4852813829702));
#6068=CARTESIAN_POINT('Origin',(0.,22.0000003278,9.65685425822405));
#6069=CARTESIAN_POINT('',(4.,22.0000003278,9.65685425822405));
#6070=CARTESIAN_POINT('',(4.,22.0000003278,52.828427129112));
#6071=CARTESIAN_POINT('',(0.,22.0000003278,9.65685425822405));
#6072=CARTESIAN_POINT('',(0.,22.0000003278,4.82842712911203));
#6073=CARTESIAN_POINT('',(0.,22.0000003278,9.65685425822405));
#6074=CARTESIAN_POINT('Origin',(0.,16.343146069576,4.));
#6075=CARTESIAN_POINT('',(4.,36.257359552182,23.914213482606));
#6076=CARTESIAN_POINT('',(0.,11.257359552182,-1.08578651739399));
#6077=CARTESIAN_POINT('Origin',(0.,22.0000003278,18.1421356324626));
#6078=CARTESIAN_POINT('',(4.,22.0000003278,18.1421356324626));
#6079=CARTESIAN_POINT('',(4.,36.9644663377344,33.106601642397));
#6080=CARTESIAN_POINT('',(0.,22.0000003278,18.1421356324626));
#6081=CARTESIAN_POINT('',(0.,11.9644663377343,8.10660164239696));
#6082=CARTESIAN_POINT('',(0.,22.0000003278,18.1421356324626));
#6083=CARTESIAN_POINT('Origin',(0.,22.0000003278,15.3137085077164));
#6084=CARTESIAN_POINT('',(4.,22.0000003278,15.3137085077164));
#6085=CARTESIAN_POINT('',(4.,22.0000003278,55.6568542538582));
#6086=CARTESIAN_POINT('',(0.,22.0000003278,15.3137085077164));
#6087=CARTESIAN_POINT('',(0.,22.0000003278,7.65685425385821));
#6088=CARTESIAN_POINT('',(0.,22.0000003278,15.3137085077164));
#6089=CARTESIAN_POINT('Origin',(0.,10.6862918200836,4.));
#6090=CARTESIAN_POINT('',(4.,32.0147188650627,25.3284270449791));
#6091=CARTESIAN_POINT('',(0.,7.01471886506268,0.328427044979109));
#6092=CARTESIAN_POINT('Origin',(0.,4.00000002980232,19.9411252076883));
#6093=CARTESIAN_POINT('',(4.,6.05887509031405,22.0000002682));
#6094=CARTESIAN_POINT('',(4.,4.00000005960464,19.941125177886));
#6095=CARTESIAN_POINT('',(4.,23.0147187204297,38.9558438983156));
#6096=CARTESIAN_POINT('',(0.,6.05887509031405,22.0000002682));
#6097=CARTESIAN_POINT('',(0.,6.05887509031405,22.0000002682));
#6098=CARTESIAN_POINT('',(0.,4.00000005960464,19.941125177886));
#6099=CARTESIAN_POINT('',(0.,-1.98528127957033,13.9558438983156));
#6100=CARTESIAN_POINT('',(0.,4.00000005960464,19.941125177886));
#6101=CARTESIAN_POINT('Origin',(0.,4.00000005960464,22.0000003278255));
#6102=CARTESIAN_POINT('',(4.,4.00000005960464,22.0000003278255));
#6103=CARTESIAN_POINT('',(4.,4.00000005960464,59.0000001639128));
#6104=CARTESIAN_POINT('',(0.,4.00000005960464,22.0000003278255));
#6105=CARTESIAN_POINT('',(0.,4.,25.));
#6106=CARTESIAN_POINT('',(0.,4.00000005960464,22.0000003278255));
#6107=CARTESIAN_POINT('Origin',(37.5,4.,50.));
#6108=CARTESIAN_POINT('',(4.,4.,13.514718953587));
#6109=CARTESIAN_POINT('',(4.,4.,73.));
#6110=CARTESIAN_POINT('',(12.4852813742386,4.,22.0000003278255));
#6111=CARTESIAN_POINT('',(25.7389609487225,4.,35.2536799023095));
#6112=CARTESIAN_POINT('',(15.3137084989848,4.,22.0000003278255));
#6113=CARTESIAN_POINT('',(75.,4.,22.0000002682));
#6114=CARTESIAN_POINT('',(4.,4.,10.6862918288408));
#6115=CARTESIAN_POINT('',(22.2034270427898,4.,28.8897188716306));
#6116=CARTESIAN_POINT('',(4.,4.00000005960464,53.7279219018237));
#6117=CARTESIAN_POINT('',(0.,4.,25.));
#6118=CARTESIAN_POINT('Origin',(4.,4.,96.));
#6119=CARTESIAN_POINT('',(4.,4.,22.));
#6120=CARTESIAN_POINT('',(4.,0.,22.0000003278255));
#6121=CARTESIAN_POINT('',(4.,4.,22.));
#6122=CARTESIAN_POINT('',(4.,0.,19.1715732030794));
#6123=CARTESIAN_POINT('',(4.,0.,25.));
#6124=CARTESIAN_POINT('',(4.,4.,19.1715732030794));
#6125=CARTESIAN_POINT('',(4.,0.,19.1715732030794));
#6126=CARTESIAN_POINT('',(4.,4.,73.));
#6127=CARTESIAN_POINT('Origin',(4.,4.,96.));
#6128=CARTESIAN_POINT('',(4.,4.,5.02943757934841));
#6129=CARTESIAN_POINT('',(4.,4.00000005960464,50.8994947770775));
#6130=CARTESIAN_POINT('',(4.,0.,5.02943757934841));
#6131=CARTESIAN_POINT('',(4.,0.,5.02943757934841));
#6132=CARTESIAN_POINT('',(4.,0.,25.));
#6133=CARTESIAN_POINT('Origin',(4.,4.,96.));
#6134=CARTESIAN_POINT('',(4.,24.,22.));
#6135=CARTESIAN_POINT('',(4.,24.,96.));
#6136=CARTESIAN_POINT('',(4.,4.,22.));
#6137=CARTESIAN_POINT('',(4.,0.,0.));
#6138=CARTESIAN_POINT('',(4.,0.,0.));
#6139=CARTESIAN_POINT('',(4.,0.,0.));
#6140=CARTESIAN_POINT('Origin',(4.,4.,96.));
#6141=CARTESIAN_POINT('',(4.,4.,22.));
#6142=CARTESIAN_POINT('',(4.,4.,16.3431460783332));
#6143=CARTESIAN_POINT('',(4.,4.00000005960464,56.5563490265699));
#6144=CARTESIAN_POINT('',(4.,0.,16.3431460783332));
#6145=CARTESIAN_POINT('',(4.,0.,16.3431460783332));
#6146=CARTESIAN_POINT('',(4.,0.,13.514718953587));
#6147=CARTESIAN_POINT('',(4.,0.,25.));
#6148=CARTESIAN_POINT('',(4.,0.,13.514718953587));
#6149=CARTESIAN_POINT('Origin',(37.5,4.,50.));
#6150=CARTESIAN_POINT('',(6.8284271247462,4.,22.0000003278255));
#6151=CARTESIAN_POINT('',(21.4963202616033,4.,36.6678934646826));
#6152=CARTESIAN_POINT('',(9.65685424949238,4.,22.0000003278255));
#6153=CARTESIAN_POINT('',(75.,4.,22.0000002682));
#6154=CARTESIAN_POINT('',(20.7892134804167,4.,33.1323595587499));
#6155=CARTESIAN_POINT('',(0.,4.,25.));
#6156=CARTESIAN_POINT('Origin',(0.,0.,0.));
#6157=CARTESIAN_POINT('',(0.,8.6862917946494,22.0000002682));
#6158=CARTESIAN_POINT('',(0.,4.,25.));
#6159=CARTESIAN_POINT('',(0.,5.85786466990321,22.0000002682));
#6160=CARTESIAN_POINT('',(0.,4.,25.));
#6161=CARTESIAN_POINT('',(0.,3.02943754515702,22.0000002682));
#6162=CARTESIAN_POINT('',(0.,4.,96.));
#6163=CARTESIAN_POINT('',(0.,4.,25.));
#6164=CARTESIAN_POINT('',(0.,24.,96.));
#6165=CARTESIAN_POINT('',(0.,0.,96.));
#6166=CARTESIAN_POINT('',(0.,24.,4.));
#6167=CARTESIAN_POINT('',(0.,24.,100.));
#6168=CARTESIAN_POINT('',(0.,0.,4.));
#6169=CARTESIAN_POINT('',(0.,0.,4.));
#6170=CARTESIAN_POINT('',(0.,0.,4.));
#6171=CARTESIAN_POINT('',(0.,0.,4.));
#6172=CARTESIAN_POINT('',(0.,11.0000001639,22.0000002682));
#6173=CARTESIAN_POINT('',(0.,4.,25.));
#6174=CARTESIAN_POINT('Origin',(71.,0.,18.2893222091708));
#6175=CARTESIAN_POINT('',(70.5526694477073,4.,17.8419916568781));
#6176=CARTESIAN_POINT('',(70.5526694477073,0.,17.8419916568781));
#6177=CARTESIAN_POINT('Origin',(53.882250666083,0.,4.));
#6178=CARTESIAN_POINT('',(61.2866879995622,4.,11.4044373334793));
#6179=CARTESIAN_POINT('',(61.2866879995622,0.,11.4044373334793));
#6180=CARTESIAN_POINT('Origin',(52.0832611206852,0.,22.0000003278255));
#6181=CARTESIAN_POINT('',(52.0832611206852,4.,22.0000003278255));
#6182=CARTESIAN_POINT('',(55.4374457585575,4.,25.3541849656978));
#6183=CARTESIAN_POINT('',(52.0832611206852,0.,22.0000003278255));
#6184=CARTESIAN_POINT('',(55.4374457585575,0.,25.3541849656978));
#6185=CARTESIAN_POINT('',(52.0832611206852,0.,22.0000003278255));
#6186=CARTESIAN_POINT('Origin',(31.2548336681135,0.,4.));
#6187=CARTESIAN_POINT('',(49.254833995939,4.,22.0000003278255));
#6188=CARTESIAN_POINT('',(44.3161252510851,4.,17.0612915829716));
#6189=CARTESIAN_POINT('',(49.254833995939,0.,22.0000003278255));
#6190=CARTESIAN_POINT('',(49.254833995939,0.,22.0000003278255));
#6191=CARTESIAN_POINT('',(44.3161252510851,0.,17.0612915829716));
#6192=CARTESIAN_POINT('Origin',(29.4558441227157,0.,22.0000003278255));
#6193=CARTESIAN_POINT('',(29.4558441227157,4.,22.0000003278255));
#6194=CARTESIAN_POINT('',(38.4668830100804,4.,31.0110392151902));
#6195=CARTESIAN_POINT('',(29.4558441227157,0.,22.0000003278255));
#6196=CARTESIAN_POINT('',(38.4668830100804,0.,31.0110392151902));
#6197=CARTESIAN_POINT('',(29.4558441227157,0.,22.0000003278255));
#6198=CARTESIAN_POINT('Origin',(8.62741667014398,0.,4.));
#6199=CARTESIAN_POINT('',(26.6274169979696,4.,22.0000003278255));
#6200=CARTESIAN_POINT('',(27.345562502608,4.,22.718145832464));
#6201=CARTESIAN_POINT('',(26.6274169979696,0.,22.0000003278255));
#6202=CARTESIAN_POINT('',(26.6274169979696,0.,22.0000003278255));
#6203=CARTESIAN_POINT('',(27.345562502608,0.,22.718145832464));
#6204=CARTESIAN_POINT('Origin',(6.8284271247462,0.,22.0000003278255));
#6205=CARTESIAN_POINT('',(6.8284271247462,0.,22.0000003278255));
#6206=CARTESIAN_POINT('',(21.4963202616033,0.,36.6678934646826));
#6207=CARTESIAN_POINT('',(6.8284271247462,0.,22.0000003278255));
#6208=CARTESIAN_POINT('Origin',(4.,0.,5.02943757934841));
#6209=CARTESIAN_POINT('',(20.9705627484771,4.,22.0000003278255));
#6210=CARTESIAN_POINT('',(23.6176406051629,4.,24.6470781845113));
#6211=CARTESIAN_POINT('',(20.9705627484771,0.,22.0000003278255));
#6212=CARTESIAN_POINT('',(20.9705627484771,0.,22.0000003278255));
#6213=CARTESIAN_POINT('',(23.6176406051629,0.,24.6470781845113));
#6214=CARTESIAN_POINT('Origin',(23.7989898732234,0.,22.0000003278255));
#6215=CARTESIAN_POINT('',(23.7989898732234,4.,22.0000003278255));
#6216=CARTESIAN_POINT('',(34.2242423229612,4.,32.4252527775633));
#6217=CARTESIAN_POINT('',(23.7989898732234,0.,22.0000003278255));
#6218=CARTESIAN_POINT('',(34.2242423229612,0.,32.4252527775633));
#6219=CARTESIAN_POINT('',(23.7989898732234,0.,22.0000003278255));
#6220=CARTESIAN_POINT('Origin',(25.5979794186211,0.,4.));
#6221=CARTESIAN_POINT('',(43.5979797464467,4.,22.0000003278255));
#6222=CARTESIAN_POINT('',(40.0734845639658,4.,18.4755051453447));
#6223=CARTESIAN_POINT('',(43.5979797464467,0.,22.0000003278255));
#6224=CARTESIAN_POINT('',(43.5979797464467,0.,22.0000003278255));
#6225=CARTESIAN_POINT('',(40.0734845639658,0.,18.4755051453447));
#6226=CARTESIAN_POINT('Origin',(46.4264068711928,0.,22.0000003278255));
#6227=CARTESIAN_POINT('',(46.4264068711928,4.,22.0000003278255));
#6228=CARTESIAN_POINT('',(51.1948050714382,4.,26.768398528071));
#6229=CARTESIAN_POINT('',(46.4264068711928,0.,22.0000003278255));
#6230=CARTESIAN_POINT('',(51.1948050714382,0.,26.768398528071));
#6231=CARTESIAN_POINT('',(46.4264068711928,0.,22.0000003278255));
#6232=CARTESIAN_POINT('Origin',(69.0538238691624,0.,22.0000003278255));
#6233=CARTESIAN_POINT('',(69.0538238691624,4.,22.0000003278255));
#6234=CARTESIAN_POINT('',(68.1653678199154,4.,21.1115442785786));
#6235=CARTESIAN_POINT('',(69.0538238691624,0.,22.0000003278255));
#6236=CARTESIAN_POINT('',(68.1653678199154,0.,21.1115442785786));
#6237=CARTESIAN_POINT('',(69.0538238691624,0.,22.0000003278255));
#6238=CARTESIAN_POINT('Origin',(48.2253964165906,0.,4.));
#6239=CARTESIAN_POINT('',(66.2253967444162,4.,22.0000003278255));
#6240=CARTESIAN_POINT('',(57.044047312443,4.,12.8186508958523));
#6241=CARTESIAN_POINT('',(66.2253967444162,0.,22.0000003278255));
#6242=CARTESIAN_POINT('',(66.2253967444162,0.,22.0000003278255));
#6243=CARTESIAN_POINT('',(57.044047312443,0.,12.8186508958523));
#6244=CARTESIAN_POINT('Origin',(71.,0.,12.6324679596785));
#6245=CARTESIAN_POINT('',(71.9668830100804,4.,13.5993509697589));
#6246=CARTESIAN_POINT('',(71.9668830100804,0.,13.5993509697589));
#6247=CARTESIAN_POINT('Origin',(59.5391049155754,0.,4.));
#6248=CARTESIAN_POINT('',(65.5293286866815,4.,9.99022377110614));
#6249=CARTESIAN_POINT('',(65.5293286866815,0.,9.99022377110614));
#6250=CARTESIAN_POINT('Origin',(57.7401153701776,0.,22.0000003278255));
#6251=CARTESIAN_POINT('',(57.7401153701776,4.,22.0000003278255));
#6252=CARTESIAN_POINT('',(59.6800864456768,4.,23.9399714033247));
#6253=CARTESIAN_POINT('',(57.7401153701776,0.,22.0000003278255));
#6254=CARTESIAN_POINT('',(59.6800864456768,0.,23.9399714033247));
#6255=CARTESIAN_POINT('',(57.7401153701776,0.,22.0000003278255));
#6256=CARTESIAN_POINT('Origin',(36.9116879176058,0.,4.));
#6257=CARTESIAN_POINT('',(54.9116882454314,4.,22.0000003278255));
#6258=CARTESIAN_POINT('',(48.5587659382044,4.,15.6470780205985));
#6259=CARTESIAN_POINT('',(54.9116882454314,0.,22.0000003278255));
#6260=CARTESIAN_POINT('',(54.9116882454314,0.,22.0000003278255));
#6261=CARTESIAN_POINT('',(48.5587659382044,0.,15.6470780205985));
#6262=CARTESIAN_POINT('Origin',(35.1126983722081,0.,22.0000003278255));
#6263=CARTESIAN_POINT('',(35.1126983722081,4.,22.0000003278255));
#6264=CARTESIAN_POINT('',(42.7095236971997,4.,29.5968256528171));
#6265=CARTESIAN_POINT('',(35.1126983722081,0.,22.0000003278255));
#6266=CARTESIAN_POINT('',(42.7095236971997,0.,29.5968256528171));
#6267=CARTESIAN_POINT('',(35.1126983722081,0.,22.0000003278255));
#6268=CARTESIAN_POINT('Origin',(14.2842709196363,0.,4.));
#6269=CARTESIAN_POINT('',(32.2842712474619,4.,22.0000003278255));
#6270=CARTESIAN_POINT('',(31.5882031897273,4.,21.3039322700909));
#6271=CARTESIAN_POINT('',(32.2842712474619,0.,22.0000003278255));
#6272=CARTESIAN_POINT('',(32.2842712474619,0.,22.0000003278255));
#6273=CARTESIAN_POINT('',(31.5882031897273,0.,21.3039322700909));
#6274=CARTESIAN_POINT('Origin',(12.4852813742386,0.,22.0000003278255));
#6275=CARTESIAN_POINT('',(12.4852813742386,0.,22.0000003278255));
#6276=CARTESIAN_POINT('',(25.7389609487225,0.,35.2536799023095));
#6277=CARTESIAN_POINT('',(12.4852813742386,0.,22.0000003278255));
#6278=CARTESIAN_POINT('Origin',(4.,0.,16.3431460783332));
#6279=CARTESIAN_POINT('',(9.65685424949238,0.,22.0000003278255));
#6280=CARTESIAN_POINT('',(9.65685424949238,0.,22.0000003278255));
#6281=CARTESIAN_POINT('',(20.7892134804167,0.,33.1323595587499));
#6282=CARTESIAN_POINT('Origin',(18.142135623731,0.,22.0000003278255));
#6283=CARTESIAN_POINT('',(4.,4.,7.8578647040946));
#6284=CARTESIAN_POINT('',(18.142135623731,4.,22.0000003278255));
#6285=CARTESIAN_POINT('',(29.9816016358418,4.,33.8394663399364));
#6286=CARTESIAN_POINT('',(4.,0.,7.8578647040946));
#6287=CARTESIAN_POINT('',(4.,0.,7.8578647040946));
#6288=CARTESIAN_POINT('',(18.142135623731,0.,22.0000003278255));
#6289=CARTESIAN_POINT('',(29.9816016358418,0.,33.8394663399364));
#6290=CARTESIAN_POINT('',(18.142135623731,0.,22.0000003278255));
#6291=CARTESIAN_POINT('Origin',(4.,0.,10.6862918288408));
#6292=CARTESIAN_POINT('',(15.3137084989848,0.,22.0000003278255));
#6293=CARTESIAN_POINT('',(15.3137084989848,0.,22.0000003278255));
#6294=CARTESIAN_POINT('',(4.,0.,10.6862918288408));
#6295=CARTESIAN_POINT('',(22.2034270427898,0.,28.8897188716306));
#6296=CARTESIAN_POINT('',(4.,0.,10.6862918288408));
#6297=CARTESIAN_POINT('Origin',(40.7695526217004,0.,22.0000003278255));
#6298=CARTESIAN_POINT('',(40.7695526217004,4.,22.0000003278255));
#6299=CARTESIAN_POINT('',(46.9521643843189,4.,28.182612090444));
#6300=CARTESIAN_POINT('',(40.7695526217004,0.,22.0000003278255));
#6301=CARTESIAN_POINT('',(46.9521643843189,0.,28.182612090444));
#6302=CARTESIAN_POINT('',(40.7695526217004,0.,22.0000003278255));
#6303=CARTESIAN_POINT('Origin',(19.9411251691287,0.,4.));
#6304=CARTESIAN_POINT('',(37.9411254969543,4.,22.0000003278255));
#6305=CARTESIAN_POINT('',(35.8308438768465,4.,19.8897187077178));
#6306=CARTESIAN_POINT('',(37.9411254969543,0.,22.0000003278255));
#6307=CARTESIAN_POINT('',(37.9411254969543,0.,22.0000003278255));
#6308=CARTESIAN_POINT('',(35.8308438768465,0.,19.8897187077178));
#6309=CARTESIAN_POINT('Origin',(42.5685421670982,0.,4.));
#6310=CARTESIAN_POINT('',(60.5685424949238,4.,22.0000003278256));
#6311=CARTESIAN_POINT('',(52.8014066253237,4.,14.2328644582254));
#6312=CARTESIAN_POINT('',(60.5685424949238,0.,22.0000003278256));
#6313=CARTESIAN_POINT('',(60.5685424949238,0.,22.0000003278256));
#6314=CARTESIAN_POINT('',(52.8014066253237,0.,14.2328644582254));
#6315=CARTESIAN_POINT('Origin',(63.39696961967,0.,22.0000003278255));
#6316=CARTESIAN_POINT('',(63.39696961967,4.,22.0000003278255));
#6317=CARTESIAN_POINT('',(63.9227271327961,4.,22.5257578409516));
#6318=CARTESIAN_POINT('',(63.39696961967,0.,22.0000003278255));
#6319=CARTESIAN_POINT('',(63.9227271327961,0.,22.5257578409516));
#6320=CARTESIAN_POINT('',(63.39696961967,0.,22.0000003278255));
#6321=CARTESIAN_POINT('Origin',(71.,0.,6.97561371018607));
#6322=CARTESIAN_POINT('',(73.3810965724537,4.,9.3567102826398));
#6323=CARTESIAN_POINT('',(73.3810965724537,0.,9.3567102826398));
#6324=CARTESIAN_POINT('Origin',(65.1959591650678,0.,4.));
#6325=CARTESIAN_POINT('',(69.7719693738009,4.,8.57601020873311));
#6326=CARTESIAN_POINT('',(69.7719693738009,0.,8.57601020873311));
#6327=CARTESIAN_POINT('Origin',(4.,4.,96.));
#6328=CARTESIAN_POINT('',(4.,0.,25.));
#6329=CARTESIAN_POINT('',(4.,4.,73.));
#6330=CARTESIAN_POINT('',(4.,4.,22.));
#6331=CARTESIAN_POINT('Origin',(37.5,0.,50.));
#6332=CARTESIAN_POINT('',(71.,0.,4.));
#6333=CARTESIAN_POINT('',(56.25,0.,4.));
#6334=CARTESIAN_POINT('',(71.,0.,75.));
#6335=CARTESIAN_POINT('Origin',(37.5,0.,50.));
#6336=CARTESIAN_POINT('',(56.25,0.,4.));
#6337=CARTESIAN_POINT('',(71.,0.,75.));
#6338=CARTESIAN_POINT('Origin',(37.5,0.,50.));
#6339=CARTESIAN_POINT('',(71.,0.,96.));
#6340=CARTESIAN_POINT('',(71.,0.,75.));
#6341=CARTESIAN_POINT('',(4.,0.,96.));
#6342=CARTESIAN_POINT('',(18.75,0.,96.));
#6343=CARTESIAN_POINT('',(4.,0.,25.));
#6344=CARTESIAN_POINT('',(20.75,0.,22.0000003278255));
#6345=CARTESIAN_POINT('',(4.,0.,25.));
#6346=CARTESIAN_POINT('',(23.5784271247462,0.,22.0000003278255));
#6347=CARTESIAN_POINT('',(4.,0.,25.));
#6348=CARTESIAN_POINT('',(26.4068542494924,0.,22.0000003278255));
#6349=CARTESIAN_POINT('',(4.,0.,25.));
#6350=CARTESIAN_POINT('',(29.2352813742386,0.,22.0000003278255));
#6351=CARTESIAN_POINT('',(56.25,0.,4.));
#6352=CARTESIAN_POINT('',(32.0637084989848,0.,22.0000003278255));
#6353=CARTESIAN_POINT('',(56.25,0.,4.));
#6354=CARTESIAN_POINT('',(34.8921356237309,0.,22.0000003278255));
#6355=CARTESIAN_POINT('',(56.25,0.,4.));
#6356=CARTESIAN_POINT('',(37.7205627484771,0.,22.0000003278255));
#6357=CARTESIAN_POINT('',(56.25,0.,4.));
#6358=CARTESIAN_POINT('',(40.5489898732233,0.,22.0000003278255));
#6359=CARTESIAN_POINT('',(56.25,0.,4.));
#6360=CARTESIAN_POINT('',(43.3774169979695,0.,22.0000003278255));
#6361=CARTESIAN_POINT('',(56.25,0.,4.));
#6362=CARTESIAN_POINT('',(46.2058441227157,0.,22.0000003278255));
#6363=CARTESIAN_POINT('',(56.25,0.,4.));
#6364=CARTESIAN_POINT('',(49.0342712474619,0.,22.0000003278255));
#6365=CARTESIAN_POINT('',(56.25,0.,4.));
#6366=CARTESIAN_POINT('',(51.8626983722081,0.,22.0000003278255));
#6367=CARTESIAN_POINT('',(56.25,0.,4.));
#6368=CARTESIAN_POINT('Origin',(37.5,0.,50.));
#6369=CARTESIAN_POINT('',(56.25,0.,4.));
#6370=CARTESIAN_POINT('',(71.,0.,75.));
#6371=CARTESIAN_POINT('Origin',(37.5,4.,50.));
#6372=CARTESIAN_POINT('',(75.,4.,6.05887509031405));
#6373=CARTESIAN_POINT('',(75.,4.,6.05887509031405));
#6374=CARTESIAN_POINT('',(75.,4.,75.));
#6375=CARTESIAN_POINT('',(56.25,4.,0.));
#6376=CARTESIAN_POINT('Origin',(37.5,4.,50.));
#6377=CARTESIAN_POINT('',(75.,4.,22.0000002682));
#6378=CARTESIAN_POINT('',(56.25,4.,0.));
#6379=CARTESIAN_POINT('Origin',(37.5,4.,50.));
#6380=CARTESIAN_POINT('',(75.,4.,22.0000002682));
#6381=CARTESIAN_POINT('',(56.25,4.,0.));
#6382=CARTESIAN_POINT('Origin',(37.5,4.,50.));
#6383=CARTESIAN_POINT('',(75.,4.,22.0000002682));
#6384=CARTESIAN_POINT('',(0.,4.,25.));
#6385=CARTESIAN_POINT('Origin',(37.5,4.,50.));
#6386=CARTESIAN_POINT('',(75.,4.,11.7157293398064));
#6387=CARTESIAN_POINT('',(75.,4.,11.7157293398064));
#6388=CARTESIAN_POINT('',(75.,4.,8.88730221506024));
#6389=CARTESIAN_POINT('',(75.,4.,75.));
#6390=CARTESIAN_POINT('',(75.,4.,8.88730221506024));
#6391=CARTESIAN_POINT('',(56.25,4.,0.));
#6392=CARTESIAN_POINT('Origin',(37.5,4.,50.));
#6393=CARTESIAN_POINT('',(75.,4.,22.0000002682));
#6394=CARTESIAN_POINT('',(56.25,4.,0.));
#6395=CARTESIAN_POINT('Origin',(37.5,4.,50.));
#6396=CARTESIAN_POINT('',(75.,4.,22.0000002682));
#6397=CARTESIAN_POINT('',(56.25,4.,0.));
#6398=CARTESIAN_POINT('Origin',(37.5,4.,50.));
#6399=CARTESIAN_POINT('',(75.,4.,22.0000002682));
#6400=CARTESIAN_POINT('',(56.25,4.,0.));
#6401=CARTESIAN_POINT('Origin',(37.5,4.,50.));
#6402=CARTESIAN_POINT('',(75.,4.,22.0000002682));
#6403=CARTESIAN_POINT('',(56.25,4.,0.));
#6404=CARTESIAN_POINT('Origin',(37.5,4.,50.));
#6405=CARTESIAN_POINT('',(75.,4.,22.0000002682));
#6406=CARTESIAN_POINT('',(56.25,4.,0.));
#6407=CARTESIAN_POINT('Origin',(37.5,4.,50.));
#6408=CARTESIAN_POINT('',(75.,4.,22.0000002682));
#6409=CARTESIAN_POINT('',(56.25,4.,0.));
#6410=CARTESIAN_POINT('Origin',(37.5,4.,50.));
#6411=CARTESIAN_POINT('',(75.,4.,17.3725835892988));
#6412=CARTESIAN_POINT('',(75.,4.,17.3725835892988));
#6413=CARTESIAN_POINT('',(75.,4.,14.5441564645526));
#6414=CARTESIAN_POINT('',(75.,4.,75.));
#6415=CARTESIAN_POINT('',(75.,4.,14.5441564645526));
#6416=CARTESIAN_POINT('',(56.25,4.,0.));
#6417=CARTESIAN_POINT('Origin',(75.,14.5441564645526,4.));
#6418=CARTESIAN_POINT('',(75.,-13.0918826515855,31.6360391161382));
#6419=CARTESIAN_POINT('Origin',(75.,4.,17.3725835892988));
#6420=CARTESIAN_POINT('',(75.,-17.6568541026753,39.0294376919741));
#6421=CARTESIAN_POINT('Origin',(75.,22.0000003278,19.1715739483711));
#6422=CARTESIAN_POINT('',(71.,19.1715731732421,22.0000002682));
#6423=CARTESIAN_POINT('',(71.,22.0000003278,19.1715739483711));
#6424=CARTESIAN_POINT('',(71.,21.2928924048967,19.8786816625918));
#6425=CARTESIAN_POINT('',(75.,19.1715731732421,22.0000002682));
#6426=CARTESIAN_POINT('',(75.,19.1715731732421,22.0000002682));
#6427=CARTESIAN_POINT('',(75.,22.0000003278,19.1715739483711));
#6428=CARTESIAN_POINT('',(75.,-3.70710789022352,44.8786745796806));
#6429=CARTESIAN_POINT('',(75.,22.0000003278,19.1715739483711));
#6430=CARTESIAN_POINT('Origin',(75.,22.0000003278,22.0000002682));
#6431=CARTESIAN_POINT('',(71.,22.0000003278,22.));
#6432=CARTESIAN_POINT('',(71.,22.0000003278,13.0000001341));
#6433=CARTESIAN_POINT('',(75.,22.0000003278,22.0000002682));
#6434=CARTESIAN_POINT('',(75.,22.0000003278,61.0000001341));
#6435=CARTESIAN_POINT('',(75.,22.0000003278,22.0000002682));
#6436=CARTESIAN_POINT('Origin',(75.,22.0000003278,5.0294375109912));
#6437=CARTESIAN_POINT('',(71.,22.0000003278,5.0294375109912));
#6438=CARTESIAN_POINT('',(71.,22.0000003278,4.5147187554956));
#6439=CARTESIAN_POINT('',(75.,22.0000003278,5.0294375109912));
#6440=CARTESIAN_POINT('',(75.,22.0000003278,52.5147187554956));
#6441=CARTESIAN_POINT('',(75.,22.0000003278,5.0294375109912));
#6442=CARTESIAN_POINT('Origin',(75.,5.02943757059117,22.0000002682));
#6443=CARTESIAN_POINT('',(71.,5.02943783879117,22.));
#6444=CARTESIAN_POINT('',(71.,9.27207824499338,17.7573595937978));
#6445=CARTESIAN_POINT('',(75.,5.02943757059117,22.0000002682));
#6446=CARTESIAN_POINT('',(75.,-15.7279217550066,42.7573595937978));
#6447=CARTESIAN_POINT('',(75.,5.02943757059117,22.0000002682));
#6448=CARTESIAN_POINT('Origin',(75.,20.201010714045,4.00000000000001));
#6449=CARTESIAN_POINT('',(75.,4.,20.201010714045));
#6450=CARTESIAN_POINT('',(75.,4.,20.201010714045));
#6451=CARTESIAN_POINT('',(75.,-8.84924196446625,33.0502526785112));
#6452=CARTESIAN_POINT('Origin',(75.,8.88730221506024,4.));
#6453=CARTESIAN_POINT('',(75.,-17.3345233387048,30.221825553765));
#6454=CARTESIAN_POINT('Origin',(75.,4.,11.7157293398064));
#6455=CARTESIAN_POINT('',(75.,-19.0710676650484,34.7867970048548));
#6456=CARTESIAN_POINT('Origin',(75.,22.0000003278,16.343146009976));
#6457=CARTESIAN_POINT('',(71.,22.0000003278,13.5147188852298));
#6458=CARTESIAN_POINT('',(71.,22.0000003278,16.343146009976));
#6459=CARTESIAN_POINT('',(71.,22.0000003278,10.171573004988));
#6460=CARTESIAN_POINT('',(75.,22.0000003278,13.5147188852298));
#6461=CARTESIAN_POINT('',(75.,22.0000003278,13.5147188852298));
#6462=CARTESIAN_POINT('',(75.,22.0000003278,16.343146009976));
#6463=CARTESIAN_POINT('',(75.,22.0000003278,58.171573004988));
#6464=CARTESIAN_POINT('',(75.,22.0000003278,16.343146009976));
#6465=CARTESIAN_POINT('Origin',(75.,16.343146069576,22.0000002682));
#6466=CARTESIAN_POINT('',(71.,16.3431463377759,22.));
#6467=CARTESIAN_POINT('',(71.,17.757359619232,20.585786718544));
#6468=CARTESIAN_POINT('',(75.,16.343146069576,22.0000002682));
#6469=CARTESIAN_POINT('',(75.,-7.24264038076803,45.585786718544));
#6470=CARTESIAN_POINT('',(75.,16.343146069576,22.0000002682));
#6471=CARTESIAN_POINT('Origin',(75.,22.0000003278,13.5147188852298));
#6472=CARTESIAN_POINT('',(71.,13.5147192130298,22.));
#6473=CARTESIAN_POINT('',(71.,19.8786799671574,15.6360392458723));
#6474=CARTESIAN_POINT('',(75.,13.5147189448298,22.0000002682));
#6475=CARTESIAN_POINT('',(75.,13.5147189448298,22.0000002682));
#6476=CARTESIAN_POINT('',(75.,-5.12132003284256,40.6360392458723));
#6477=CARTESIAN_POINT('Origin',(75.,22.0000003278,10.6862917604836));
#6478=CARTESIAN_POINT('',(71.,22.0000003278,7.85786463573738));
#6479=CARTESIAN_POINT('',(71.,22.0000003278,10.6862917604836));
#6480=CARTESIAN_POINT('',(71.,22.0000003278,7.34314588024179));
#6481=CARTESIAN_POINT('',(75.,22.0000003278,7.85786463573738));
#6482=CARTESIAN_POINT('',(75.,22.0000003278,7.85786463573738));
#6483=CARTESIAN_POINT('',(75.,22.0000003278,10.6862917604836));
#6484=CARTESIAN_POINT('',(75.,22.0000003278,55.3431458802418));
#6485=CARTESIAN_POINT('',(75.,22.0000003278,10.6862917604836));
#6486=CARTESIAN_POINT('Origin',(75.,10.6862918200836,22.0000002682));
#6487=CARTESIAN_POINT('',(71.,10.6862920882836,22.));
#6488=CARTESIAN_POINT('',(71.,13.5147189321127,19.1715731561709));
#6489=CARTESIAN_POINT('',(75.,10.6862918200836,22.0000002682));
#6490=CARTESIAN_POINT('',(75.,-11.4852810678873,44.1715731561709));
#6491=CARTESIAN_POINT('',(75.,10.6862918200836,22.0000002682));
#6492=CARTESIAN_POINT('Origin',(75.,22.0000003278,7.85786463573738));
#6493=CARTESIAN_POINT('',(71.,7.85786496353738,22.));
#6494=CARTESIAN_POINT('',(71.,18.4644664047843,11.393398558753));
#6495=CARTESIAN_POINT('',(75.,7.85786469533738,22.0000002682));
#6496=CARTESIAN_POINT('',(75.,7.85786469533738,22.0000002682));
#6497=CARTESIAN_POINT('',(75.,-6.53553359521565,36.3933985587531));
#6498=CARTESIAN_POINT('Origin',(75.,4.,6.05887509031405));
#6499=CARTESIAN_POINT('',(75.,-20.4852812274215,30.5441563177355));
#6500=CARTESIAN_POINT('Origin',(37.5,4.,50.));
#6501=CARTESIAN_POINT('',(75.,4.,22.0000002682));
#6502=CARTESIAN_POINT('',(75.,4.,22.0000002682));
#6503=CARTESIAN_POINT('',(75.,4.,75.));
#6504=CARTESIAN_POINT('',(56.25,4.,0.));
#6505=CARTESIAN_POINT('Origin',(71.,4.,4.));
#6506=CARTESIAN_POINT('',(71.,24.,22.));
#6507=CARTESIAN_POINT('',(71.,4.,22.));
#6508=CARTESIAN_POINT('',(71.,24.,4.));
#6509=CARTESIAN_POINT('',(71.,4.,22.));
#6510=CARTESIAN_POINT('',(71.,4.,22.));
#6511=CARTESIAN_POINT('',(71.,4.,22.));
#6512=CARTESIAN_POINT('Origin',(75.,0.,100.));
#6513=CARTESIAN_POINT('',(75.,4.,75.));
#6514=CARTESIAN_POINT('',(75.,0.,4.));
#6515=CARTESIAN_POINT('Origin',(75.,0.,100.));
#6516=CARTESIAN_POINT('',(75.,24.,4.));
#6517=CARTESIAN_POINT('',(75.,0.,4.));
#6518=CARTESIAN_POINT('',(75.,24.,96.));
#6519=CARTESIAN_POINT('',(75.,24.,0.));
#6520=CARTESIAN_POINT('',(75.,4.,96.));
#6521=CARTESIAN_POINT('',(75.,0.,96.));
#6522=CARTESIAN_POINT('',(75.,4.,75.));
#6523=CARTESIAN_POINT('',(75.,2.,22.0000002682));
#6524=CARTESIAN_POINT('',(75.,3.92893234766869,22.0000002682));
#6525=CARTESIAN_POINT('',(75.,6.75735947241488,22.0000002682));
#6526=CARTESIAN_POINT('',(75.,9.58578658662105,22.0000002682));
#6527=CARTESIAN_POINT('Origin',(75.,0.,100.));
#6528=CARTESIAN_POINT('',(75.,4.,75.));
#6529=CARTESIAN_POINT('',(75.,0.,4.));
#6530=CARTESIAN_POINT('Origin',(75.,0.,100.));
#6531=CARTESIAN_POINT('',(75.,0.,4.));
#6532=CARTESIAN_POINT('',(75.,4.,75.));
#6533=CARTESIAN_POINT('Origin',(71.,4.,4.));
#6534=CARTESIAN_POINT('',(71.0000010579824,24.,26.));
#6535=CARTESIAN_POINT('',(71.0000010579824,4.,26.));
#6536=CARTESIAN_POINT('',(71.,4.,26.));
#6537=CARTESIAN_POINT('',(71.,4.,96.));
#6538=CARTESIAN_POINT('',(71.,4.,27.));
#6539=CARTESIAN_POINT('',(71.,24.,96.));
#6540=CARTESIAN_POINT('',(71.,4.,96.));
#6541=CARTESIAN_POINT('',(71.,24.,4.));
#6542=CARTESIAN_POINT('Origin',(4.,4.,96.));
#6543=CARTESIAN_POINT('',(4.,19.,26.));
#6544=CARTESIAN_POINT('',(4.,24.,26.));
#6545=CARTESIAN_POINT('',(4.,4.,26.));
#6546=CARTESIAN_POINT('',(4.,24.,96.));
#6547=CARTESIAN_POINT('',(4.,24.,96.));
#6548=CARTESIAN_POINT('',(4.,19.,96.));
#6549=CARTESIAN_POINT('',(4.,4.,96.));
#6550=CARTESIAN_POINT('',(4.,19.,96.));
#6551=CARTESIAN_POINT('Origin',(4.,15.,26.));
#6552=CARTESIAN_POINT('',(4.,15.,26.));
#6553=CARTESIAN_POINT('',(4.,15.,96.));
#6554=CARTESIAN_POINT('',(4.,15.,61.));
#6555=CARTESIAN_POINT('',(2.,15.,26.));
#6556=CARTESIAN_POINT('',(4.,15.,26.));
#6557=CARTESIAN_POINT('',(2.,15.,96.));
#6558=CARTESIAN_POINT('',(2.,15.,96.));
#6559=CARTESIAN_POINT('',(4.,15.,96.));
#6560=CARTESIAN_POINT('Origin',(4.,19.,96.));
#6561=CARTESIAN_POINT('',(2.,19.,96.));
#6562=CARTESIAN_POINT('',(4.,19.,96.));
#6563=CARTESIAN_POINT('',(2.,19.,26.));
#6564=CARTESIAN_POINT('',(2.,19.,26.));
#6565=CARTESIAN_POINT('',(4.,19.,26.));
#6566=CARTESIAN_POINT('Origin',(2.,17.,61.));
#6567=CARTESIAN_POINT('',(2.,19.,96.));
#6568=CARTESIAN_POINT('',(2.,15.,26.));
#6569=CARTESIAN_POINT('Origin',(4.,4.,96.));
#6570=CARTESIAN_POINT('',(4.,4.,96.));
#6571=CARTESIAN_POINT('',(4.,4.,96.));
#6572=CARTESIAN_POINT('',(4.,4.,26.));
#6573=CARTESIAN_POINT('',(4.,4.,73.));
#6574=CARTESIAN_POINT('',(4.,4.,26.));
#6575=CARTESIAN_POINT('Origin',(71.,4.,22.));
#6576=CARTESIAN_POINT('',(71.,24.,22.));
#6577=CARTESIAN_POINT('Origin',(4.,4.,26.));
#6578=CARTESIAN_POINT('',(20.75,4.,26.));
#6579=CARTESIAN_POINT('',(4.,24.,26.));
#6580=CARTESIAN_POINT('Origin',(37.5,4.,50.));
#6581=CARTESIAN_POINT('',(54.25,4.,96.));
#6582=CARTESIAN_POINT('Origin',(4.,4.,96.));
#6583=CARTESIAN_POINT('Origin',(4.,4.,96.));
#6584=CARTESIAN_POINT('',(4.,4.,100.));
#6585=CARTESIAN_POINT('Origin',(4.,4.,96.));
#6586=CARTESIAN_POINT('Origin',(4.,4.,96.));
#6587=CARTESIAN_POINT('Origin',(4.,4.,4.));
#6588=CARTESIAN_POINT('Origin',(4.,4.,4.));
#6589=CARTESIAN_POINT('Origin',(4.,4.,4.));
#6590=CARTESIAN_POINT('Origin',(4.,4.,4.));
#6591=CARTESIAN_POINT('Origin',(71.,4.,96.));
#6592=CARTESIAN_POINT('',(71.,4.,100.));
#6593=CARTESIAN_POINT('Origin',(71.,4.,96.));
#6594=CARTESIAN_POINT('Origin',(71.,4.,96.));
#6595=CARTESIAN_POINT('Origin',(71.,4.,96.));
#6596=CARTESIAN_POINT('Origin',(18.75,4.,96.));
#6597=CARTESIAN_POINT('',(18.75,4.,100.));
#6598=CARTESIAN_POINT('Origin',(71.,4.,4.));
#6599=CARTESIAN_POINT('Origin',(71.,4.,4.));
#6600=CARTESIAN_POINT('Origin',(71.,4.,4.));
#6601=CARTESIAN_POINT('Origin',(71.,4.,4.));
#6602=CARTESIAN_POINT('Origin',(71.,4.,75.));
#6603=CARTESIAN_POINT('Origin',(56.25,4.,4.));
#6604=CARTESIAN_POINT('Origin',(71.,0.,4.));
#6605=CARTESIAN_POINT('Origin',(71.,24.,4.));
#6606=CARTESIAN_POINT('Origin',(71.,0.,96.));
#6607=CARTESIAN_POINT('',(71.,24.,100.));
#6608=CARTESIAN_POINT('Origin',(71.,24.,96.));
#6609=CARTESIAN_POINT('',(71.,0.,100.));
#6610=CARTESIAN_POINT('Origin',(4.,4.,25.));
#6611=CARTESIAN_POINT('Origin',(4.,0.,4.));
#6612=CARTESIAN_POINT('Origin',(4.,24.,4.));
#6613=CARTESIAN_POINT('Origin',(4.,0.,96.));
#6614=CARTESIAN_POINT('',(4.,24.,100.));
#6615=CARTESIAN_POINT('Origin',(4.,24.,96.));
#6616=CARTESIAN_POINT('',(4.,0.,100.));
#6617=CARTESIAN_POINT('Origin',(71.,4.,96.));
#6618=CARTESIAN_POINT('',(71.,24.,96.));
#6619=CARTESIAN_POINT('Origin',(37.5,24.,50.));
#6620=CARTESIAN_POINT('',(75.,24.,100.));
#6621=CARTESIAN_POINT('Origin',(0.,0.,100.));
#6622=UNCERTAINTY_MEASURE_WITH_UNIT(LENGTH_MEASURE(0.01),#6626,
'DISTANCE_ACCURACY_VALUE',
'Maximum model space distance between geometric entities at asserted c
onnectivities');
#6623=UNCERTAINTY_MEASURE_WITH_UNIT(LENGTH_MEASURE(0.01),#6626,
'DISTANCE_ACCURACY_VALUE',
'Maximum model space distance between geometric entities at asserted c
onnectivities');
#6624=(
GEOMETRIC_REPRESENTATION_CONTEXT(3)
GLOBAL_UNCERTAINTY_ASSIGNED_CONTEXT((#6622))
GLOBAL_UNIT_ASSIGNED_CONTEXT((#6626,#6628,#6629))
REPRESENTATION_CONTEXT('','3D')
);
#6625=(
GEOMETRIC_REPRESENTATION_CONTEXT(3)
GLOBAL_UNCERTAINTY_ASSIGNED_CONTEXT((#6623))
GLOBAL_UNIT_ASSIGNED_CONTEXT((#6626,#6628,#6629))
REPRESENTATION_CONTEXT('','3D')
);
#6626=(
LENGTH_UNIT()
NAMED_UNIT(*)
SI_UNIT(.MILLI.,.METRE.)
);
#6627=(
LENGTH_UNIT()
NAMED_UNIT(*)
SI_UNIT($,.METRE.)
);
#6628=(
NAMED_UNIT(*)
PLANE_ANGLE_UNIT()
SI_UNIT($,.RADIAN.)
);
#6629=(
NAMED_UNIT(*)
SI_UNIT($,.STERADIAN.)
SOLID_ANGLE_UNIT()
);
#6630=SHAPE_DEFINITION_REPRESENTATION(#6631,#6632);
#6631=PRODUCT_DEFINITION_SHAPE('',$,#6634);
#6632=SHAPE_REPRESENTATION('',(#4255),#6624);
#6633=PRODUCT_DEFINITION_CONTEXT('part definition',#6638,'design');
#6634=PRODUCT_DEFINITION('Geh\X\E4use unten','Geh\X\E4use unten v1',#6635,
#6633);
#6635=PRODUCT_DEFINITION_FORMATION('',$,#6640);
#6636=PRODUCT_RELATED_PRODUCT_CATEGORY('Geh\X\E4use unten v1',
'Geh\X\E4use unten v1',(#6640));
#6637=APPLICATION_PROTOCOL_DEFINITION('international standard',
'automotive_design',2009,#6638);
#6638=APPLICATION_CONTEXT(
'Core Data for Automotive Mechanical Design Process');
#6639=PRODUCT_CONTEXT('part definition',#6638,'mechanical');
#6640=PRODUCT('Geh\X\E4use unten','Geh\X\E4use unten v1',$,(#6639));
#6641=PRESENTATION_STYLE_ASSIGNMENT((#6642));
#6642=SURFACE_STYLE_USAGE(.BOTH.,#6643);
#6643=SURFACE_SIDE_STYLE('',(#6644));
#6644=SURFACE_STYLE_FILL_AREA(#6645);
#6645=FILL_AREA_STYLE('Stahl - satiniert',(#6646));
#6646=FILL_AREA_STYLE_COLOUR('Stahl - satiniert',#6647);
#6647=COLOUR_RGB('Stahl - satiniert',0.627450980392157,0.627450980392157,
0.627450980392157);
ENDSEC;
END-ISO-10303-21;
