ISO-10303-21;
HEADER;
/* Generated by software containing ST-Developer
 * from STEP Tools, Inc. (www.steptools.com) 
 */

FILE_DESCRIPTION(
/* description */ (''),
/* implementation_level */ '2;1');

FILE_NAME(
/* name */ 'Gehuse oben.step',
/* time_stamp */ '2026-06-05T00:11:36+02:00',
/* author */ (''),
/* organization */ (''),
/* preprocessor_version */ 'ST-DEVELOPER v20.1',
/* originating_system */ 'Autodesk Translation Framework v15.8.0.0',
/* authorisation */ '');

FILE_SCHEMA (('AUTOMOTIVE_DESIGN { 1 0 10303 214 3 1 1 }'));
ENDSEC;

DATA;
#10=MECHANICAL_DESIGN_GEOMETRIC_PRESENTATION_REPRESENTATION('',(#13),#7335);
#11=SHAPE_REPRESENTATION_RELATIONSHIP('SRR','None',#7342,#12);
#12=ADVANCED_BREP_SHAPE_REPRESENTATION('',(#14),#7334);
#13=STYLED_ITEM('',(#7351),#14);
#14=MANIFOLD_SOLID_BREP('K\X\F6rper1',#4696);
#15=CYLINDRICAL_SURFACE('',#4902,4.);
#16=CYLINDRICAL_SURFACE('',#4907,4.);
#17=CYLINDRICAL_SURFACE('',#4908,4.);
#18=CYLINDRICAL_SURFACE('',#4909,4.);
#19=CYLINDRICAL_SURFACE('',#4910,4.);
#20=CYLINDRICAL_SURFACE('',#4911,4.);
#21=CYLINDRICAL_SURFACE('',#4912,4.);
#22=CYLINDRICAL_SURFACE('',#4913,4.);
#23=SPHERICAL_SURFACE('',#4890,4.);
#24=SPHERICAL_SURFACE('',#4894,4.);
#25=SPHERICAL_SURFACE('',#4898,4.);
#26=SPHERICAL_SURFACE('',#4903,4.);
#27=FACE_BOUND('',#264,.T.);
#28=FACE_BOUND('',#265,.T.);
#29=FACE_BOUND('',#266,.T.);
#30=FACE_BOUND('',#380,.T.);
#31=FACE_BOUND('',#418,.T.);
#32=CIRCLE('',#4728,4.);
#33=CIRCLE('',#4729,4.);
#34=CIRCLE('',#4739,4.);
#35=CIRCLE('',#4740,4.);
#36=CIRCLE('',#4891,4.);
#37=CIRCLE('',#4892,4.);
#38=CIRCLE('',#4893,4.);
#39=CIRCLE('',#4895,4.);
#40=CIRCLE('',#4896,4.);
#41=CIRCLE('',#4897,4.);
#42=CIRCLE('',#4899,3.99999999999999);
#43=CIRCLE('',#4900,4.);
#44=CIRCLE('',#4901,4.);
#45=CIRCLE('',#4904,4.);
#46=CIRCLE('',#4905,4.);
#47=CIRCLE('',#4906,4.);
#48=FACE_OUTER_BOUND('',#238,.T.);
#49=FACE_OUTER_BOUND('',#239,.T.);
#50=FACE_OUTER_BOUND('',#240,.T.);
#51=FACE_OUTER_BOUND('',#241,.T.);
#52=FACE_OUTER_BOUND('',#242,.T.);
#53=FACE_OUTER_BOUND('',#243,.T.);
#54=FACE_OUTER_BOUND('',#244,.T.);
#55=FACE_OUTER_BOUND('',#245,.T.);
#56=FACE_OUTER_BOUND('',#246,.T.);
#57=FACE_OUTER_BOUND('',#247,.T.);
#58=FACE_OUTER_BOUND('',#248,.T.);
#59=FACE_OUTER_BOUND('',#249,.T.);
#60=FACE_OUTER_BOUND('',#250,.T.);
#61=FACE_OUTER_BOUND('',#251,.T.);
#62=FACE_OUTER_BOUND('',#252,.T.);
#63=FACE_OUTER_BOUND('',#253,.T.);
#64=FACE_OUTER_BOUND('',#254,.T.);
#65=FACE_OUTER_BOUND('',#255,.T.);
#66=FACE_OUTER_BOUND('',#256,.T.);
#67=FACE_OUTER_BOUND('',#257,.T.);
#68=FACE_OUTER_BOUND('',#258,.T.);
#69=FACE_OUTER_BOUND('',#259,.T.);
#70=FACE_OUTER_BOUND('',#260,.T.);
#71=FACE_OUTER_BOUND('',#261,.T.);
#72=FACE_OUTER_BOUND('',#262,.T.);
#73=FACE_OUTER_BOUND('',#263,.T.);
#74=FACE_OUTER_BOUND('',#267,.T.);
#75=FACE_OUTER_BOUND('',#268,.T.);
#76=FACE_OUTER_BOUND('',#269,.T.);
#77=FACE_OUTER_BOUND('',#270,.T.);
#78=FACE_OUTER_BOUND('',#271,.T.);
#79=FACE_OUTER_BOUND('',#272,.T.);
#80=FACE_OUTER_BOUND('',#273,.T.);
#81=FACE_OUTER_BOUND('',#274,.T.);
#82=FACE_OUTER_BOUND('',#275,.T.);
#83=FACE_OUTER_BOUND('',#276,.T.);
#84=FACE_OUTER_BOUND('',#277,.T.);
#85=FACE_OUTER_BOUND('',#278,.T.);
#86=FACE_OUTER_BOUND('',#279,.T.);
#87=FACE_OUTER_BOUND('',#280,.T.);
#88=FACE_OUTER_BOUND('',#281,.T.);
#89=FACE_OUTER_BOUND('',#282,.T.);
#90=FACE_OUTER_BOUND('',#283,.T.);
#91=FACE_OUTER_BOUND('',#284,.T.);
#92=FACE_OUTER_BOUND('',#285,.T.);
#93=FACE_OUTER_BOUND('',#286,.T.);
#94=FACE_OUTER_BOUND('',#287,.T.);
#95=FACE_OUTER_BOUND('',#288,.T.);
#96=FACE_OUTER_BOUND('',#289,.T.);
#97=FACE_OUTER_BOUND('',#290,.T.);
#98=FACE_OUTER_BOUND('',#291,.T.);
#99=FACE_OUTER_BOUND('',#292,.T.);
#100=FACE_OUTER_BOUND('',#293,.T.);
#101=FACE_OUTER_BOUND('',#294,.T.);
#102=FACE_OUTER_BOUND('',#295,.T.);
#103=FACE_OUTER_BOUND('',#296,.T.);
#104=FACE_OUTER_BOUND('',#297,.T.);
#105=FACE_OUTER_BOUND('',#298,.T.);
#106=FACE_OUTER_BOUND('',#299,.T.);
#107=FACE_OUTER_BOUND('',#300,.T.);
#108=FACE_OUTER_BOUND('',#301,.T.);
#109=FACE_OUTER_BOUND('',#302,.T.);
#110=FACE_OUTER_BOUND('',#303,.T.);
#111=FACE_OUTER_BOUND('',#304,.T.);
#112=FACE_OUTER_BOUND('',#305,.T.);
#113=FACE_OUTER_BOUND('',#306,.T.);
#114=FACE_OUTER_BOUND('',#307,.T.);
#115=FACE_OUTER_BOUND('',#308,.T.);
#116=FACE_OUTER_BOUND('',#309,.T.);
#117=FACE_OUTER_BOUND('',#310,.T.);
#118=FACE_OUTER_BOUND('',#311,.T.);
#119=FACE_OUTER_BOUND('',#312,.T.);
#120=FACE_OUTER_BOUND('',#313,.T.);
#121=FACE_OUTER_BOUND('',#314,.T.);
#122=FACE_OUTER_BOUND('',#315,.T.);
#123=FACE_OUTER_BOUND('',#316,.T.);
#124=FACE_OUTER_BOUND('',#317,.T.);
#125=FACE_OUTER_BOUND('',#318,.T.);
#126=FACE_OUTER_BOUND('',#319,.T.);
#127=FACE_OUTER_BOUND('',#320,.T.);
#128=FACE_OUTER_BOUND('',#321,.T.);
#129=FACE_OUTER_BOUND('',#322,.T.);
#130=FACE_OUTER_BOUND('',#323,.T.);
#131=FACE_OUTER_BOUND('',#324,.T.);
#132=FACE_OUTER_BOUND('',#325,.T.);
#133=FACE_OUTER_BOUND('',#326,.T.);
#134=FACE_OUTER_BOUND('',#327,.T.);
#135=FACE_OUTER_BOUND('',#328,.T.);
#136=FACE_OUTER_BOUND('',#329,.T.);
#137=FACE_OUTER_BOUND('',#330,.T.);
#138=FACE_OUTER_BOUND('',#331,.T.);
#139=FACE_OUTER_BOUND('',#332,.T.);
#140=FACE_OUTER_BOUND('',#333,.T.);
#141=FACE_OUTER_BOUND('',#334,.T.);
#142=FACE_OUTER_BOUND('',#335,.T.);
#143=FACE_OUTER_BOUND('',#336,.T.);
#144=FACE_OUTER_BOUND('',#337,.T.);
#145=FACE_OUTER_BOUND('',#338,.T.);
#146=FACE_OUTER_BOUND('',#339,.T.);
#147=FACE_OUTER_BOUND('',#340,.T.);
#148=FACE_OUTER_BOUND('',#341,.T.);
#149=FACE_OUTER_BOUND('',#342,.T.);
#150=FACE_OUTER_BOUND('',#343,.T.);
#151=FACE_OUTER_BOUND('',#344,.T.);
#152=FACE_OUTER_BOUND('',#345,.T.);
#153=FACE_OUTER_BOUND('',#346,.T.);
#154=FACE_OUTER_BOUND('',#347,.T.);
#155=FACE_OUTER_BOUND('',#348,.T.);
#156=FACE_OUTER_BOUND('',#349,.T.);
#157=FACE_OUTER_BOUND('',#350,.T.);
#158=FACE_OUTER_BOUND('',#351,.T.);
#159=FACE_OUTER_BOUND('',#352,.T.);
#160=FACE_OUTER_BOUND('',#353,.T.);
#161=FACE_OUTER_BOUND('',#354,.T.);
#162=FACE_OUTER_BOUND('',#355,.T.);
#163=FACE_OUTER_BOUND('',#356,.T.);
#164=FACE_OUTER_BOUND('',#357,.T.);
#165=FACE_OUTER_BOUND('',#358,.T.);
#166=FACE_OUTER_BOUND('',#359,.T.);
#167=FACE_OUTER_BOUND('',#360,.T.);
#168=FACE_OUTER_BOUND('',#361,.T.);
#169=FACE_OUTER_BOUND('',#362,.T.);
#170=FACE_OUTER_BOUND('',#363,.T.);
#171=FACE_OUTER_BOUND('',#364,.T.);
#172=FACE_OUTER_BOUND('',#365,.T.);
#173=FACE_OUTER_BOUND('',#366,.T.);
#174=FACE_OUTER_BOUND('',#367,.T.);
#175=FACE_OUTER_BOUND('',#368,.T.);
#176=FACE_OUTER_BOUND('',#369,.T.);
#177=FACE_OUTER_BOUND('',#370,.T.);
#178=FACE_OUTER_BOUND('',#371,.T.);
#179=FACE_OUTER_BOUND('',#372,.T.);
#180=FACE_OUTER_BOUND('',#373,.T.);
#181=FACE_OUTER_BOUND('',#374,.T.);
#182=FACE_OUTER_BOUND('',#375,.T.);
#183=FACE_OUTER_BOUND('',#376,.T.);
#184=FACE_OUTER_BOUND('',#377,.T.);
#185=FACE_OUTER_BOUND('',#378,.T.);
#186=FACE_OUTER_BOUND('',#379,.T.);
#187=FACE_OUTER_BOUND('',#381,.T.);
#188=FACE_OUTER_BOUND('',#382,.T.);
#189=FACE_OUTER_BOUND('',#383,.T.);
#190=FACE_OUTER_BOUND('',#384,.T.);
#191=FACE_OUTER_BOUND('',#385,.T.);
#192=FACE_OUTER_BOUND('',#386,.T.);
#193=FACE_OUTER_BOUND('',#387,.T.);
#194=FACE_OUTER_BOUND('',#388,.T.);
#195=FACE_OUTER_BOUND('',#389,.T.);
#196=FACE_OUTER_BOUND('',#390,.T.);
#197=FACE_OUTER_BOUND('',#391,.T.);
#198=FACE_OUTER_BOUND('',#392,.T.);
#199=FACE_OUTER_BOUND('',#393,.T.);
#200=FACE_OUTER_BOUND('',#394,.T.);
#201=FACE_OUTER_BOUND('',#395,.T.);
#202=FACE_OUTER_BOUND('',#396,.T.);
#203=FACE_OUTER_BOUND('',#397,.T.);
#204=FACE_OUTER_BOUND('',#398,.T.);
#205=FACE_OUTER_BOUND('',#399,.T.);
#206=FACE_OUTER_BOUND('',#400,.T.);
#207=FACE_OUTER_BOUND('',#401,.T.);
#208=FACE_OUTER_BOUND('',#402,.T.);
#209=FACE_OUTER_BOUND('',#403,.T.);
#210=FACE_OUTER_BOUND('',#404,.T.);
#211=FACE_OUTER_BOUND('',#405,.T.);
#212=FACE_OUTER_BOUND('',#406,.T.);
#213=FACE_OUTER_BOUND('',#407,.T.);
#214=FACE_OUTER_BOUND('',#408,.T.);
#215=FACE_OUTER_BOUND('',#409,.T.);
#216=FACE_OUTER_BOUND('',#410,.T.);
#217=FACE_OUTER_BOUND('',#411,.T.);
#218=FACE_OUTER_BOUND('',#412,.T.);
#219=FACE_OUTER_BOUND('',#413,.T.);
#220=FACE_OUTER_BOUND('',#414,.T.);
#221=FACE_OUTER_BOUND('',#415,.T.);
#222=FACE_OUTER_BOUND('',#416,.T.);
#223=FACE_OUTER_BOUND('',#417,.T.);
#224=FACE_OUTER_BOUND('',#419,.T.);
#225=FACE_OUTER_BOUND('',#420,.T.);
#226=FACE_OUTER_BOUND('',#421,.T.);
#227=FACE_OUTER_BOUND('',#422,.T.);
#228=FACE_OUTER_BOUND('',#423,.T.);
#229=FACE_OUTER_BOUND('',#424,.T.);
#230=FACE_OUTER_BOUND('',#425,.T.);
#231=FACE_OUTER_BOUND('',#426,.T.);
#232=FACE_OUTER_BOUND('',#427,.T.);
#233=FACE_OUTER_BOUND('',#428,.T.);
#234=FACE_OUTER_BOUND('',#429,.T.);
#235=FACE_OUTER_BOUND('',#430,.T.);
#236=FACE_OUTER_BOUND('',#431,.T.);
#237=FACE_OUTER_BOUND('',#432,.T.);
#238=EDGE_LOOP('',(#2928,#2929,#2930,#2931));
#239=EDGE_LOOP('',(#2932,#2933,#2934,#2935,#2936,#2937,#2938,#2939,#2940,
#2941));
#240=EDGE_LOOP('',(#2942,#2943,#2944,#2945));
#241=EDGE_LOOP('',(#2946,#2947,#2948,#2949));
#242=EDGE_LOOP('',(#2950,#2951,#2952,#2953));
#243=EDGE_LOOP('',(#2954,#2955,#2956,#2957,#2958,#2959,#2960,#2961,#2962,
#2963));
#244=EDGE_LOOP('',(#2964,#2965,#2966,#2967));
#245=EDGE_LOOP('',(#2968,#2969,#2970,#2971));
#246=EDGE_LOOP('',(#2972,#2973,#2974,#2975,#2976,#2977));
#247=EDGE_LOOP('',(#2978,#2979,#2980,#2981,#2982,#2983));
#248=EDGE_LOOP('',(#2984,#2985,#2986,#2987));
#249=EDGE_LOOP('',(#2988,#2989,#2990,#2991));
#250=EDGE_LOOP('',(#2992,#2993,#2994,#2995));
#251=EDGE_LOOP('',(#2996,#2997,#2998,#2999));
#252=EDGE_LOOP('',(#3000,#3001,#3002,#3003));
#253=EDGE_LOOP('',(#3004,#3005,#3006,#3007,#3008,#3009));
#254=EDGE_LOOP('',(#3010,#3011,#3012,#3013,#3014,#3015));
#255=EDGE_LOOP('',(#3016,#3017,#3018,#3019,#3020,#3021,#3022,#3023,#3024,
#3025,#3026,#3027,#3028,#3029,#3030,#3031,#3032,#3033));
#256=EDGE_LOOP('',(#3034,#3035,#3036,#3037,#3038,#3039,#3040,#3041,#3042,
#3043,#3044,#3045,#3046,#3047,#3048,#3049,#3050,#3051,#3052,#3053,#3054,
#3055,#3056,#3057,#3058,#3059,#3060,#3061,#3062,#3063,#3064,#3065,#3066,
#3067,#3068,#3069,#3070,#3071,#3072,#3073,#3074,#3075,#3076,#3077,#3078,
#3079,#3080,#3081,#3082,#3083,#3084,#3085,#3086,#3087,#3088,#3089,#3090,
#3091,#3092,#3093,#3094,#3095,#3096,#3097,#3098,#3099,#3100,#3101,#3102,
#3103,#3104,#3105,#3106,#3107,#3108,#3109,#3110,#3111,#3112,#3113,#3114,
#3115,#3116,#3117));
#257=EDGE_LOOP('',(#3118,#3119,#3120,#3121));
#258=EDGE_LOOP('',(#3122,#3123,#3124,#3125));
#259=EDGE_LOOP('',(#3126,#3127,#3128,#3129));
#260=EDGE_LOOP('',(#3130,#3131,#3132,#3133));
#261=EDGE_LOOP('',(#3134,#3135,#3136,#3137));
#262=EDGE_LOOP('',(#3138,#3139,#3140,#3141));
#263=EDGE_LOOP('',(#3142,#3143,#3144,#3145,#3146,#3147,#3148,#3149,#3150,
#3151,#3152));
#264=EDGE_LOOP('',(#3153,#3154,#3155));
#265=EDGE_LOOP('',(#3156,#3157,#3158,#3159));
#266=EDGE_LOOP('',(#3160,#3161,#3162,#3163));
#267=EDGE_LOOP('',(#3164,#3165,#3166,#3167,#3168,#3169,#3170,#3171,#3172,
#3173));
#268=EDGE_LOOP('',(#3174,#3175,#3176,#3177,#3178,#3179,#3180,#3181));
#269=EDGE_LOOP('',(#3182,#3183,#3184,#3185));
#270=EDGE_LOOP('',(#3186,#3187,#3188,#3189));
#271=EDGE_LOOP('',(#3190,#3191,#3192,#3193));
#272=EDGE_LOOP('',(#3194,#3195,#3196,#3197));
#273=EDGE_LOOP('',(#3198,#3199,#3200,#3201));
#274=EDGE_LOOP('',(#3202,#3203,#3204,#3205));
#275=EDGE_LOOP('',(#3206,#3207,#3208,#3209));
#276=EDGE_LOOP('',(#3210,#3211,#3212,#3213));
#277=EDGE_LOOP('',(#3214,#3215,#3216,#3217));
#278=EDGE_LOOP('',(#3218,#3219,#3220,#3221));
#279=EDGE_LOOP('',(#3222,#3223,#3224,#3225));
#280=EDGE_LOOP('',(#3226,#3227,#3228,#3229));
#281=EDGE_LOOP('',(#3230,#3231,#3232,#3233));
#282=EDGE_LOOP('',(#3234,#3235,#3236,#3237));
#283=EDGE_LOOP('',(#3238,#3239,#3240,#3241));
#284=EDGE_LOOP('',(#3242,#3243,#3244,#3245));
#285=EDGE_LOOP('',(#3246,#3247,#3248,#3249));
#286=EDGE_LOOP('',(#3250,#3251,#3252,#3253));
#287=EDGE_LOOP('',(#3254,#3255,#3256,#3257));
#288=EDGE_LOOP('',(#3258,#3259,#3260,#3261));
#289=EDGE_LOOP('',(#3262,#3263,#3264,#3265));
#290=EDGE_LOOP('',(#3266,#3267,#3268,#3269));
#291=EDGE_LOOP('',(#3270,#3271,#3272,#3273));
#292=EDGE_LOOP('',(#3274,#3275,#3276,#3277));
#293=EDGE_LOOP('',(#3278,#3279,#3280,#3281));
#294=EDGE_LOOP('',(#3282,#3283,#3284,#3285));
#295=EDGE_LOOP('',(#3286,#3287,#3288,#3289));
#296=EDGE_LOOP('',(#3290,#3291,#3292,#3293));
#297=EDGE_LOOP('',(#3294,#3295,#3296,#3297));
#298=EDGE_LOOP('',(#3298,#3299,#3300,#3301));
#299=EDGE_LOOP('',(#3302,#3303,#3304,#3305));
#300=EDGE_LOOP('',(#3306,#3307,#3308,#3309));
#301=EDGE_LOOP('',(#3310,#3311,#3312,#3313));
#302=EDGE_LOOP('',(#3314,#3315,#3316,#3317));
#303=EDGE_LOOP('',(#3318,#3319,#3320,#3321));
#304=EDGE_LOOP('',(#3322,#3323,#3324,#3325));
#305=EDGE_LOOP('',(#3326,#3327,#3328,#3329));
#306=EDGE_LOOP('',(#3330,#3331,#3332,#3333));
#307=EDGE_LOOP('',(#3334,#3335,#3336,#3337));
#308=EDGE_LOOP('',(#3338,#3339,#3340,#3341));
#309=EDGE_LOOP('',(#3342,#3343,#3344,#3345));
#310=EDGE_LOOP('',(#3346,#3347,#3348,#3349));
#311=EDGE_LOOP('',(#3350,#3351,#3352,#3353));
#312=EDGE_LOOP('',(#3354,#3355,#3356,#3357));
#313=EDGE_LOOP('',(#3358,#3359,#3360,#3361));
#314=EDGE_LOOP('',(#3362,#3363,#3364,#3365,#3366,#3367,#3368,#3369,#3370,
#3371,#3372,#3373));
#315=EDGE_LOOP('',(#3374,#3375,#3376,#3377,#3378,#3379,#3380,#3381,#3382,
#3383,#3384,#3385));
#316=EDGE_LOOP('',(#3386,#3387,#3388,#3389,#3390,#3391,#3392,#3393,#3394,
#3395,#3396,#3397));
#317=EDGE_LOOP('',(#3398,#3399,#3400));
#318=EDGE_LOOP('',(#3401,#3402,#3403,#3404));
#319=EDGE_LOOP('',(#3405,#3406,#3407,#3408));
#320=EDGE_LOOP('',(#3409,#3410,#3411,#3412,#3413,#3414,#3415,#3416,#3417,
#3418,#3419,#3420,#3421,#3422,#3423,#3424,#3425,#3426,#3427,#3428,#3429,
#3430,#3431,#3432,#3433,#3434,#3435,#3436,#3437,#3438,#3439,#3440,#3441,
#3442,#3443,#3444,#3445,#3446,#3447,#3448,#3449,#3450,#3451,#3452,#3453,
#3454,#3455,#3456,#3457,#3458,#3459));
#321=EDGE_LOOP('',(#3460,#3461,#3462,#3463));
#322=EDGE_LOOP('',(#3464,#3465,#3466,#3467,#3468,#3469,#3470,#3471,#3472,
#3473,#3474,#3475,#3476,#3477,#3478,#3479,#3480,#3481,#3482,#3483,#3484,
#3485,#3486,#3487,#3488,#3489,#3490,#3491,#3492,#3493,#3494,#3495,#3496,
#3497,#3498,#3499,#3500,#3501,#3502,#3503,#3504,#3505,#3506,#3507,#3508,
#3509,#3510,#3511,#3512,#3513,#3514,#3515,#3516,#3517,#3518,#3519,#3520,
#3521,#3522,#3523,#3524,#3525,#3526,#3527,#3528,#3529,#3530,#3531,#3532,
#3533,#3534,#3535,#3536,#3537,#3538,#3539,#3540,#3541,#3542,#3543,#3544,
#3545,#3546,#3547,#3548,#3549,#3550,#3551,#3552,#3553,#3554,#3555,#3556,
#3557,#3558,#3559,#3560,#3561,#3562,#3563,#3564,#3565,#3566,#3567,#3568,
#3569,#3570,#3571,#3572,#3573,#3574,#3575,#3576,#3577,#3578,#3579,#3580,
#3581,#3582,#3583,#3584,#3585,#3586,#3587,#3588,#3589,#3590,#3591,#3592,
#3593,#3594,#3595,#3596,#3597,#3598,#3599));
#323=EDGE_LOOP('',(#3600,#3601,#3602,#3603));
#324=EDGE_LOOP('',(#3604,#3605,#3606,#3607));
#325=EDGE_LOOP('',(#3608,#3609,#3610,#3611));
#326=EDGE_LOOP('',(#3612,#3613,#3614,#3615));
#327=EDGE_LOOP('',(#3616,#3617,#3618,#3619));
#328=EDGE_LOOP('',(#3620,#3621,#3622,#3623));
#329=EDGE_LOOP('',(#3624,#3625,#3626,#3627));
#330=EDGE_LOOP('',(#3628,#3629,#3630,#3631));
#331=EDGE_LOOP('',(#3632,#3633,#3634,#3635));
#332=EDGE_LOOP('',(#3636,#3637,#3638,#3639));
#333=EDGE_LOOP('',(#3640,#3641,#3642,#3643));
#334=EDGE_LOOP('',(#3644,#3645,#3646,#3647));
#335=EDGE_LOOP('',(#3648,#3649,#3650,#3651));
#336=EDGE_LOOP('',(#3652,#3653,#3654,#3655));
#337=EDGE_LOOP('',(#3656,#3657,#3658,#3659));
#338=EDGE_LOOP('',(#3660,#3661,#3662,#3663));
#339=EDGE_LOOP('',(#3664,#3665,#3666,#3667,#3668,#3669,#3670,#3671,#3672,
#3673,#3674,#3675,#3676,#3677,#3678,#3679));
#340=EDGE_LOOP('',(#3680,#3681,#3682,#3683));
#341=EDGE_LOOP('',(#3684,#3685,#3686,#3687));
#342=EDGE_LOOP('',(#3688,#3689,#3690,#3691,#3692,#3693,#3694,#3695,#3696,
#3697,#3698,#3699,#3700,#3701,#3702,#3703,#3704,#3705,#3706,#3707,#3708,
#3709,#3710,#3711,#3712,#3713,#3714,#3715));
#343=EDGE_LOOP('',(#3716,#3717,#3718,#3719,#3720,#3721,#3722,#3723,#3724,
#3725,#3726,#3727,#3728,#3729,#3730,#3731,#3732,#3733,#3734,#3735,#3736,
#3737,#3738,#3739,#3740,#3741,#3742,#3743,#3744,#3745,#3746,#3747,#3748,
#3749));
#344=EDGE_LOOP('',(#3750,#3751,#3752,#3753));
#345=EDGE_LOOP('',(#3754,#3755,#3756,#3757));
#346=EDGE_LOOP('',(#3758,#3759,#3760,#3761));
#347=EDGE_LOOP('',(#3762,#3763,#3764,#3765));
#348=EDGE_LOOP('',(#3766,#3767,#3768,#3769));
#349=EDGE_LOOP('',(#3770,#3771,#3772,#3773));
#350=EDGE_LOOP('',(#3774,#3775,#3776,#3777));
#351=EDGE_LOOP('',(#3778,#3779,#3780,#3781));
#352=EDGE_LOOP('',(#3782,#3783,#3784,#3785));
#353=EDGE_LOOP('',(#3786,#3787,#3788,#3789));
#354=EDGE_LOOP('',(#3790,#3791,#3792,#3793));
#355=EDGE_LOOP('',(#3794,#3795,#3796,#3797));
#356=EDGE_LOOP('',(#3798,#3799,#3800,#3801));
#357=EDGE_LOOP('',(#3802,#3803,#3804,#3805));
#358=EDGE_LOOP('',(#3806,#3807,#3808,#3809));
#359=EDGE_LOOP('',(#3810,#3811,#3812,#3813));
#360=EDGE_LOOP('',(#3814,#3815,#3816,#3817));
#361=EDGE_LOOP('',(#3818,#3819,#3820,#3821));
#362=EDGE_LOOP('',(#3822,#3823,#3824,#3825));
#363=EDGE_LOOP('',(#3826,#3827,#3828,#3829));
#364=EDGE_LOOP('',(#3830,#3831,#3832,#3833));
#365=EDGE_LOOP('',(#3834,#3835,#3836,#3837));
#366=EDGE_LOOP('',(#3838,#3839,#3840,#3841));
#367=EDGE_LOOP('',(#3842,#3843,#3844,#3845));
#368=EDGE_LOOP('',(#3846,#3847,#3848,#3849));
#369=EDGE_LOOP('',(#3850,#3851,#3852,#3853));
#370=EDGE_LOOP('',(#3854,#3855,#3856,#3857));
#371=EDGE_LOOP('',(#3858,#3859,#3860,#3861));
#372=EDGE_LOOP('',(#3862,#3863,#3864,#3865));
#373=EDGE_LOOP('',(#3866,#3867,#3868,#3869));
#374=EDGE_LOOP('',(#3870,#3871,#3872,#3873));
#375=EDGE_LOOP('',(#3874,#3875,#3876,#3877));
#376=EDGE_LOOP('',(#3878,#3879,#3880,#3881));
#377=EDGE_LOOP('',(#3882,#3883,#3884));
#378=EDGE_LOOP('',(#3885,#3886,#3887,#3888));
#379=EDGE_LOOP('',(#3889,#3890,#3891,#3892,#3893,#3894,#3895,#3896,#3897,
#3898,#3899,#3900,#3901,#3902,#3903,#3904,#3905,#3906,#3907,#3908,#3909,
#3910,#3911,#3912,#3913,#3914,#3915,#3916,#3917,#3918,#3919,#3920,#3921,
#3922,#3923,#3924,#3925,#3926,#3927,#3928,#3929,#3930,#3931,#3932,#3933,
#3934,#3935,#3936,#3937,#3938,#3939));
#380=EDGE_LOOP('',(#3940,#3941,#3942,#3943));
#381=EDGE_LOOP('',(#3944,#3945,#3946,#3947));
#382=EDGE_LOOP('',(#3948,#3949,#3950,#3951,#3952,#3953,#3954,#3955,#3956));
#383=EDGE_LOOP('',(#3957,#3958,#3959,#3960,#3961,#3962,#3963,#3964));
#384=EDGE_LOOP('',(#3965,#3966,#3967,#3968,#3969,#3970,#3971,#3972));
#385=EDGE_LOOP('',(#3973,#3974,#3975,#3976,#3977,#3978,#3979,#3980,#3981,
#3982,#3983,#3984));
#386=EDGE_LOOP('',(#3985,#3986,#3987,#3988,#3989,#3990,#3991,#3992));
#387=EDGE_LOOP('',(#3993,#3994,#3995,#3996,#3997,#3998,#3999,#4000));
#388=EDGE_LOOP('',(#4001,#4002,#4003,#4004,#4005,#4006,#4007,#4008));
#389=EDGE_LOOP('',(#4009,#4010,#4011,#4012,#4013,#4014,#4015,#4016));
#390=EDGE_LOOP('',(#4017,#4018,#4019,#4020,#4021,#4022,#4023,#4024));
#391=EDGE_LOOP('',(#4025,#4026,#4027,#4028,#4029,#4030,#4031,#4032));
#392=EDGE_LOOP('',(#4033,#4034,#4035,#4036,#4037,#4038,#4039,#4040,#4041,
#4042,#4043,#4044));
#393=EDGE_LOOP('',(#4045,#4046,#4047,#4048));
#394=EDGE_LOOP('',(#4049,#4050,#4051,#4052));
#395=EDGE_LOOP('',(#4053,#4054,#4055,#4056));
#396=EDGE_LOOP('',(#4057,#4058,#4059,#4060));
#397=EDGE_LOOP('',(#4061,#4062,#4063,#4064));
#398=EDGE_LOOP('',(#4065,#4066,#4067,#4068));
#399=EDGE_LOOP('',(#4069,#4070,#4071,#4072));
#400=EDGE_LOOP('',(#4073,#4074,#4075,#4076));
#401=EDGE_LOOP('',(#4077,#4078,#4079,#4080));
#402=EDGE_LOOP('',(#4081,#4082,#4083,#4084));
#403=EDGE_LOOP('',(#4085,#4086,#4087,#4088));
#404=EDGE_LOOP('',(#4089,#4090,#4091,#4092));
#405=EDGE_LOOP('',(#4093,#4094,#4095,#4096));
#406=EDGE_LOOP('',(#4097,#4098,#4099,#4100));
#407=EDGE_LOOP('',(#4101,#4102,#4103,#4104));
#408=EDGE_LOOP('',(#4105,#4106,#4107,#4108));
#409=EDGE_LOOP('',(#4109,#4110,#4111,#4112,#4113,#4114,#4115,#4116,#4117,
#4118,#4119));
#410=EDGE_LOOP('',(#4120,#4121,#4122,#4123,#4124,#4125,#4126,#4127,#4128,
#4129,#4130,#4131,#4132,#4133,#4134,#4135));
#411=EDGE_LOOP('',(#4136,#4137,#4138,#4139));
#412=EDGE_LOOP('',(#4140,#4141,#4142,#4143));
#413=EDGE_LOOP('',(#4144,#4145,#4146,#4147));
#414=EDGE_LOOP('',(#4148,#4149,#4150,#4151,#4152,#4153,#4154,#4155));
#415=EDGE_LOOP('',(#4156,#4157,#4158,#4159));
#416=EDGE_LOOP('',(#4160,#4161,#4162,#4163,#4164,#4165,#4166,#4167));
#417=EDGE_LOOP('',(#4168,#4169,#4170,#4171));
#418=EDGE_LOOP('',(#4172,#4173,#4174,#4175));
#419=EDGE_LOOP('',(#4176,#4177,#4178));
#420=EDGE_LOOP('',(#4179,#4180,#4181));
#421=EDGE_LOOP('',(#4182,#4183,#4184));
#422=EDGE_LOOP('',(#4185,#4186,#4187,#4188));
#423=EDGE_LOOP('',(#4189,#4190,#4191));
#424=EDGE_LOOP('',(#4192,#4193,#4194,#4195,#4196,#4197,#4198,#4199,#4200,
#4201,#4202,#4203,#4204,#4205,#4206,#4207,#4208));
#425=EDGE_LOOP('',(#4209,#4210,#4211,#4212,#4213,#4214,#4215,#4216,#4217,
#4218,#4219,#4220,#4221,#4222,#4223,#4224,#4225,#4226,#4227,#4228,#4229,
#4230,#4231,#4232,#4233,#4234,#4235,#4236,#4237,#4238,#4239,#4240,#4241,
#4242,#4243,#4244,#4245,#4246,#4247,#4248,#4249,#4250,#4251,#4252,#4253,
#4254,#4255,#4256,#4257,#4258));
#426=EDGE_LOOP('',(#4259,#4260,#4261,#4262,#4263,#4264,#4265,#4266,#4267,
#4268,#4269,#4270,#4271,#4272,#4273,#4274,#4275,#4276));
#427=EDGE_LOOP('',(#4277,#4278,#4279,#4280));
#428=EDGE_LOOP('',(#4281,#4282,#4283,#4284,#4285,#4286,#4287,#4288,#4289,
#4290,#4291,#4292,#4293,#4294,#4295,#4296,#4297,#4298));
#429=EDGE_LOOP('',(#4299,#4300,#4301,#4302,#4303,#4304,#4305,#4306,#4307,
#4308,#4309,#4310,#4311,#4312,#4313,#4314,#4315));
#430=EDGE_LOOP('',(#4316,#4317,#4318,#4319));
#431=EDGE_LOOP('',(#4320,#4321,#4322,#4323));
#432=EDGE_LOOP('',(#4324,#4325,#4326,#4327));
#433=LINE('',#6018,#1117);
#434=LINE('',#6020,#1118);
#435=LINE('',#6022,#1119);
#436=LINE('',#6023,#1120);
#437=LINE('',#6026,#1121);
#438=LINE('',#6028,#1122);
#439=LINE('',#6030,#1123);
#440=LINE('',#6032,#1124);
#441=LINE('',#6034,#1125);
#442=LINE('',#6036,#1126);
#443=LINE('',#6038,#1127);
#444=LINE('',#6040,#1128);
#445=LINE('',#6041,#1129);
#446=LINE('',#6044,#1130);
#447=LINE('',#6046,#1131);
#448=LINE('',#6047,#1132);
#449=LINE('',#6050,#1133);
#450=LINE('',#6051,#1134);
#451=LINE('',#6055,#1135);
#452=LINE('',#6057,#1136);
#453=LINE('',#6059,#1137);
#454=LINE('',#6060,#1138);
#455=LINE('',#6063,#1139);
#456=LINE('',#6065,#1140);
#457=LINE('',#6067,#1141);
#458=LINE('',#6069,#1142);
#459=LINE('',#6071,#1143);
#460=LINE('',#6072,#1144);
#461=LINE('',#6073,#1145);
#462=LINE('',#6075,#1146);
#463=LINE('',#6076,#1147);
#464=LINE('',#6078,#1148);
#465=LINE('',#6080,#1149);
#466=LINE('',#6082,#1150);
#467=LINE('',#6084,#1151);
#468=LINE('',#6086,#1152);
#469=LINE('',#6090,#1153);
#470=LINE('',#6092,#1154);
#471=LINE('',#6094,#1155);
#472=LINE('',#6095,#1156);
#473=LINE('',#6099,#1157);
#474=LINE('',#6100,#1158);
#475=LINE('',#6101,#1159);
#476=LINE('',#6104,#1160);
#477=LINE('',#6106,#1161);
#478=LINE('',#6107,#1162);
#479=LINE('',#6111,#1163);
#480=LINE('',#6112,#1164);
#481=LINE('',#6113,#1165);
#482=LINE('',#6117,#1166);
#483=LINE('',#6118,#1167);
#484=LINE('',#6119,#1168);
#485=LINE('',#6122,#1169);
#486=LINE('',#6124,#1170);
#487=LINE('',#6126,#1171);
#488=LINE('',#6128,#1172);
#489=LINE('',#6129,#1173);
#490=LINE('',#6131,#1174);
#491=LINE('',#6133,#1175);
#492=LINE('',#6135,#1176);
#493=LINE('',#6137,#1177);
#494=LINE('',#6141,#1178);
#495=LINE('',#6145,#1179);
#496=LINE('',#6147,#1180);
#497=LINE('',#6149,#1181);
#498=LINE('',#6150,#1182);
#499=LINE('',#6153,#1183);
#500=LINE('',#6155,#1184);
#501=LINE('',#6157,#1185);
#502=LINE('',#6159,#1186);
#503=LINE('',#6161,#1187);
#504=LINE('',#6163,#1188);
#505=LINE('',#6165,#1189);
#506=LINE('',#6167,#1190);
#507=LINE('',#6169,#1191);
#508=LINE('',#6171,#1192);
#509=LINE('',#6173,#1193);
#510=LINE('',#6175,#1194);
#511=LINE('',#6177,#1195);
#512=LINE('',#6179,#1196);
#513=LINE('',#6181,#1197);
#514=LINE('',#6183,#1198);
#515=LINE('',#6185,#1199);
#516=LINE('',#6187,#1200);
#517=LINE('',#6189,#1201);
#518=LINE('',#6191,#1202);
#519=LINE('',#6193,#1203);
#520=LINE('',#6195,#1204);
#521=LINE('',#6197,#1205);
#522=LINE('',#6199,#1206);
#523=LINE('',#6201,#1207);
#524=LINE('',#6203,#1208);
#525=LINE('',#6205,#1209);
#526=LINE('',#6207,#1210);
#527=LINE('',#6209,#1211);
#528=LINE('',#6211,#1212);
#529=LINE('',#6213,#1213);
#530=LINE('',#6215,#1214);
#531=LINE('',#6217,#1215);
#532=LINE('',#6219,#1216);
#533=LINE('',#6221,#1217);
#534=LINE('',#6223,#1218);
#535=LINE('',#6225,#1219);
#536=LINE('',#6227,#1220);
#537=LINE('',#6229,#1221);
#538=LINE('',#6231,#1222);
#539=LINE('',#6233,#1223);
#540=LINE('',#6235,#1224);
#541=LINE('',#6237,#1225);
#542=LINE('',#6239,#1226);
#543=LINE('',#6241,#1227);
#544=LINE('',#6243,#1228);
#545=LINE('',#6245,#1229);
#546=LINE('',#6247,#1230);
#547=LINE('',#6249,#1231);
#548=LINE('',#6251,#1232);
#549=LINE('',#6253,#1233);
#550=LINE('',#6255,#1234);
#551=LINE('',#6257,#1235);
#552=LINE('',#6259,#1236);
#553=LINE('',#6261,#1237);
#554=LINE('',#6263,#1238);
#555=LINE('',#6265,#1239);
#556=LINE('',#6267,#1240);
#557=LINE('',#6269,#1241);
#558=LINE('',#6271,#1242);
#559=LINE('',#6273,#1243);
#560=LINE('',#6275,#1244);
#561=LINE('',#6277,#1245);
#562=LINE('',#6279,#1246);
#563=LINE('',#6281,#1247);
#564=LINE('',#6283,#1248);
#565=LINE('',#6285,#1249);
#566=LINE('',#6287,#1250);
#567=LINE('',#6289,#1251);
#568=LINE('',#6291,#1252);
#569=LINE('',#6293,#1253);
#570=LINE('',#6295,#1254);
#571=LINE('',#6297,#1255);
#572=LINE('',#6299,#1256);
#573=LINE('',#6301,#1257);
#574=LINE('',#6303,#1258);
#575=LINE('',#6305,#1259);
#576=LINE('',#6307,#1260);
#577=LINE('',#6308,#1261);
#578=LINE('',#6311,#1262);
#579=LINE('',#6313,#1263);
#580=LINE('',#6314,#1264);
#581=LINE('',#6317,#1265);
#582=LINE('',#6319,#1266);
#583=LINE('',#6320,#1267);
#584=LINE('',#6323,#1268);
#585=LINE('',#6325,#1269);
#586=LINE('',#6326,#1270);
#587=LINE('',#6329,#1271);
#588=LINE('',#6331,#1272);
#589=LINE('',#6332,#1273);
#590=LINE('',#6336,#1274);
#591=LINE('',#6338,#1275);
#592=LINE('',#6340,#1276);
#593=LINE('',#6341,#1277);
#594=LINE('',#6343,#1278);
#595=LINE('',#6344,#1279);
#596=LINE('',#6347,#1280);
#597=LINE('',#6349,#1281);
#598=LINE('',#6350,#1282);
#599=LINE('',#6352,#1283);
#600=LINE('',#6354,#1284);
#601=LINE('',#6355,#1285);
#602=LINE('',#6357,#1286);
#603=LINE('',#6358,#1287);
#604=LINE('',#6360,#1288);
#605=LINE('',#6362,#1289);
#606=LINE('',#6363,#1290);
#607=LINE('',#6365,#1291);
#608=LINE('',#6367,#1292);
#609=LINE('',#6368,#1293);
#610=LINE('',#6371,#1294);
#611=LINE('',#6373,#1295);
#612=LINE('',#6374,#1296);
#613=LINE('',#6376,#1297);
#614=LINE('',#6380,#1298);
#615=LINE('',#6384,#1299);
#616=LINE('',#6386,#1300);
#617=LINE('',#6387,#1301);
#618=LINE('',#6391,#1302);
#619=LINE('',#6393,#1303);
#620=LINE('',#6395,#1304);
#621=LINE('',#6396,#1305);
#622=LINE('',#6399,#1306);
#623=LINE('',#6401,#1307);
#624=LINE('',#6402,#1308);
#625=LINE('',#6405,#1309);
#626=LINE('',#6407,#1310);
#627=LINE('',#6408,#1311);
#628=LINE('',#6412,#1312);
#629=LINE('',#6414,#1313);
#630=LINE('',#6416,#1314);
#631=LINE('',#6417,#1315);
#632=LINE('',#6420,#1316);
#633=LINE('',#6422,#1317);
#634=LINE('',#6423,#1318);
#635=LINE('',#6426,#1319);
#636=LINE('',#6428,#1320);
#637=LINE('',#6429,#1321);
#638=LINE('',#6433,#1322);
#639=LINE('',#6435,#1323);
#640=LINE('',#6437,#1324);
#641=LINE('',#6438,#1325);
#642=LINE('',#6442,#1326);
#643=LINE('',#6444,#1327);
#644=LINE('',#6446,#1328);
#645=LINE('',#6447,#1329);
#646=LINE('',#6449,#1330);
#647=LINE('',#6450,#1331);
#648=LINE('',#6454,#1332);
#649=LINE('',#6456,#1333);
#650=LINE('',#6458,#1334);
#651=LINE('',#6459,#1335);
#652=LINE('',#6462,#1336);
#653=LINE('',#6464,#1337);
#654=LINE('',#6465,#1338);
#655=LINE('',#6469,#1339);
#656=LINE('',#6471,#1340);
#657=LINE('',#6473,#1341);
#658=LINE('',#6474,#1342);
#659=LINE('',#6477,#1343);
#660=LINE('',#6479,#1344);
#661=LINE('',#6480,#1345);
#662=LINE('',#6484,#1346);
#663=LINE('',#6486,#1347);
#664=LINE('',#6488,#1348);
#665=LINE('',#6489,#1349);
#666=LINE('',#6491,#1350);
#667=LINE('',#6492,#1351);
#668=LINE('',#6496,#1352);
#669=LINE('',#6498,#1353);
#670=LINE('',#6500,#1354);
#671=LINE('',#6501,#1355);
#672=LINE('',#6505,#1356);
#673=LINE('',#6507,#1357);
#674=LINE('',#6509,#1358);
#675=LINE('',#6510,#1359);
#676=LINE('',#6512,#1360);
#677=LINE('',#6513,#1361);
#678=LINE('',#6517,#1362);
#679=LINE('',#6519,#1363);
#680=LINE('',#6521,#1364);
#681=LINE('',#6522,#1365);
#682=LINE('',#6525,#1366);
#683=LINE('',#6527,#1367);
#684=LINE('',#6528,#1368);
#685=LINE('',#6531,#1369);
#686=LINE('',#6533,#1370);
#687=LINE('',#6534,#1371);
#688=LINE('',#6538,#1372);
#689=LINE('',#6540,#1373);
#690=LINE('',#6542,#1374);
#691=LINE('',#6543,#1375);
#692=LINE('',#6546,#1376);
#693=LINE('',#6548,#1377);
#694=LINE('',#6549,#1378);
#695=LINE('',#6552,#1379);
#696=LINE('',#6554,#1380);
#697=LINE('',#6555,#1381);
#698=LINE('',#6559,#1382);
#699=LINE('',#6561,#1383);
#700=LINE('',#6563,#1384);
#701=LINE('',#6564,#1385);
#702=LINE('',#6567,#1386);
#703=LINE('',#6569,#1387);
#704=LINE('',#6570,#1388);
#705=LINE('',#6573,#1389);
#706=LINE('',#6575,#1390);
#707=LINE('',#6576,#1391);
#708=LINE('',#6580,#1392);
#709=LINE('',#6582,#1393);
#710=LINE('',#6584,#1394);
#711=LINE('',#6585,#1395);
#712=LINE('',#6588,#1396);
#713=LINE('',#6590,#1397);
#714=LINE('',#6591,#1398);
#715=LINE('',#6594,#1399);
#716=LINE('',#6596,#1400);
#717=LINE('',#6597,#1401);
#718=LINE('',#6601,#1402);
#719=LINE('',#6603,#1403);
#720=LINE('',#6605,#1404);
#721=LINE('',#6606,#1405);
#722=LINE('',#6609,#1406);
#723=LINE('',#6611,#1407);
#724=LINE('',#6612,#1408);
#725=LINE('',#6615,#1409);
#726=LINE('',#6617,#1410);
#727=LINE('',#6618,#1411);
#728=LINE('',#6622,#1412);
#729=LINE('',#6624,#1413);
#730=LINE('',#6626,#1414);
#731=LINE('',#6627,#1415);
#732=LINE('',#6630,#1416);
#733=LINE('',#6632,#1417);
#734=LINE('',#6633,#1418);
#735=LINE('',#6636,#1419);
#736=LINE('',#6638,#1420);
#737=LINE('',#6639,#1421);
#738=LINE('',#6643,#1422);
#739=LINE('',#6645,#1423);
#740=LINE('',#6647,#1424);
#741=LINE('',#6648,#1425);
#742=LINE('',#6651,#1426);
#743=LINE('',#6653,#1427);
#744=LINE('',#6654,#1428);
#745=LINE('',#6657,#1429);
#746=LINE('',#6659,#1430);
#747=LINE('',#6660,#1431);
#748=LINE('',#6664,#1432);
#749=LINE('',#6666,#1433);
#750=LINE('',#6668,#1434);
#751=LINE('',#6669,#1435);
#752=LINE('',#6673,#1436);
#753=LINE('',#6675,#1437);
#754=LINE('',#6677,#1438);
#755=LINE('',#6678,#1439);
#756=LINE('',#6680,#1440);
#757=LINE('',#6681,#1441);
#758=LINE('',#6685,#1442);
#759=LINE('',#6687,#1443);
#760=LINE('',#6689,#1444);
#761=LINE('',#6690,#1445);
#762=LINE('',#6693,#1446);
#763=LINE('',#6695,#1447);
#764=LINE('',#6696,#1448);
#765=LINE('',#6699,#1449);
#766=LINE('',#6701,#1450);
#767=LINE('',#6702,#1451);
#768=LINE('',#6706,#1452);
#769=LINE('',#6707,#1453);
#770=LINE('',#6708,#1454);
#771=LINE('',#6710,#1455);
#772=LINE('',#6712,#1456);
#773=LINE('',#6714,#1457);
#774=LINE('',#6716,#1458);
#775=LINE('',#6718,#1459);
#776=LINE('',#6720,#1460);
#777=LINE('',#6721,#1461);
#778=LINE('',#6725,#1462);
#779=LINE('',#6726,#1463);
#780=LINE('',#6727,#1464);
#781=LINE('',#6729,#1465);
#782=LINE('',#6731,#1466);
#783=LINE('',#6733,#1467);
#784=LINE('',#6735,#1468);
#785=LINE('',#6737,#1469);
#786=LINE('',#6739,#1470);
#787=LINE('',#6740,#1471);
#788=LINE('',#6744,#1472);
#789=LINE('',#6745,#1473);
#790=LINE('',#6746,#1474);
#791=LINE('',#6748,#1475);
#792=LINE('',#6750,#1476);
#793=LINE('',#6752,#1477);
#794=LINE('',#6754,#1478);
#795=LINE('',#6756,#1479);
#796=LINE('',#6758,#1480);
#797=LINE('',#6759,#1481);
#798=LINE('',#6762,#1482);
#799=LINE('',#6763,#1483);
#800=LINE('',#6765,#1484);
#801=LINE('',#6766,#1485);
#802=LINE('',#6768,#1486);
#803=LINE('',#6769,#1487);
#804=LINE('',#6771,#1488);
#805=LINE('',#6772,#1489);
#806=LINE('',#6773,#1490);
#807=LINE('',#6774,#1491);
#808=LINE('',#6775,#1492);
#809=LINE('',#6776,#1493);
#810=LINE('',#6777,#1494);
#811=LINE('',#6778,#1495);
#812=LINE('',#6779,#1496);
#813=LINE('',#6780,#1497);
#814=LINE('',#6781,#1498);
#815=LINE('',#6782,#1499);
#816=LINE('',#6783,#1500);
#817=LINE('',#6784,#1501);
#818=LINE('',#6787,#1502);
#819=LINE('',#6788,#1503);
#820=LINE('',#6789,#1504);
#821=LINE('',#6792,#1505);
#822=LINE('',#6794,#1506);
#823=LINE('',#6796,#1507);
#824=LINE('',#6798,#1508);
#825=LINE('',#6799,#1509);
#826=LINE('',#6801,#1510);
#827=LINE('',#6803,#1511);
#828=LINE('',#6805,#1512);
#829=LINE('',#6807,#1513);
#830=LINE('',#6808,#1514);
#831=LINE('',#6810,#1515);
#832=LINE('',#6812,#1516);
#833=LINE('',#6814,#1517);
#834=LINE('',#6816,#1518);
#835=LINE('',#6817,#1519);
#836=LINE('',#6819,#1520);
#837=LINE('',#6821,#1521);
#838=LINE('',#6823,#1522);
#839=LINE('',#6825,#1523);
#840=LINE('',#6826,#1524);
#841=LINE('',#6828,#1525);
#842=LINE('',#6830,#1526);
#843=LINE('',#6832,#1527);
#844=LINE('',#6834,#1528);
#845=LINE('',#6835,#1529);
#846=LINE('',#6837,#1530);
#847=LINE('',#6839,#1531);
#848=LINE('',#6841,#1532);
#849=LINE('',#6843,#1533);
#850=LINE('',#6844,#1534);
#851=LINE('',#6846,#1535);
#852=LINE('',#6848,#1536);
#853=LINE('',#6850,#1537);
#854=LINE('',#6852,#1538);
#855=LINE('',#6853,#1539);
#856=LINE('',#6855,#1540);
#857=LINE('',#6857,#1541);
#858=LINE('',#6859,#1542);
#859=LINE('',#6861,#1543);
#860=LINE('',#6862,#1544);
#861=LINE('',#6864,#1545);
#862=LINE('',#6866,#1546);
#863=LINE('',#6868,#1547);
#864=LINE('',#6870,#1548);
#865=LINE('',#6871,#1549);
#866=LINE('',#6873,#1550);
#867=LINE('',#6875,#1551);
#868=LINE('',#6876,#1552);
#869=LINE('',#6878,#1553);
#870=LINE('',#6880,#1554);
#871=LINE('',#6881,#1555);
#872=LINE('',#6883,#1556);
#873=LINE('',#6885,#1557);
#874=LINE('',#6886,#1558);
#875=LINE('',#6887,#1559);
#876=LINE('',#6889,#1560);
#877=LINE('',#6891,#1561);
#878=LINE('',#6893,#1562);
#879=LINE('',#6895,#1563);
#880=LINE('',#6897,#1564);
#881=LINE('',#6899,#1565);
#882=LINE('',#6901,#1566);
#883=LINE('',#6903,#1567);
#884=LINE('',#6905,#1568);
#885=LINE('',#6907,#1569);
#886=LINE('',#6909,#1570);
#887=LINE('',#6911,#1571);
#888=LINE('',#6913,#1572);
#889=LINE('',#6915,#1573);
#890=LINE('',#6917,#1574);
#891=LINE('',#6919,#1575);
#892=LINE('',#6921,#1576);
#893=LINE('',#6923,#1577);
#894=LINE('',#6925,#1578);
#895=LINE('',#6926,#1579);
#896=LINE('',#6928,#1580);
#897=LINE('',#6930,#1581);
#898=LINE('',#6932,#1582);
#899=LINE('',#6934,#1583);
#900=LINE('',#6935,#1584);
#901=LINE('',#6937,#1585);
#902=LINE('',#6939,#1586);
#903=LINE('',#6941,#1587);
#904=LINE('',#6943,#1588);
#905=LINE('',#6944,#1589);
#906=LINE('',#6947,#1590);
#907=LINE('',#6949,#1591);
#908=LINE('',#6950,#1592);
#909=LINE('',#6953,#1593);
#910=LINE('',#6955,#1594);
#911=LINE('',#6956,#1595);
#912=LINE('',#6959,#1596);
#913=LINE('',#6961,#1597);
#914=LINE('',#6962,#1598);
#915=LINE('',#6964,#1599);
#916=LINE('',#6965,#1600);
#917=LINE('',#6968,#1601);
#918=LINE('',#6970,#1602);
#919=LINE('',#6971,#1603);
#920=LINE('',#6973,#1604);
#921=LINE('',#6974,#1605);
#922=LINE('',#6977,#1606);
#923=LINE('',#6979,#1607);
#924=LINE('',#6980,#1608);
#925=LINE('',#6983,#1609);
#926=LINE('',#6985,#1610);
#927=LINE('',#6986,#1611);
#928=LINE('',#6989,#1612);
#929=LINE('',#6991,#1613);
#930=LINE('',#6992,#1614);
#931=LINE('',#6996,#1615);
#932=LINE('',#6998,#1616);
#933=LINE('',#7000,#1617);
#934=LINE('',#7001,#1618);
#935=LINE('',#7003,#1619);
#936=LINE('',#7004,#1620);
#937=LINE('',#7006,#1621);
#938=LINE('',#7007,#1622);
#939=LINE('',#7011,#1623);
#940=LINE('',#7013,#1624);
#941=LINE('',#7015,#1625);
#942=LINE('',#7016,#1626);
#943=LINE('',#7018,#1627);
#944=LINE('',#7019,#1628);
#945=LINE('',#7021,#1629);
#946=LINE('',#7022,#1630);
#947=LINE('',#7025,#1631);
#948=LINE('',#7027,#1632);
#949=LINE('',#7028,#1633);
#950=LINE('',#7031,#1634);
#951=LINE('',#7033,#1635);
#952=LINE('',#7035,#1636);
#953=LINE('',#7037,#1637);
#954=LINE('',#7038,#1638);
#955=LINE('',#7040,#1639);
#956=LINE('',#7042,#1640);
#957=LINE('',#7043,#1641);
#958=LINE('',#7045,#1642);
#959=LINE('',#7047,#1643);
#960=LINE('',#7048,#1644);
#961=LINE('',#7050,#1645);
#962=LINE('',#7051,#1646);
#963=LINE('',#7052,#1647);
#964=LINE('',#7053,#1648);
#965=LINE('',#7054,#1649);
#966=LINE('',#7055,#1650);
#967=LINE('',#7057,#1651);
#968=LINE('',#7058,#1652);
#969=LINE('',#7059,#1653);
#970=LINE('',#7060,#1654);
#971=LINE('',#7061,#1655);
#972=LINE('',#7062,#1656);
#973=LINE('',#7063,#1657);
#974=LINE('',#7065,#1658);
#975=LINE('',#7066,#1659);
#976=LINE('',#7068,#1660);
#977=LINE('',#7069,#1661);
#978=LINE('',#7071,#1662);
#979=LINE('',#7072,#1663);
#980=LINE('',#7074,#1664);
#981=LINE('',#7075,#1665);
#982=LINE('',#7077,#1666);
#983=LINE('',#7078,#1667);
#984=LINE('',#7080,#1668);
#985=LINE('',#7081,#1669);
#986=LINE('',#7083,#1670);
#987=LINE('',#7084,#1671);
#988=LINE('',#7087,#1672);
#989=LINE('',#7088,#1673);
#990=LINE('',#7090,#1674);
#991=LINE('',#7093,#1675);
#992=LINE('',#7094,#1676);
#993=LINE('',#7096,#1677);
#994=LINE('',#7098,#1678);
#995=LINE('',#7099,#1679);
#996=LINE('',#7101,#1680);
#997=LINE('',#7102,#1681);
#998=LINE('',#7104,#1682);
#999=LINE('',#7105,#1683);
#1000=LINE('',#7107,#1684);
#1001=LINE('',#7108,#1685);
#1002=LINE('',#7110,#1686);
#1003=LINE('',#7111,#1687);
#1004=LINE('',#7113,#1688);
#1005=LINE('',#7114,#1689);
#1006=LINE('',#7116,#1690);
#1007=LINE('',#7117,#1691);
#1008=LINE('',#7119,#1692);
#1009=LINE('',#7120,#1693);
#1010=LINE('',#7122,#1694);
#1011=LINE('',#7123,#1695);
#1012=LINE('',#7125,#1696);
#1013=LINE('',#7126,#1697);
#1014=LINE('',#7128,#1698);
#1015=LINE('',#7129,#1699);
#1016=LINE('',#7132,#1700);
#1017=LINE('',#7133,#1701);
#1018=LINE('',#7136,#1702);
#1019=LINE('',#7137,#1703);
#1020=LINE('',#7139,#1704);
#1021=LINE('',#7142,#1705);
#1022=LINE('',#7143,#1706);
#1023=LINE('',#7146,#1707);
#1024=LINE('',#7147,#1708);
#1025=LINE('',#7149,#1709);
#1026=LINE('',#7151,#1710);
#1027=LINE('',#7152,#1711);
#1028=LINE('',#7154,#1712);
#1029=LINE('',#7155,#1713);
#1030=LINE('',#7157,#1714);
#1031=LINE('',#7158,#1715);
#1032=LINE('',#7160,#1716);
#1033=LINE('',#7161,#1717);
#1034=LINE('',#7163,#1718);
#1035=LINE('',#7164,#1719);
#1036=LINE('',#7166,#1720);
#1037=LINE('',#7167,#1721);
#1038=LINE('',#7170,#1722);
#1039=LINE('',#7171,#1723);
#1040=LINE('',#7173,#1724);
#1041=LINE('',#7174,#1725);
#1042=LINE('',#7177,#1726);
#1043=LINE('',#7179,#1727);
#1044=LINE('',#7180,#1728);
#1045=LINE('',#7181,#1729);
#1046=LINE('',#7182,#1730);
#1047=LINE('',#7183,#1731);
#1048=LINE('',#7184,#1732);
#1049=LINE('',#7185,#1733);
#1050=LINE('',#7186,#1734);
#1051=LINE('',#7187,#1735);
#1052=LINE('',#7188,#1736);
#1053=LINE('',#7189,#1737);
#1054=LINE('',#7190,#1738);
#1055=LINE('',#7191,#1739);
#1056=LINE('',#7192,#1740);
#1057=LINE('',#7194,#1741);
#1058=LINE('',#7195,#1742);
#1059=LINE('',#7198,#1743);
#1060=LINE('',#7199,#1744);
#1061=LINE('',#7200,#1745);
#1062=LINE('',#7202,#1746);
#1063=LINE('',#7204,#1747);
#1064=LINE('',#7207,#1748);
#1065=LINE('',#7209,#1749);
#1066=LINE('',#7210,#1750);
#1067=LINE('',#7211,#1751);
#1068=LINE('',#7213,#1752);
#1069=LINE('',#7215,#1753);
#1070=LINE('',#7217,#1754);
#1071=LINE('',#7219,#1755);
#1072=LINE('',#7221,#1756);
#1073=LINE('',#7223,#1757);
#1074=LINE('',#7226,#1758);
#1075=LINE('',#7228,#1759);
#1076=LINE('',#7229,#1760);
#1077=LINE('',#7230,#1761);
#1078=LINE('',#7232,#1762);
#1079=LINE('',#7234,#1763);
#1080=LINE('',#7237,#1764);
#1081=LINE('',#7238,#1765);
#1082=LINE('',#7240,#1766);
#1083=LINE('',#7243,#1767);
#1084=LINE('',#7244,#1768);
#1085=LINE('',#7246,#1769);
#1086=LINE('',#7249,#1770);
#1087=LINE('',#7250,#1771);
#1088=LINE('',#7252,#1772);
#1089=LINE('',#7254,#1773);
#1090=LINE('',#7258,#1774);
#1091=LINE('',#7259,#1775);
#1092=LINE('',#7260,#1776);
#1093=LINE('',#7262,#1777);
#1094=LINE('',#7264,#1778);
#1095=LINE('',#7268,#1779);
#1096=LINE('',#7269,#1780);
#1097=LINE('',#7270,#1781);
#1098=LINE('',#7272,#1782);
#1099=LINE('',#7274,#1783);
#1100=LINE('',#7276,#1784);
#1101=LINE('',#7278,#1785);
#1102=LINE('',#7279,#1786);
#1103=LINE('',#7282,#1787);
#1104=LINE('',#7283,#1788);
#1105=LINE('',#7285,#1789);
#1106=LINE('',#7286,#1790);
#1107=LINE('',#7288,#1791);
#1108=LINE('',#7289,#1792);
#1109=LINE('',#7292,#1793);
#1110=LINE('',#7294,#1794);
#1111=LINE('',#7295,#1795);
#1112=LINE('',#7298,#1796);
#1113=LINE('',#7300,#1797);
#1114=LINE('',#7316,#1798);
#1115=LINE('',#7325,#1799);
#1116=LINE('',#7329,#1800);
#1117=VECTOR('',#4920,10.);
#1118=VECTOR('',#4921,10.);
#1119=VECTOR('',#4922,10.);
#1120=VECTOR('',#4923,10.);
#1121=VECTOR('',#4926,10.);
#1122=VECTOR('',#4927,10.);
#1123=VECTOR('',#4928,10.);
#1124=VECTOR('',#4929,10.);
#1125=VECTOR('',#4930,10.);
#1126=VECTOR('',#4931,10.);
#1127=VECTOR('',#4932,10.);
#1128=VECTOR('',#4933,10.);
#1129=VECTOR('',#4934,10.);
#1130=VECTOR('',#4937,10.);
#1131=VECTOR('',#4938,10.);
#1132=VECTOR('',#4939,10.);
#1133=VECTOR('',#4942,10.);
#1134=VECTOR('',#4943,10.);
#1135=VECTOR('',#4946,10.);
#1136=VECTOR('',#4947,10.);
#1137=VECTOR('',#4948,10.);
#1138=VECTOR('',#4949,10.);
#1139=VECTOR('',#4952,10.);
#1140=VECTOR('',#4953,10.);
#1141=VECTOR('',#4954,10.);
#1142=VECTOR('',#4955,10.);
#1143=VECTOR('',#4956,10.);
#1144=VECTOR('',#4957,10.);
#1145=VECTOR('',#4958,10.);
#1146=VECTOR('',#4961,10.);
#1147=VECTOR('',#4962,10.);
#1148=VECTOR('',#4965,10.);
#1149=VECTOR('',#4968,10.);
#1150=VECTOR('',#4971,10.);
#1151=VECTOR('',#4974,10.);
#1152=VECTOR('',#4977,10.);
#1153=VECTOR('',#4980,10.);
#1154=VECTOR('',#4981,10.);
#1155=VECTOR('',#4982,10.);
#1156=VECTOR('',#4983,10.);
#1157=VECTOR('',#4986,10.);
#1158=VECTOR('',#4987,10.);
#1159=VECTOR('',#4988,10.);
#1160=VECTOR('',#4991,10.);
#1161=VECTOR('',#4992,10.);
#1162=VECTOR('',#4993,10.);
#1163=VECTOR('',#4996,10.);
#1164=VECTOR('',#4997,10.);
#1165=VECTOR('',#4998,10.);
#1166=VECTOR('',#5001,10.);
#1167=VECTOR('',#5002,10.);
#1168=VECTOR('',#5003,10.);
#1169=VECTOR('',#5006,10.);
#1170=VECTOR('',#5007,10.);
#1171=VECTOR('',#5008,10.);
#1172=VECTOR('',#5009,10.);
#1173=VECTOR('',#5010,10.);
#1174=VECTOR('',#5011,10.);
#1175=VECTOR('',#5012,10.);
#1176=VECTOR('',#5013,10.);
#1177=VECTOR('',#5014,10.);
#1178=VECTOR('',#5017,10.);
#1179=VECTOR('',#5020,10.);
#1180=VECTOR('',#5021,10.);
#1181=VECTOR('',#5022,10.);
#1182=VECTOR('',#5023,10.);
#1183=VECTOR('',#5026,10.);
#1184=VECTOR('',#5027,10.);
#1185=VECTOR('',#5028,10.);
#1186=VECTOR('',#5029,10.);
#1187=VECTOR('',#5030,10.);
#1188=VECTOR('',#5031,10.);
#1189=VECTOR('',#5032,10.);
#1190=VECTOR('',#5033,10.);
#1191=VECTOR('',#5034,10.);
#1192=VECTOR('',#5035,10.);
#1193=VECTOR('',#5036,10.);
#1194=VECTOR('',#5037,10.);
#1195=VECTOR('',#5038,10.);
#1196=VECTOR('',#5039,10.);
#1197=VECTOR('',#5040,10.);
#1198=VECTOR('',#5041,10.);
#1199=VECTOR('',#5042,10.);
#1200=VECTOR('',#5043,10.);
#1201=VECTOR('',#5044,10.);
#1202=VECTOR('',#5045,10.);
#1203=VECTOR('',#5046,10.);
#1204=VECTOR('',#5047,10.);
#1205=VECTOR('',#5048,10.);
#1206=VECTOR('',#5049,10.);
#1207=VECTOR('',#5050,10.);
#1208=VECTOR('',#5051,10.);
#1209=VECTOR('',#5052,10.);
#1210=VECTOR('',#5053,10.);
#1211=VECTOR('',#5054,10.);
#1212=VECTOR('',#5055,10.);
#1213=VECTOR('',#5056,10.);
#1214=VECTOR('',#5057,10.);
#1215=VECTOR('',#5058,10.);
#1216=VECTOR('',#5059,10.);
#1217=VECTOR('',#5060,10.);
#1218=VECTOR('',#5061,10.);
#1219=VECTOR('',#5062,10.);
#1220=VECTOR('',#5063,10.);
#1221=VECTOR('',#5064,10.);
#1222=VECTOR('',#5065,10.);
#1223=VECTOR('',#5066,10.);
#1224=VECTOR('',#5067,10.);
#1225=VECTOR('',#5068,10.);
#1226=VECTOR('',#5069,10.);
#1227=VECTOR('',#5070,10.);
#1228=VECTOR('',#5071,10.);
#1229=VECTOR('',#5072,10.);
#1230=VECTOR('',#5073,10.);
#1231=VECTOR('',#5074,10.);
#1232=VECTOR('',#5075,10.);
#1233=VECTOR('',#5076,10.);
#1234=VECTOR('',#5077,10.);
#1235=VECTOR('',#5078,10.);
#1236=VECTOR('',#5079,10.);
#1237=VECTOR('',#5080,10.);
#1238=VECTOR('',#5081,10.);
#1239=VECTOR('',#5082,10.);
#1240=VECTOR('',#5083,10.);
#1241=VECTOR('',#5084,10.);
#1242=VECTOR('',#5085,10.);
#1243=VECTOR('',#5086,10.);
#1244=VECTOR('',#5087,10.);
#1245=VECTOR('',#5088,10.);
#1246=VECTOR('',#5089,10.);
#1247=VECTOR('',#5090,10.);
#1248=VECTOR('',#5091,10.);
#1249=VECTOR('',#5092,10.);
#1250=VECTOR('',#5093,10.);
#1251=VECTOR('',#5094,10.);
#1252=VECTOR('',#5095,10.);
#1253=VECTOR('',#5096,10.);
#1254=VECTOR('',#5097,10.);
#1255=VECTOR('',#5098,10.);
#1256=VECTOR('',#5099,10.);
#1257=VECTOR('',#5100,10.);
#1258=VECTOR('',#5101,10.);
#1259=VECTOR('',#5102,10.);
#1260=VECTOR('',#5103,10.);
#1261=VECTOR('',#5104,10.);
#1262=VECTOR('',#5107,10.);
#1263=VECTOR('',#5108,10.);
#1264=VECTOR('',#5109,10.);
#1265=VECTOR('',#5112,10.);
#1266=VECTOR('',#5113,10.);
#1267=VECTOR('',#5114,10.);
#1268=VECTOR('',#5117,10.);
#1269=VECTOR('',#5118,10.);
#1270=VECTOR('',#5119,10.);
#1271=VECTOR('',#5122,10.);
#1272=VECTOR('',#5123,10.);
#1273=VECTOR('',#5124,10.);
#1274=VECTOR('',#5127,10.);
#1275=VECTOR('',#5128,10.);
#1276=VECTOR('',#5129,10.);
#1277=VECTOR('',#5130,10.);
#1278=VECTOR('',#5133,10.);
#1279=VECTOR('',#5134,10.);
#1280=VECTOR('',#5137,10.);
#1281=VECTOR('',#5138,10.);
#1282=VECTOR('',#5139,10.);
#1283=VECTOR('',#5140,10.);
#1284=VECTOR('',#5141,10.);
#1285=VECTOR('',#5142,10.);
#1286=VECTOR('',#5143,10.);
#1287=VECTOR('',#5144,10.);
#1288=VECTOR('',#5145,10.);
#1289=VECTOR('',#5146,10.);
#1290=VECTOR('',#5147,10.);
#1291=VECTOR('',#5148,10.);
#1292=VECTOR('',#5149,10.);
#1293=VECTOR('',#5150,10.);
#1294=VECTOR('',#5153,10.);
#1295=VECTOR('',#5154,10.);
#1296=VECTOR('',#5155,10.);
#1297=VECTOR('',#5156,10.);
#1298=VECTOR('',#5159,10.);
#1299=VECTOR('',#5164,10.);
#1300=VECTOR('',#5165,10.);
#1301=VECTOR('',#5166,10.);
#1302=VECTOR('',#5169,10.);
#1303=VECTOR('',#5170,10.);
#1304=VECTOR('',#5171,10.);
#1305=VECTOR('',#5172,10.);
#1306=VECTOR('',#5175,10.);
#1307=VECTOR('',#5176,10.);
#1308=VECTOR('',#5177,10.);
#1309=VECTOR('',#5180,10.);
#1310=VECTOR('',#5181,10.);
#1311=VECTOR('',#5182,10.);
#1312=VECTOR('',#5185,10.);
#1313=VECTOR('',#5186,10.);
#1314=VECTOR('',#5187,10.);
#1315=VECTOR('',#5188,10.);
#1316=VECTOR('',#5191,10.);
#1317=VECTOR('',#5192,10.);
#1318=VECTOR('',#5193,10.);
#1319=VECTOR('',#5196,10.);
#1320=VECTOR('',#5197,10.);
#1321=VECTOR('',#5198,10.);
#1322=VECTOR('',#5201,10.);
#1323=VECTOR('',#5202,10.);
#1324=VECTOR('',#5203,10.);
#1325=VECTOR('',#5204,10.);
#1326=VECTOR('',#5207,10.);
#1327=VECTOR('',#5208,10.);
#1328=VECTOR('',#5209,10.);
#1329=VECTOR('',#5210,10.);
#1330=VECTOR('',#5213,10.);
#1331=VECTOR('',#5214,10.);
#1332=VECTOR('',#5217,10.);
#1333=VECTOR('',#5218,10.);
#1334=VECTOR('',#5219,10.);
#1335=VECTOR('',#5220,10.);
#1336=VECTOR('',#5223,10.);
#1337=VECTOR('',#5224,10.);
#1338=VECTOR('',#5225,10.);
#1339=VECTOR('',#5228,10.);
#1340=VECTOR('',#5229,10.);
#1341=VECTOR('',#5230,10.);
#1342=VECTOR('',#5231,10.);
#1343=VECTOR('',#5234,10.);
#1344=VECTOR('',#5235,10.);
#1345=VECTOR('',#5236,10.);
#1346=VECTOR('',#5239,10.);
#1347=VECTOR('',#5240,10.);
#1348=VECTOR('',#5241,10.);
#1349=VECTOR('',#5242,10.);
#1350=VECTOR('',#5245,10.);
#1351=VECTOR('',#5246,10.);
#1352=VECTOR('',#5249,10.);
#1353=VECTOR('',#5250,10.);
#1354=VECTOR('',#5251,10.);
#1355=VECTOR('',#5252,10.);
#1356=VECTOR('',#5255,10.);
#1357=VECTOR('',#5256,10.);
#1358=VECTOR('',#5257,10.);
#1359=VECTOR('',#5258,10.);
#1360=VECTOR('',#5261,10.);
#1361=VECTOR('',#5262,10.);
#1362=VECTOR('',#5265,10.);
#1363=VECTOR('',#5266,10.);
#1364=VECTOR('',#5267,10.);
#1365=VECTOR('',#5268,10.);
#1366=VECTOR('',#5271,10.);
#1367=VECTOR('',#5272,10.);
#1368=VECTOR('',#5273,10.);
#1369=VECTOR('',#5276,10.);
#1370=VECTOR('',#5277,10.);
#1371=VECTOR('',#5278,10.);
#1372=VECTOR('',#5281,10.);
#1373=VECTOR('',#5282,10.);
#1374=VECTOR('',#5283,10.);
#1375=VECTOR('',#5284,10.);
#1376=VECTOR('',#5287,10.);
#1377=VECTOR('',#5288,10.);
#1378=VECTOR('',#5289,10.);
#1379=VECTOR('',#5292,10.);
#1380=VECTOR('',#5293,10.);
#1381=VECTOR('',#5294,10.);
#1382=VECTOR('',#5297,10.);
#1383=VECTOR('',#5298,10.);
#1384=VECTOR('',#5299,10.);
#1385=VECTOR('',#5300,10.);
#1386=VECTOR('',#5303,10.);
#1387=VECTOR('',#5304,10.);
#1388=VECTOR('',#5305,10.);
#1389=VECTOR('',#5308,10.);
#1390=VECTOR('',#5309,10.);
#1391=VECTOR('',#5310,10.);
#1392=VECTOR('',#5313,10.);
#1393=VECTOR('',#5314,10.);
#1394=VECTOR('',#5315,10.);
#1395=VECTOR('',#5316,10.);
#1396=VECTOR('',#5319,10.);
#1397=VECTOR('',#5320,10.);
#1398=VECTOR('',#5321,10.);
#1399=VECTOR('',#5324,10.);
#1400=VECTOR('',#5325,10.);
#1401=VECTOR('',#5326,10.);
#1402=VECTOR('',#5329,10.);
#1403=VECTOR('',#5330,10.);
#1404=VECTOR('',#5331,10.);
#1405=VECTOR('',#5332,10.);
#1406=VECTOR('',#5335,10.);
#1407=VECTOR('',#5336,10.);
#1408=VECTOR('',#5337,10.);
#1409=VECTOR('',#5340,10.);
#1410=VECTOR('',#5341,10.);
#1411=VECTOR('',#5342,10.);
#1412=VECTOR('',#5345,10.);
#1413=VECTOR('',#5346,10.);
#1414=VECTOR('',#5347,10.);
#1415=VECTOR('',#5348,10.);
#1416=VECTOR('',#5351,10.);
#1417=VECTOR('',#5352,10.);
#1418=VECTOR('',#5353,10.);
#1419=VECTOR('',#5356,10.);
#1420=VECTOR('',#5357,10.);
#1421=VECTOR('',#5358,10.);
#1422=VECTOR('',#5361,10.);
#1423=VECTOR('',#5362,10.);
#1424=VECTOR('',#5363,10.);
#1425=VECTOR('',#5364,10.);
#1426=VECTOR('',#5367,10.);
#1427=VECTOR('',#5368,10.);
#1428=VECTOR('',#5369,10.);
#1429=VECTOR('',#5372,10.);
#1430=VECTOR('',#5373,10.);
#1431=VECTOR('',#5374,10.);
#1432=VECTOR('',#5377,10.);
#1433=VECTOR('',#5378,10.);
#1434=VECTOR('',#5379,10.);
#1435=VECTOR('',#5380,10.);
#1436=VECTOR('',#5383,10.);
#1437=VECTOR('',#5384,10.);
#1438=VECTOR('',#5385,10.);
#1439=VECTOR('',#5386,10.);
#1440=VECTOR('',#5389,10.);
#1441=VECTOR('',#5390,10.);
#1442=VECTOR('',#5393,10.);
#1443=VECTOR('',#5394,10.);
#1444=VECTOR('',#5395,10.);
#1445=VECTOR('',#5396,10.);
#1446=VECTOR('',#5399,10.);
#1447=VECTOR('',#5400,10.);
#1448=VECTOR('',#5401,10.);
#1449=VECTOR('',#5404,10.);
#1450=VECTOR('',#5405,10.);
#1451=VECTOR('',#5406,10.);
#1452=VECTOR('',#5409,10.);
#1453=VECTOR('',#5410,10.);
#1454=VECTOR('',#5411,10.);
#1455=VECTOR('',#5412,10.);
#1456=VECTOR('',#5413,10.);
#1457=VECTOR('',#5414,10.);
#1458=VECTOR('',#5415,10.);
#1459=VECTOR('',#5416,10.);
#1460=VECTOR('',#5417,10.);
#1461=VECTOR('',#5418,10.);
#1462=VECTOR('',#5421,10.);
#1463=VECTOR('',#5422,10.);
#1464=VECTOR('',#5423,10.);
#1465=VECTOR('',#5424,10.);
#1466=VECTOR('',#5425,10.);
#1467=VECTOR('',#5426,10.);
#1468=VECTOR('',#5427,10.);
#1469=VECTOR('',#5428,10.);
#1470=VECTOR('',#5429,10.);
#1471=VECTOR('',#5430,10.);
#1472=VECTOR('',#5433,10.);
#1473=VECTOR('',#5434,10.);
#1474=VECTOR('',#5435,10.);
#1475=VECTOR('',#5436,10.);
#1476=VECTOR('',#5437,10.);
#1477=VECTOR('',#5438,10.);
#1478=VECTOR('',#5439,10.);
#1479=VECTOR('',#5440,10.);
#1480=VECTOR('',#5441,10.);
#1481=VECTOR('',#5442,10.);
#1482=VECTOR('',#5445,10.);
#1483=VECTOR('',#5446,10.);
#1484=VECTOR('',#5449,10.);
#1485=VECTOR('',#5450,10.);
#1486=VECTOR('',#5453,10.);
#1487=VECTOR('',#5454,10.);
#1488=VECTOR('',#5457,10.);
#1489=VECTOR('',#5458,10.);
#1490=VECTOR('',#5459,10.);
#1491=VECTOR('',#5460,10.);
#1492=VECTOR('',#5461,10.);
#1493=VECTOR('',#5462,10.);
#1494=VECTOR('',#5463,10.);
#1495=VECTOR('',#5464,10.);
#1496=VECTOR('',#5465,10.);
#1497=VECTOR('',#5466,10.);
#1498=VECTOR('',#5467,10.);
#1499=VECTOR('',#5468,10.);
#1500=VECTOR('',#5469,10.);
#1501=VECTOR('',#5470,10.);
#1502=VECTOR('',#5473,10.);
#1503=VECTOR('',#5474,10.);
#1504=VECTOR('',#5475,10.);
#1505=VECTOR('',#5478,10.);
#1506=VECTOR('',#5479,10.);
#1507=VECTOR('',#5480,10.);
#1508=VECTOR('',#5481,10.);
#1509=VECTOR('',#5482,10.);
#1510=VECTOR('',#5483,10.);
#1511=VECTOR('',#5484,10.);
#1512=VECTOR('',#5485,10.);
#1513=VECTOR('',#5486,10.);
#1514=VECTOR('',#5487,10.);
#1515=VECTOR('',#5488,10.);
#1516=VECTOR('',#5489,10.);
#1517=VECTOR('',#5490,10.);
#1518=VECTOR('',#5491,10.);
#1519=VECTOR('',#5492,10.);
#1520=VECTOR('',#5493,10.);
#1521=VECTOR('',#5494,10.);
#1522=VECTOR('',#5495,10.);
#1523=VECTOR('',#5496,10.);
#1524=VECTOR('',#5497,10.);
#1525=VECTOR('',#5498,10.);
#1526=VECTOR('',#5499,10.);
#1527=VECTOR('',#5500,10.);
#1528=VECTOR('',#5501,10.);
#1529=VECTOR('',#5502,10.);
#1530=VECTOR('',#5503,10.);
#1531=VECTOR('',#5504,10.);
#1532=VECTOR('',#5505,10.);
#1533=VECTOR('',#5506,10.);
#1534=VECTOR('',#5507,10.);
#1535=VECTOR('',#5508,10.);
#1536=VECTOR('',#5509,10.);
#1537=VECTOR('',#5510,10.);
#1538=VECTOR('',#5511,10.);
#1539=VECTOR('',#5512,10.);
#1540=VECTOR('',#5513,10.);
#1541=VECTOR('',#5514,10.);
#1542=VECTOR('',#5515,10.);
#1543=VECTOR('',#5516,10.);
#1544=VECTOR('',#5517,10.);
#1545=VECTOR('',#5518,10.);
#1546=VECTOR('',#5519,10.);
#1547=VECTOR('',#5520,10.);
#1548=VECTOR('',#5521,10.);
#1549=VECTOR('',#5522,10.);
#1550=VECTOR('',#5523,10.);
#1551=VECTOR('',#5524,10.);
#1552=VECTOR('',#5525,10.);
#1553=VECTOR('',#5526,10.);
#1554=VECTOR('',#5527,10.);
#1555=VECTOR('',#5528,10.);
#1556=VECTOR('',#5529,10.);
#1557=VECTOR('',#5530,10.);
#1558=VECTOR('',#5531,10.);
#1559=VECTOR('',#5532,10.);
#1560=VECTOR('',#5533,10.);
#1561=VECTOR('',#5534,10.);
#1562=VECTOR('',#5535,10.);
#1563=VECTOR('',#5536,10.);
#1564=VECTOR('',#5537,10.);
#1565=VECTOR('',#5538,10.);
#1566=VECTOR('',#5539,10.);
#1567=VECTOR('',#5540,10.);
#1568=VECTOR('',#5541,10.);
#1569=VECTOR('',#5542,10.);
#1570=VECTOR('',#5543,10.);
#1571=VECTOR('',#5544,10.);
#1572=VECTOR('',#5545,10.);
#1573=VECTOR('',#5546,10.);
#1574=VECTOR('',#5547,10.);
#1575=VECTOR('',#5548,10.);
#1576=VECTOR('',#5549,10.);
#1577=VECTOR('',#5550,10.);
#1578=VECTOR('',#5551,10.);
#1579=VECTOR('',#5552,10.);
#1580=VECTOR('',#5553,10.);
#1581=VECTOR('',#5554,10.);
#1582=VECTOR('',#5555,10.);
#1583=VECTOR('',#5556,10.);
#1584=VECTOR('',#5557,10.);
#1585=VECTOR('',#5558,10.);
#1586=VECTOR('',#5559,10.);
#1587=VECTOR('',#5560,10.);
#1588=VECTOR('',#5561,10.);
#1589=VECTOR('',#5562,10.);
#1590=VECTOR('',#5565,10.);
#1591=VECTOR('',#5566,10.);
#1592=VECTOR('',#5567,10.);
#1593=VECTOR('',#5570,10.);
#1594=VECTOR('',#5571,10.);
#1595=VECTOR('',#5572,10.);
#1596=VECTOR('',#5575,10.);
#1597=VECTOR('',#5576,10.);
#1598=VECTOR('',#5577,10.);
#1599=VECTOR('',#5580,10.);
#1600=VECTOR('',#5581,10.);
#1601=VECTOR('',#5584,10.);
#1602=VECTOR('',#5585,10.);
#1603=VECTOR('',#5586,10.);
#1604=VECTOR('',#5589,10.);
#1605=VECTOR('',#5590,10.);
#1606=VECTOR('',#5593,10.);
#1607=VECTOR('',#5594,10.);
#1608=VECTOR('',#5595,10.);
#1609=VECTOR('',#5598,10.);
#1610=VECTOR('',#5599,10.);
#1611=VECTOR('',#5600,10.);
#1612=VECTOR('',#5603,10.);
#1613=VECTOR('',#5604,10.);
#1614=VECTOR('',#5605,10.);
#1615=VECTOR('',#5608,10.);
#1616=VECTOR('',#5609,10.);
#1617=VECTOR('',#5610,10.);
#1618=VECTOR('',#5611,10.);
#1619=VECTOR('',#5614,10.);
#1620=VECTOR('',#5615,10.);
#1621=VECTOR('',#5618,10.);
#1622=VECTOR('',#5619,10.);
#1623=VECTOR('',#5622,10.);
#1624=VECTOR('',#5623,10.);
#1625=VECTOR('',#5624,10.);
#1626=VECTOR('',#5625,10.);
#1627=VECTOR('',#5628,10.);
#1628=VECTOR('',#5629,10.);
#1629=VECTOR('',#5632,10.);
#1630=VECTOR('',#5633,10.);
#1631=VECTOR('',#5636,10.);
#1632=VECTOR('',#5637,10.);
#1633=VECTOR('',#5638,10.);
#1634=VECTOR('',#5643,10.);
#1635=VECTOR('',#5646,10.);
#1636=VECTOR('',#5649,10.);
#1637=VECTOR('',#5650,10.);
#1638=VECTOR('',#5651,10.);
#1639=VECTOR('',#5652,10.);
#1640=VECTOR('',#5653,10.);
#1641=VECTOR('',#5654,10.);
#1642=VECTOR('',#5655,10.);
#1643=VECTOR('',#5656,10.);
#1644=VECTOR('',#5657,10.);
#1645=VECTOR('',#5658,10.);
#1646=VECTOR('',#5659,10.);
#1647=VECTOR('',#5660,10.);
#1648=VECTOR('',#5661,10.);
#1649=VECTOR('',#5662,10.);
#1650=VECTOR('',#5663,10.);
#1651=VECTOR('',#5666,10.);
#1652=VECTOR('',#5667,10.);
#1653=VECTOR('',#5668,10.);
#1654=VECTOR('',#5669,10.);
#1655=VECTOR('',#5670,10.);
#1656=VECTOR('',#5671,10.);
#1657=VECTOR('',#5672,10.);
#1658=VECTOR('',#5673,10.);
#1659=VECTOR('',#5674,10.);
#1660=VECTOR('',#5677,10.);
#1661=VECTOR('',#5678,10.);
#1662=VECTOR('',#5681,10.);
#1663=VECTOR('',#5682,10.);
#1664=VECTOR('',#5685,10.);
#1665=VECTOR('',#5686,10.);
#1666=VECTOR('',#5689,10.);
#1667=VECTOR('',#5690,10.);
#1668=VECTOR('',#5693,10.);
#1669=VECTOR('',#5694,10.);
#1670=VECTOR('',#5697,10.);
#1671=VECTOR('',#5698,10.);
#1672=VECTOR('',#5701,10.);
#1673=VECTOR('',#5702,10.);
#1674=VECTOR('',#5705,10.);
#1675=VECTOR('',#5708,10.);
#1676=VECTOR('',#5709,10.);
#1677=VECTOR('',#5712,10.);
#1678=VECTOR('',#5715,10.);
#1679=VECTOR('',#5716,10.);
#1680=VECTOR('',#5719,10.);
#1681=VECTOR('',#5720,10.);
#1682=VECTOR('',#5723,10.);
#1683=VECTOR('',#5724,10.);
#1684=VECTOR('',#5727,10.);
#1685=VECTOR('',#5728,10.);
#1686=VECTOR('',#5731,10.);
#1687=VECTOR('',#5732,10.);
#1688=VECTOR('',#5735,10.);
#1689=VECTOR('',#5736,10.);
#1690=VECTOR('',#5739,10.);
#1691=VECTOR('',#5740,10.);
#1692=VECTOR('',#5743,10.);
#1693=VECTOR('',#5744,10.);
#1694=VECTOR('',#5747,10.);
#1695=VECTOR('',#5748,10.);
#1696=VECTOR('',#5751,10.);
#1697=VECTOR('',#5752,10.);
#1698=VECTOR('',#5755,10.);
#1699=VECTOR('',#5756,10.);
#1700=VECTOR('',#5759,10.);
#1701=VECTOR('',#5760,10.);
#1702=VECTOR('',#5763,10.);
#1703=VECTOR('',#5764,10.);
#1704=VECTOR('',#5767,10.);
#1705=VECTOR('',#5770,10.);
#1706=VECTOR('',#5771,10.);
#1707=VECTOR('',#5774,10.);
#1708=VECTOR('',#5775,10.);
#1709=VECTOR('',#5778,10.);
#1710=VECTOR('',#5781,10.);
#1711=VECTOR('',#5782,10.);
#1712=VECTOR('',#5785,10.);
#1713=VECTOR('',#5786,10.);
#1714=VECTOR('',#5789,10.);
#1715=VECTOR('',#5790,10.);
#1716=VECTOR('',#5793,10.);
#1717=VECTOR('',#5794,10.);
#1718=VECTOR('',#5797,10.);
#1719=VECTOR('',#5798,10.);
#1720=VECTOR('',#5801,10.);
#1721=VECTOR('',#5802,10.);
#1722=VECTOR('',#5805,10.);
#1723=VECTOR('',#5806,10.);
#1724=VECTOR('',#5809,10.);
#1725=VECTOR('',#5810,10.);
#1726=VECTOR('',#5813,10.);
#1727=VECTOR('',#5814,10.);
#1728=VECTOR('',#5815,10.);
#1729=VECTOR('',#5816,10.);
#1730=VECTOR('',#5817,10.);
#1731=VECTOR('',#5818,10.);
#1732=VECTOR('',#5819,10.);
#1733=VECTOR('',#5820,10.);
#1734=VECTOR('',#5821,10.);
#1735=VECTOR('',#5822,10.);
#1736=VECTOR('',#5823,10.);
#1737=VECTOR('',#5824,10.);
#1738=VECTOR('',#5825,10.);
#1739=VECTOR('',#5826,10.);
#1740=VECTOR('',#5827,10.);
#1741=VECTOR('',#5830,10.);
#1742=VECTOR('',#5831,10.);
#1743=VECTOR('',#5834,10.);
#1744=VECTOR('',#5835,10.);
#1745=VECTOR('',#5836,10.);
#1746=VECTOR('',#5839,10.);
#1747=VECTOR('',#5842,10.);
#1748=VECTOR('',#5845,10.);
#1749=VECTOR('',#5846,10.);
#1750=VECTOR('',#5847,10.);
#1751=VECTOR('',#5848,10.);
#1752=VECTOR('',#5851,10.);
#1753=VECTOR('',#5854,10.);
#1754=VECTOR('',#5857,10.);
#1755=VECTOR('',#5860,10.);
#1756=VECTOR('',#5863,10.);
#1757=VECTOR('',#5866,10.);
#1758=VECTOR('',#5869,10.);
#1759=VECTOR('',#5870,10.);
#1760=VECTOR('',#5871,10.);
#1761=VECTOR('',#5872,10.);
#1762=VECTOR('',#5875,10.);
#1763=VECTOR('',#5878,10.);
#1764=VECTOR('',#5881,10.);
#1765=VECTOR('',#5882,10.);
#1766=VECTOR('',#5885,10.);
#1767=VECTOR('',#5888,10.);
#1768=VECTOR('',#5889,10.);
#1769=VECTOR('',#5892,10.);
#1770=VECTOR('',#5895,10.);
#1771=VECTOR('',#5896,10.);
#1772=VECTOR('',#5899,10.);
#1773=VECTOR('',#5902,10.);
#1774=VECTOR('',#5905,10.);
#1775=VECTOR('',#5906,10.);
#1776=VECTOR('',#5907,10.);
#1777=VECTOR('',#5910,10.);
#1778=VECTOR('',#5913,10.);
#1779=VECTOR('',#5916,10.);
#1780=VECTOR('',#5917,10.);
#1781=VECTOR('',#5918,10.);
#1782=VECTOR('',#5921,10.);
#1783=VECTOR('',#5924,10.);
#1784=VECTOR('',#5927,10.);
#1785=VECTOR('',#5930,10.);
#1786=VECTOR('',#5931,10.);
#1787=VECTOR('',#5936,10.);
#1788=VECTOR('',#5937,10.);
#1789=VECTOR('',#5940,10.);
#1790=VECTOR('',#5941,10.);
#1791=VECTOR('',#5944,10.);
#1792=VECTOR('',#5945,10.);
#1793=VECTOR('',#5948,10.);
#1794=VECTOR('',#5949,10.);
#1795=VECTOR('',#5950,10.);
#1796=VECTOR('',#5955,10.);
#1797=VECTOR('',#5958,10.);
#1798=VECTOR('',#5985,10.);
#1799=VECTOR('',#6002,10.);
#1800=VECTOR('',#6009,10.);
#1801=VERTEX_POINT('',#6016);
#1802=VERTEX_POINT('',#6017);
#1803=VERTEX_POINT('',#6019);
#1804=VERTEX_POINT('',#6021);
#1805=VERTEX_POINT('',#6025);
#1806=VERTEX_POINT('',#6027);
#1807=VERTEX_POINT('',#6029);
#1808=VERTEX_POINT('',#6031);
#1809=VERTEX_POINT('',#6033);
#1810=VERTEX_POINT('',#6035);
#1811=VERTEX_POINT('',#6037);
#1812=VERTEX_POINT('',#6039);
#1813=VERTEX_POINT('',#6043);
#1814=VERTEX_POINT('',#6045);
#1815=VERTEX_POINT('',#6049);
#1816=VERTEX_POINT('',#6053);
#1817=VERTEX_POINT('',#6054);
#1818=VERTEX_POINT('',#6056);
#1819=VERTEX_POINT('',#6058);
#1820=VERTEX_POINT('',#6062);
#1821=VERTEX_POINT('',#6064);
#1822=VERTEX_POINT('',#6066);
#1823=VERTEX_POINT('',#6068);
#1824=VERTEX_POINT('',#6070);
#1825=VERTEX_POINT('',#6088);
#1826=VERTEX_POINT('',#6089);
#1827=VERTEX_POINT('',#6091);
#1828=VERTEX_POINT('',#6093);
#1829=VERTEX_POINT('',#6097);
#1830=VERTEX_POINT('',#6098);
#1831=VERTEX_POINT('',#6103);
#1832=VERTEX_POINT('',#6105);
#1833=VERTEX_POINT('',#6109);
#1834=VERTEX_POINT('',#6110);
#1835=VERTEX_POINT('',#6115);
#1836=VERTEX_POINT('',#6116);
#1837=VERTEX_POINT('',#6121);
#1838=VERTEX_POINT('',#6123);
#1839=VERTEX_POINT('',#6125);
#1840=VERTEX_POINT('',#6127);
#1841=VERTEX_POINT('',#6130);
#1842=VERTEX_POINT('',#6132);
#1843=VERTEX_POINT('',#6134);
#1844=VERTEX_POINT('',#6136);
#1845=VERTEX_POINT('',#6138);
#1846=VERTEX_POINT('',#6140);
#1847=VERTEX_POINT('',#6142);
#1848=VERTEX_POINT('',#6144);
#1849=VERTEX_POINT('',#6146);
#1850=VERTEX_POINT('',#6148);
#1851=VERTEX_POINT('',#6152);
#1852=VERTEX_POINT('',#6154);
#1853=VERTEX_POINT('',#6156);
#1854=VERTEX_POINT('',#6158);
#1855=VERTEX_POINT('',#6160);
#1856=VERTEX_POINT('',#6162);
#1857=VERTEX_POINT('',#6164);
#1858=VERTEX_POINT('',#6166);
#1859=VERTEX_POINT('',#6168);
#1860=VERTEX_POINT('',#6170);
#1861=VERTEX_POINT('',#6172);
#1862=VERTEX_POINT('',#6174);
#1863=VERTEX_POINT('',#6176);
#1864=VERTEX_POINT('',#6178);
#1865=VERTEX_POINT('',#6180);
#1866=VERTEX_POINT('',#6182);
#1867=VERTEX_POINT('',#6184);
#1868=VERTEX_POINT('',#6186);
#1869=VERTEX_POINT('',#6188);
#1870=VERTEX_POINT('',#6190);
#1871=VERTEX_POINT('',#6192);
#1872=VERTEX_POINT('',#6194);
#1873=VERTEX_POINT('',#6196);
#1874=VERTEX_POINT('',#6198);
#1875=VERTEX_POINT('',#6200);
#1876=VERTEX_POINT('',#6202);
#1877=VERTEX_POINT('',#6204);
#1878=VERTEX_POINT('',#6206);
#1879=VERTEX_POINT('',#6208);
#1880=VERTEX_POINT('',#6210);
#1881=VERTEX_POINT('',#6212);
#1882=VERTEX_POINT('',#6214);
#1883=VERTEX_POINT('',#6216);
#1884=VERTEX_POINT('',#6218);
#1885=VERTEX_POINT('',#6220);
#1886=VERTEX_POINT('',#6222);
#1887=VERTEX_POINT('',#6224);
#1888=VERTEX_POINT('',#6226);
#1889=VERTEX_POINT('',#6228);
#1890=VERTEX_POINT('',#6230);
#1891=VERTEX_POINT('',#6232);
#1892=VERTEX_POINT('',#6234);
#1893=VERTEX_POINT('',#6236);
#1894=VERTEX_POINT('',#6238);
#1895=VERTEX_POINT('',#6240);
#1896=VERTEX_POINT('',#6242);
#1897=VERTEX_POINT('',#6244);
#1898=VERTEX_POINT('',#6246);
#1899=VERTEX_POINT('',#6248);
#1900=VERTEX_POINT('',#6250);
#1901=VERTEX_POINT('',#6252);
#1902=VERTEX_POINT('',#6254);
#1903=VERTEX_POINT('',#6256);
#1904=VERTEX_POINT('',#6258);
#1905=VERTEX_POINT('',#6260);
#1906=VERTEX_POINT('',#6262);
#1907=VERTEX_POINT('',#6264);
#1908=VERTEX_POINT('',#6266);
#1909=VERTEX_POINT('',#6268);
#1910=VERTEX_POINT('',#6270);
#1911=VERTEX_POINT('',#6272);
#1912=VERTEX_POINT('',#6274);
#1913=VERTEX_POINT('',#6276);
#1914=VERTEX_POINT('',#6278);
#1915=VERTEX_POINT('',#6280);
#1916=VERTEX_POINT('',#6282);
#1917=VERTEX_POINT('',#6284);
#1918=VERTEX_POINT('',#6286);
#1919=VERTEX_POINT('',#6288);
#1920=VERTEX_POINT('',#6290);
#1921=VERTEX_POINT('',#6292);
#1922=VERTEX_POINT('',#6294);
#1923=VERTEX_POINT('',#6296);
#1924=VERTEX_POINT('',#6298);
#1925=VERTEX_POINT('',#6300);
#1926=VERTEX_POINT('',#6302);
#1927=VERTEX_POINT('',#6304);
#1928=VERTEX_POINT('',#6306);
#1929=VERTEX_POINT('',#6310);
#1930=VERTEX_POINT('',#6312);
#1931=VERTEX_POINT('',#6316);
#1932=VERTEX_POINT('',#6318);
#1933=VERTEX_POINT('',#6322);
#1934=VERTEX_POINT('',#6324);
#1935=VERTEX_POINT('',#6328);
#1936=VERTEX_POINT('',#6330);
#1937=VERTEX_POINT('',#6334);
#1938=VERTEX_POINT('',#6335);
#1939=VERTEX_POINT('',#6337);
#1940=VERTEX_POINT('',#6339);
#1941=VERTEX_POINT('',#6346);
#1942=VERTEX_POINT('',#6348);
#1943=VERTEX_POINT('',#6351);
#1944=VERTEX_POINT('',#6353);
#1945=VERTEX_POINT('',#6356);
#1946=VERTEX_POINT('',#6359);
#1947=VERTEX_POINT('',#6361);
#1948=VERTEX_POINT('',#6364);
#1949=VERTEX_POINT('',#6366);
#1950=VERTEX_POINT('',#6370);
#1951=VERTEX_POINT('',#6372);
#1952=VERTEX_POINT('',#6375);
#1953=VERTEX_POINT('',#6377);
#1954=VERTEX_POINT('',#6379);
#1955=VERTEX_POINT('',#6383);
#1956=VERTEX_POINT('',#6385);
#1957=VERTEX_POINT('',#6389);
#1958=VERTEX_POINT('',#6390);
#1959=VERTEX_POINT('',#6392);
#1960=VERTEX_POINT('',#6394);
#1961=VERTEX_POINT('',#6398);
#1962=VERTEX_POINT('',#6400);
#1963=VERTEX_POINT('',#6404);
#1964=VERTEX_POINT('',#6406);
#1965=VERTEX_POINT('',#6410);
#1966=VERTEX_POINT('',#6411);
#1967=VERTEX_POINT('',#6413);
#1968=VERTEX_POINT('',#6415);
#1969=VERTEX_POINT('',#6419);
#1970=VERTEX_POINT('',#6421);
#1971=VERTEX_POINT('',#6425);
#1972=VERTEX_POINT('',#6427);
#1973=VERTEX_POINT('',#6431);
#1974=VERTEX_POINT('',#6432);
#1975=VERTEX_POINT('',#6434);
#1976=VERTEX_POINT('',#6436);
#1977=VERTEX_POINT('',#6440);
#1978=VERTEX_POINT('',#6441);
#1979=VERTEX_POINT('',#6443);
#1980=VERTEX_POINT('',#6445);
#1981=VERTEX_POINT('',#6452);
#1982=VERTEX_POINT('',#6453);
#1983=VERTEX_POINT('',#6455);
#1984=VERTEX_POINT('',#6457);
#1985=VERTEX_POINT('',#6461);
#1986=VERTEX_POINT('',#6463);
#1987=VERTEX_POINT('',#6467);
#1988=VERTEX_POINT('',#6468);
#1989=VERTEX_POINT('',#6470);
#1990=VERTEX_POINT('',#6472);
#1991=VERTEX_POINT('',#6476);
#1992=VERTEX_POINT('',#6478);
#1993=VERTEX_POINT('',#6482);
#1994=VERTEX_POINT('',#6483);
#1995=VERTEX_POINT('',#6485);
#1996=VERTEX_POINT('',#6487);
#1997=VERTEX_POINT('',#6494);
#1998=VERTEX_POINT('',#6495);
#1999=VERTEX_POINT('',#6497);
#2000=VERTEX_POINT('',#6499);
#2001=VERTEX_POINT('',#6503);
#2002=VERTEX_POINT('',#6504);
#2003=VERTEX_POINT('',#6506);
#2004=VERTEX_POINT('',#6508);
#2005=VERTEX_POINT('',#6515);
#2006=VERTEX_POINT('',#6516);
#2007=VERTEX_POINT('',#6518);
#2008=VERTEX_POINT('',#6520);
#2009=VERTEX_POINT('',#6524);
#2010=VERTEX_POINT('',#6526);
#2011=VERTEX_POINT('',#6530);
#2012=VERTEX_POINT('',#6532);
#2013=VERTEX_POINT('',#6536);
#2014=VERTEX_POINT('',#6537);
#2015=VERTEX_POINT('',#6539);
#2016=VERTEX_POINT('',#6541);
#2017=VERTEX_POINT('',#6545);
#2018=VERTEX_POINT('',#6547);
#2019=VERTEX_POINT('',#6551);
#2020=VERTEX_POINT('',#6553);
#2021=VERTEX_POINT('',#6557);
#2022=VERTEX_POINT('',#6558);
#2023=VERTEX_POINT('',#6560);
#2024=VERTEX_POINT('',#6562);
#2025=VERTEX_POINT('',#6566);
#2026=VERTEX_POINT('',#6568);
#2027=VERTEX_POINT('',#6572);
#2028=VERTEX_POINT('',#6574);
#2029=VERTEX_POINT('',#6578);
#2030=VERTEX_POINT('',#6579);
#2031=VERTEX_POINT('',#6581);
#2032=VERTEX_POINT('',#6583);
#2033=VERTEX_POINT('',#6587);
#2034=VERTEX_POINT('',#6589);
#2035=VERTEX_POINT('',#6593);
#2036=VERTEX_POINT('',#6595);
#2037=VERTEX_POINT('',#6599);
#2038=VERTEX_POINT('',#6600);
#2039=VERTEX_POINT('',#6602);
#2040=VERTEX_POINT('',#6604);
#2041=VERTEX_POINT('',#6608);
#2042=VERTEX_POINT('',#6610);
#2043=VERTEX_POINT('',#6614);
#2044=VERTEX_POINT('',#6616);
#2045=VERTEX_POINT('',#6620);
#2046=VERTEX_POINT('',#6621);
#2047=VERTEX_POINT('',#6623);
#2048=VERTEX_POINT('',#6625);
#2049=VERTEX_POINT('',#6629);
#2050=VERTEX_POINT('',#6631);
#2051=VERTEX_POINT('',#6635);
#2052=VERTEX_POINT('',#6637);
#2053=VERTEX_POINT('',#6641);
#2054=VERTEX_POINT('',#6642);
#2055=VERTEX_POINT('',#6644);
#2056=VERTEX_POINT('',#6646);
#2057=VERTEX_POINT('',#6650);
#2058=VERTEX_POINT('',#6652);
#2059=VERTEX_POINT('',#6656);
#2060=VERTEX_POINT('',#6658);
#2061=VERTEX_POINT('',#6662);
#2062=VERTEX_POINT('',#6663);
#2063=VERTEX_POINT('',#6665);
#2064=VERTEX_POINT('',#6667);
#2065=VERTEX_POINT('',#6671);
#2066=VERTEX_POINT('',#6672);
#2067=VERTEX_POINT('',#6674);
#2068=VERTEX_POINT('',#6676);
#2069=VERTEX_POINT('',#6683);
#2070=VERTEX_POINT('',#6684);
#2071=VERTEX_POINT('',#6686);
#2072=VERTEX_POINT('',#6688);
#2073=VERTEX_POINT('',#6692);
#2074=VERTEX_POINT('',#6694);
#2075=VERTEX_POINT('',#6698);
#2076=VERTEX_POINT('',#6700);
#2077=VERTEX_POINT('',#6704);
#2078=VERTEX_POINT('',#6705);
#2079=VERTEX_POINT('',#6709);
#2080=VERTEX_POINT('',#6711);
#2081=VERTEX_POINT('',#6713);
#2082=VERTEX_POINT('',#6715);
#2083=VERTEX_POINT('',#6717);
#2084=VERTEX_POINT('',#6719);
#2085=VERTEX_POINT('',#6723);
#2086=VERTEX_POINT('',#6724);
#2087=VERTEX_POINT('',#6728);
#2088=VERTEX_POINT('',#6730);
#2089=VERTEX_POINT('',#6732);
#2090=VERTEX_POINT('',#6734);
#2091=VERTEX_POINT('',#6736);
#2092=VERTEX_POINT('',#6738);
#2093=VERTEX_POINT('',#6742);
#2094=VERTEX_POINT('',#6743);
#2095=VERTEX_POINT('',#6747);
#2096=VERTEX_POINT('',#6749);
#2097=VERTEX_POINT('',#6751);
#2098=VERTEX_POINT('',#6753);
#2099=VERTEX_POINT('',#6755);
#2100=VERTEX_POINT('',#6757);
#2101=VERTEX_POINT('',#6761);
#2102=VERTEX_POINT('',#6786);
#2103=VERTEX_POINT('',#6791);
#2104=VERTEX_POINT('',#6793);
#2105=VERTEX_POINT('',#6795);
#2106=VERTEX_POINT('',#6797);
#2107=VERTEX_POINT('',#6800);
#2108=VERTEX_POINT('',#6802);
#2109=VERTEX_POINT('',#6804);
#2110=VERTEX_POINT('',#6806);
#2111=VERTEX_POINT('',#6809);
#2112=VERTEX_POINT('',#6811);
#2113=VERTEX_POINT('',#6813);
#2114=VERTEX_POINT('',#6815);
#2115=VERTEX_POINT('',#6818);
#2116=VERTEX_POINT('',#6820);
#2117=VERTEX_POINT('',#6822);
#2118=VERTEX_POINT('',#6824);
#2119=VERTEX_POINT('',#6827);
#2120=VERTEX_POINT('',#6829);
#2121=VERTEX_POINT('',#6831);
#2122=VERTEX_POINT('',#6833);
#2123=VERTEX_POINT('',#6836);
#2124=VERTEX_POINT('',#6838);
#2125=VERTEX_POINT('',#6840);
#2126=VERTEX_POINT('',#6842);
#2127=VERTEX_POINT('',#6845);
#2128=VERTEX_POINT('',#6847);
#2129=VERTEX_POINT('',#6849);
#2130=VERTEX_POINT('',#6851);
#2131=VERTEX_POINT('',#6854);
#2132=VERTEX_POINT('',#6856);
#2133=VERTEX_POINT('',#6858);
#2134=VERTEX_POINT('',#6860);
#2135=VERTEX_POINT('',#6863);
#2136=VERTEX_POINT('',#6865);
#2137=VERTEX_POINT('',#6867);
#2138=VERTEX_POINT('',#6869);
#2139=VERTEX_POINT('',#6872);
#2140=VERTEX_POINT('',#6874);
#2141=VERTEX_POINT('',#6877);
#2142=VERTEX_POINT('',#6879);
#2143=VERTEX_POINT('',#6882);
#2144=VERTEX_POINT('',#6884);
#2145=VERTEX_POINT('',#6888);
#2146=VERTEX_POINT('',#6890);
#2147=VERTEX_POINT('',#6892);
#2148=VERTEX_POINT('',#6894);
#2149=VERTEX_POINT('',#6896);
#2150=VERTEX_POINT('',#6898);
#2151=VERTEX_POINT('',#6900);
#2152=VERTEX_POINT('',#6902);
#2153=VERTEX_POINT('',#6904);
#2154=VERTEX_POINT('',#6906);
#2155=VERTEX_POINT('',#6908);
#2156=VERTEX_POINT('',#6910);
#2157=VERTEX_POINT('',#6912);
#2158=VERTEX_POINT('',#6914);
#2159=VERTEX_POINT('',#6916);
#2160=VERTEX_POINT('',#6918);
#2161=VERTEX_POINT('',#6920);
#2162=VERTEX_POINT('',#6922);
#2163=VERTEX_POINT('',#6924);
#2164=VERTEX_POINT('',#6927);
#2165=VERTEX_POINT('',#6929);
#2166=VERTEX_POINT('',#6931);
#2167=VERTEX_POINT('',#6933);
#2168=VERTEX_POINT('',#6936);
#2169=VERTEX_POINT('',#6938);
#2170=VERTEX_POINT('',#6940);
#2171=VERTEX_POINT('',#6942);
#2172=VERTEX_POINT('',#6946);
#2173=VERTEX_POINT('',#6948);
#2174=VERTEX_POINT('',#6952);
#2175=VERTEX_POINT('',#6954);
#2176=VERTEX_POINT('',#6958);
#2177=VERTEX_POINT('',#6960);
#2178=VERTEX_POINT('',#6967);
#2179=VERTEX_POINT('',#6969);
#2180=VERTEX_POINT('',#6976);
#2181=VERTEX_POINT('',#6978);
#2182=VERTEX_POINT('',#6982);
#2183=VERTEX_POINT('',#6984);
#2184=VERTEX_POINT('',#6988);
#2185=VERTEX_POINT('',#6990);
#2186=VERTEX_POINT('',#6994);
#2187=VERTEX_POINT('',#6995);
#2188=VERTEX_POINT('',#6997);
#2189=VERTEX_POINT('',#6999);
#2190=VERTEX_POINT('',#7009);
#2191=VERTEX_POINT('',#7010);
#2192=VERTEX_POINT('',#7012);
#2193=VERTEX_POINT('',#7014);
#2194=VERTEX_POINT('',#7024);
#2195=VERTEX_POINT('',#7026);
#2196=VERTEX_POINT('',#7036);
#2197=VERTEX_POINT('',#7039);
#2198=VERTEX_POINT('',#7041);
#2199=VERTEX_POINT('',#7044);
#2200=VERTEX_POINT('',#7046);
#2201=VERTEX_POINT('',#7049);
#2202=VERTEX_POINT('',#7064);
#2203=VERTEX_POINT('',#7086);
#2204=VERTEX_POINT('',#7092);
#2205=VERTEX_POINT('',#7131);
#2206=VERTEX_POINT('',#7135);
#2207=VERTEX_POINT('',#7141);
#2208=VERTEX_POINT('',#7145);
#2209=VERTEX_POINT('',#7169);
#2210=VERTEX_POINT('',#7176);
#2211=VERTEX_POINT('',#7178);
#2212=VERTEX_POINT('',#7197);
#2213=VERTEX_POINT('',#7206);
#2214=VERTEX_POINT('',#7208);
#2215=VERTEX_POINT('',#7225);
#2216=VERTEX_POINT('',#7227);
#2217=VERTEX_POINT('',#7236);
#2218=VERTEX_POINT('',#7242);
#2219=VERTEX_POINT('',#7248);
#2220=VERTEX_POINT('',#7256);
#2221=VERTEX_POINT('',#7257);
#2222=VERTEX_POINT('',#7266);
#2223=VERTEX_POINT('',#7267);
#2224=VERTEX_POINT('',#7291);
#2225=VERTEX_POINT('',#7293);
#2226=VERTEX_POINT('',#7303);
#2227=VERTEX_POINT('',#7311);
#2228=EDGE_CURVE('',#1801,#1802,#433,.F.);
#2229=EDGE_CURVE('',#1802,#1803,#434,.T.);
#2230=EDGE_CURVE('',#1803,#1804,#435,.F.);
#2231=EDGE_CURVE('',#1804,#1801,#436,.T.);
#2232=EDGE_CURVE('',#1802,#1805,#437,.T.);
#2233=EDGE_CURVE('',#1805,#1806,#438,.T.);
#2234=EDGE_CURVE('',#1807,#1806,#439,.F.);
#2235=EDGE_CURVE('',#1807,#1808,#440,.T.);
#2236=EDGE_CURVE('',#1809,#1808,#441,.T.);
#2237=EDGE_CURVE('',#1810,#1809,#442,.T.);
#2238=EDGE_CURVE('',#1811,#1810,#443,.F.);
#2239=EDGE_CURVE('',#1811,#1812,#444,.T.);
#2240=EDGE_CURVE('',#1803,#1812,#445,.T.);
#2241=EDGE_CURVE('',#1806,#1813,#446,.T.);
#2242=EDGE_CURVE('',#1813,#1814,#447,.F.);
#2243=EDGE_CURVE('',#1814,#1807,#448,.T.);
#2244=EDGE_CURVE('',#1815,#1805,#449,.T.);
#2245=EDGE_CURVE('',#1813,#1815,#450,.T.);
#2246=EDGE_CURVE('',#1816,#1817,#451,.F.);
#2247=EDGE_CURVE('',#1817,#1818,#452,.T.);
#2248=EDGE_CURVE('',#1818,#1819,#453,.F.);
#2249=EDGE_CURVE('',#1819,#1816,#454,.T.);
#2250=EDGE_CURVE('',#1817,#1820,#455,.T.);
#2251=EDGE_CURVE('',#1820,#1821,#456,.T.);
#2252=EDGE_CURVE('',#1822,#1821,#457,.F.);
#2253=EDGE_CURVE('',#1822,#1823,#458,.T.);
#2254=EDGE_CURVE('',#1824,#1823,#459,.T.);
#2255=EDGE_CURVE('',#1814,#1824,#460,.T.);
#2256=EDGE_CURVE('',#1818,#1815,#461,.T.);
#2257=EDGE_CURVE('',#1821,#1811,#462,.T.);
#2258=EDGE_CURVE('',#1810,#1822,#463,.T.);
#2259=EDGE_CURVE('',#1812,#1820,#464,.T.);
#2260=EDGE_CURVE('',#1804,#1816,#465,.T.);
#2261=EDGE_CURVE('',#1819,#1801,#466,.T.);
#2262=EDGE_CURVE('',#1823,#1809,#467,.T.);
#2263=EDGE_CURVE('',#1808,#1824,#468,.T.);
#2264=EDGE_CURVE('',#1825,#1826,#469,.T.);
#2265=EDGE_CURVE('',#1825,#1827,#470,.T.);
#2266=EDGE_CURVE('',#1827,#1828,#471,.T.);
#2267=EDGE_CURVE('',#1826,#1828,#472,.T.);
#2268=EDGE_CURVE('',#1829,#1830,#473,.T.);
#2269=EDGE_CURVE('',#1828,#1829,#474,.T.);
#2270=EDGE_CURVE('',#1830,#1827,#475,.T.);
#2271=EDGE_CURVE('',#1831,#1826,#476,.T.);
#2272=EDGE_CURVE('',#1832,#1831,#477,.T.);
#2273=EDGE_CURVE('',#1825,#1832,#478,.T.);
#2274=EDGE_CURVE('',#1833,#1834,#479,.T.);
#2275=EDGE_CURVE('',#1830,#1833,#480,.T.);
#2276=EDGE_CURVE('',#1834,#1832,#481,.T.);
#2277=EDGE_CURVE('',#1835,#1836,#482,.T.);
#2278=EDGE_CURVE('',#1831,#1835,#483,.T.);
#2279=EDGE_CURVE('',#1836,#1829,#484,.T.);
#2280=EDGE_CURVE('',#1834,#1837,#485,.T.);
#2281=EDGE_CURVE('',#1837,#1838,#486,.T.);
#2282=EDGE_CURVE('',#1838,#1839,#487,.T.);
#2283=EDGE_CURVE('',#1839,#1840,#488,.T.);
#2284=EDGE_CURVE('',#1840,#1835,#489,.T.);
#2285=EDGE_CURVE('',#1836,#1841,#490,.T.);
#2286=EDGE_CURVE('',#1841,#1842,#491,.T.);
#2287=EDGE_CURVE('',#1842,#1843,#492,.T.);
#2288=EDGE_CURVE('',#1843,#1844,#493,.T.);
#2289=EDGE_CURVE('',#1845,#1844,#32,.T.);
#2290=EDGE_CURVE('',#1845,#1846,#494,.T.);
#2291=EDGE_CURVE('',#1847,#1846,#33,.T.);
#2292=EDGE_CURVE('',#1847,#1848,#495,.T.);
#2293=EDGE_CURVE('',#1848,#1849,#496,.T.);
#2294=EDGE_CURVE('',#1849,#1850,#497,.T.);
#2295=EDGE_CURVE('',#1850,#1833,#498,.T.);
#2296=EDGE_CURVE('',#1851,#1840,#499,.T.);
#2297=EDGE_CURVE('',#1852,#1851,#500,.T.);
#2298=EDGE_CURVE('',#1853,#1852,#501,.T.);
#2299=EDGE_CURVE('',#1853,#1854,#502,.T.);
#2300=EDGE_CURVE('',#1855,#1854,#503,.T.);
#2301=EDGE_CURVE('',#1856,#1855,#504,.T.);
#2302=EDGE_CURVE('',#1857,#1856,#505,.T.);
#2303=EDGE_CURVE('',#1857,#1858,#506,.T.);
#2304=EDGE_CURVE('',#1859,#1858,#507,.T.);
#2305=EDGE_CURVE('',#1860,#1859,#508,.T.);
#2306=EDGE_CURVE('',#1861,#1860,#509,.T.);
#2307=EDGE_CURVE('',#1861,#1862,#510,.T.);
#2308=EDGE_CURVE('',#1863,#1862,#511,.T.);
#2309=EDGE_CURVE('',#1864,#1863,#512,.T.);
#2310=EDGE_CURVE('',#1865,#1864,#513,.T.);
#2311=EDGE_CURVE('',#1865,#1866,#514,.T.);
#2312=EDGE_CURVE('',#1867,#1866,#515,.T.);
#2313=EDGE_CURVE('',#1868,#1867,#516,.T.);
#2314=EDGE_CURVE('',#1868,#1869,#517,.T.);
#2315=EDGE_CURVE('',#1869,#1870,#518,.T.);
#2316=EDGE_CURVE('',#1871,#1870,#519,.T.);
#2317=EDGE_CURVE('',#1872,#1871,#520,.T.);
#2318=EDGE_CURVE('',#1872,#1873,#521,.T.);
#2319=EDGE_CURVE('',#1873,#1874,#522,.T.);
#2320=EDGE_CURVE('',#1875,#1874,#523,.T.);
#2321=EDGE_CURVE('',#1876,#1875,#524,.T.);
#2322=EDGE_CURVE('',#1876,#1877,#525,.T.);
#2323=EDGE_CURVE('',#1877,#1878,#526,.T.);
#2324=EDGE_CURVE('',#1879,#1878,#527,.T.);
#2325=EDGE_CURVE('',#1880,#1879,#528,.T.);
#2326=EDGE_CURVE('',#1880,#1881,#529,.T.);
#2327=EDGE_CURVE('',#1881,#1882,#530,.T.);
#2328=EDGE_CURVE('',#1883,#1882,#531,.T.);
#2329=EDGE_CURVE('',#1884,#1883,#532,.T.);
#2330=EDGE_CURVE('',#1884,#1885,#533,.T.);
#2331=EDGE_CURVE('',#1885,#1886,#534,.T.);
#2332=EDGE_CURVE('',#1887,#1886,#535,.T.);
#2333=EDGE_CURVE('',#1888,#1887,#536,.T.);
#2334=EDGE_CURVE('',#1888,#1889,#537,.T.);
#2335=EDGE_CURVE('',#1889,#1890,#538,.T.);
#2336=EDGE_CURVE('',#1891,#1890,#539,.T.);
#2337=EDGE_CURVE('',#1892,#1891,#540,.T.);
#2338=EDGE_CURVE('',#1892,#1893,#541,.T.);
#2339=EDGE_CURVE('',#1893,#1894,#542,.T.);
#2340=EDGE_CURVE('',#1895,#1894,#543,.T.);
#2341=EDGE_CURVE('',#1896,#1895,#544,.T.);
#2342=EDGE_CURVE('',#1896,#1897,#545,.T.);
#2343=EDGE_CURVE('',#1897,#1898,#546,.T.);
#2344=EDGE_CURVE('',#1899,#1898,#547,.T.);
#2345=EDGE_CURVE('',#1900,#1899,#548,.T.);
#2346=EDGE_CURVE('',#1900,#1901,#549,.T.);
#2347=EDGE_CURVE('',#1901,#1902,#550,.T.);
#2348=EDGE_CURVE('',#1903,#1902,#551,.T.);
#2349=EDGE_CURVE('',#1904,#1903,#552,.T.);
#2350=EDGE_CURVE('',#1904,#1905,#553,.T.);
#2351=EDGE_CURVE('',#1905,#1906,#554,.T.);
#2352=EDGE_CURVE('',#1907,#1906,#555,.T.);
#2353=EDGE_CURVE('',#1908,#1907,#556,.T.);
#2354=EDGE_CURVE('',#1908,#1909,#557,.T.);
#2355=EDGE_CURVE('',#1909,#1910,#558,.T.);
#2356=EDGE_CURVE('',#1911,#1910,#559,.T.);
#2357=EDGE_CURVE('',#1912,#1911,#560,.T.);
#2358=EDGE_CURVE('',#1912,#1913,#561,.T.);
#2359=EDGE_CURVE('',#1913,#1914,#562,.T.);
#2360=EDGE_CURVE('',#1915,#1914,#563,.T.);
#2361=EDGE_CURVE('',#1915,#1916,#564,.T.);
#2362=EDGE_CURVE('',#1917,#1916,#565,.T.);
#2363=EDGE_CURVE('',#1918,#1917,#566,.T.);
#2364=EDGE_CURVE('',#1919,#1918,#567,.T.);
#2365=EDGE_CURVE('',#1919,#1920,#568,.T.);
#2366=EDGE_CURVE('',#1921,#1920,#569,.T.);
#2367=EDGE_CURVE('',#1922,#1921,#570,.T.);
#2368=EDGE_CURVE('',#1923,#1922,#571,.T.);
#2369=EDGE_CURVE('',#1923,#1924,#572,.T.);
#2370=EDGE_CURVE('',#1925,#1924,#573,.T.);
#2371=EDGE_CURVE('',#1926,#1925,#574,.T.);
#2372=EDGE_CURVE('',#1927,#1926,#575,.T.);
#2373=EDGE_CURVE('',#1927,#1928,#576,.T.);
#2374=EDGE_CURVE('',#1837,#1928,#577,.T.);
#2375=EDGE_CURVE('',#1849,#1929,#578,.T.);
#2376=EDGE_CURVE('',#1930,#1848,#579,.T.);
#2377=EDGE_CURVE('',#1930,#1929,#580,.T.);
#2378=EDGE_CURVE('',#1929,#1931,#581,.T.);
#2379=EDGE_CURVE('',#1932,#1930,#582,.T.);
#2380=EDGE_CURVE('',#1931,#1932,#583,.T.);
#2381=EDGE_CURVE('',#1931,#1933,#584,.T.);
#2382=EDGE_CURVE('',#1934,#1932,#585,.T.);
#2383=EDGE_CURVE('',#1933,#1934,#586,.T.);
#2384=EDGE_CURVE('',#1935,#1842,#587,.T.);
#2385=EDGE_CURVE('',#1935,#1936,#588,.T.);
#2386=EDGE_CURVE('',#1843,#1936,#589,.T.);
#2387=EDGE_CURVE('',#1937,#1938,#590,.T.);
#2388=EDGE_CURVE('',#1939,#1937,#591,.T.);
#2389=EDGE_CURVE('',#1940,#1939,#592,.T.);
#2390=EDGE_CURVE('',#1940,#1938,#593,.T.);
#2391=EDGE_CURVE('',#1938,#1935,#594,.T.);
#2392=EDGE_CURVE('',#1936,#1940,#595,.T.);
#2393=EDGE_CURVE('',#1941,#1939,#596,.T.);
#2394=EDGE_CURVE('',#1942,#1941,#597,.T.);
#2395=EDGE_CURVE('',#1865,#1942,#598,.T.);
#2396=EDGE_CURVE('',#1864,#1943,#599,.T.);
#2397=EDGE_CURVE('',#1943,#1944,#600,.T.);
#2398=EDGE_CURVE('',#1844,#1944,#601,.T.);
#2399=EDGE_CURVE('',#1852,#1945,#602,.T.);
#2400=EDGE_CURVE('',#1945,#1853,#603,.T.);
#2401=EDGE_CURVE('',#1946,#1857,#604,.T.);
#2402=EDGE_CURVE('',#1856,#1947,#605,.T.);
#2403=EDGE_CURVE('',#1947,#1946,#606,.T.);
#2404=EDGE_CURVE('',#1948,#1861,#607,.T.);
#2405=EDGE_CURVE('',#1860,#1949,#608,.T.);
#2406=EDGE_CURVE('',#1949,#1948,#609,.T.);
#2407=EDGE_CURVE('',#1937,#1950,#610,.T.);
#2408=EDGE_CURVE('',#1950,#1951,#611,.T.);
#2409=EDGE_CURVE('',#1951,#1933,#612,.T.);
#2410=EDGE_CURVE('',#1934,#1952,#613,.T.);
#2411=EDGE_CURVE('',#1953,#1952,#34,.T.);
#2412=EDGE_CURVE('',#1953,#1954,#614,.T.);
#2413=EDGE_CURVE('',#1941,#1954,#35,.T.);
#2414=EDGE_CURVE('',#1955,#1951,#615,.T.);
#2415=EDGE_CURVE('',#1956,#1955,#616,.T.);
#2416=EDGE_CURVE('',#1850,#1956,#617,.T.);
#2417=EDGE_CURVE('',#1957,#1958,#618,.T.);
#2418=EDGE_CURVE('',#1959,#1957,#619,.T.);
#2419=EDGE_CURVE('',#1960,#1959,#620,.T.);
#2420=EDGE_CURVE('',#1960,#1958,#621,.T.);
#2421=EDGE_CURVE('',#1961,#1957,#622,.T.);
#2422=EDGE_CURVE('',#1962,#1961,#623,.T.);
#2423=EDGE_CURVE('',#1959,#1962,#624,.T.);
#2424=EDGE_CURVE('',#1963,#1961,#625,.T.);
#2425=EDGE_CURVE('',#1964,#1963,#626,.T.);
#2426=EDGE_CURVE('',#1962,#1964,#627,.T.);
#2427=EDGE_CURVE('',#1965,#1966,#628,.T.);
#2428=EDGE_CURVE('',#1967,#1965,#629,.T.);
#2429=EDGE_CURVE('',#1968,#1967,#630,.T.);
#2430=EDGE_CURVE('',#1968,#1966,#631,.T.);
#2431=EDGE_CURVE('',#1969,#1965,#632,.T.);
#2432=EDGE_CURVE('',#1970,#1969,#633,.T.);
#2433=EDGE_CURVE('',#1967,#1970,#634,.T.);
#2434=EDGE_CURVE('',#1971,#1969,#635,.T.);
#2435=EDGE_CURVE('',#1972,#1971,#636,.T.);
#2436=EDGE_CURVE('',#1970,#1972,#637,.T.);
#2437=EDGE_CURVE('',#1973,#1974,#638,.T.);
#2438=EDGE_CURVE('',#1975,#1973,#639,.T.);
#2439=EDGE_CURVE('',#1976,#1975,#640,.T.);
#2440=EDGE_CURVE('',#1976,#1974,#641,.T.);
#2441=EDGE_CURVE('',#1977,#1978,#642,.T.);
#2442=EDGE_CURVE('',#1979,#1977,#643,.T.);
#2443=EDGE_CURVE('',#1980,#1979,#644,.T.);
#2444=EDGE_CURVE('',#1980,#1978,#645,.T.);
#2445=EDGE_CURVE('',#1978,#1973,#646,.T.);
#2446=EDGE_CURVE('',#1975,#1980,#647,.T.);
#2447=EDGE_CURVE('',#1981,#1982,#648,.T.);
#2448=EDGE_CURVE('',#1983,#1981,#649,.T.);
#2449=EDGE_CURVE('',#1984,#1983,#650,.T.);
#2450=EDGE_CURVE('',#1984,#1982,#651,.T.);
#2451=EDGE_CURVE('',#1982,#1985,#652,.T.);
#2452=EDGE_CURVE('',#1986,#1984,#653,.T.);
#2453=EDGE_CURVE('',#1986,#1985,#654,.T.);
#2454=EDGE_CURVE('',#1987,#1988,#655,.T.);
#2455=EDGE_CURVE('',#1989,#1987,#656,.T.);
#2456=EDGE_CURVE('',#1990,#1989,#657,.T.);
#2457=EDGE_CURVE('',#1990,#1988,#658,.T.);
#2458=EDGE_CURVE('',#1988,#1991,#659,.T.);
#2459=EDGE_CURVE('',#1992,#1990,#660,.T.);
#2460=EDGE_CURVE('',#1992,#1991,#661,.T.);
#2461=EDGE_CURVE('',#1993,#1994,#662,.T.);
#2462=EDGE_CURVE('',#1995,#1993,#663,.T.);
#2463=EDGE_CURVE('',#1996,#1995,#664,.T.);
#2464=EDGE_CURVE('',#1996,#1994,#665,.T.);
#2465=EDGE_CURVE('',#1994,#1987,#666,.T.);
#2466=EDGE_CURVE('',#1989,#1996,#667,.T.);
#2467=EDGE_CURVE('',#1997,#1998,#668,.T.);
#2468=EDGE_CURVE('',#1999,#1997,#669,.T.);
#2469=EDGE_CURVE('',#2000,#1999,#670,.T.);
#2470=EDGE_CURVE('',#2000,#1998,#671,.T.);
#2471=EDGE_CURVE('',#2001,#2002,#672,.T.);
#2472=EDGE_CURVE('',#2003,#2001,#673,.T.);
#2473=EDGE_CURVE('',#2004,#2003,#674,.T.);
#2474=EDGE_CURVE('',#2004,#2002,#675,.T.);
#2475=EDGE_CURVE('',#2002,#1997,#676,.T.);
#2476=EDGE_CURVE('',#1999,#2004,#677,.T.);
#2477=EDGE_CURVE('',#2005,#2006,#678,.T.);
#2478=EDGE_CURVE('',#2007,#2005,#679,.T.);
#2479=EDGE_CURVE('',#2008,#2007,#680,.T.);
#2480=EDGE_CURVE('',#2008,#2006,#681,.T.);
#2481=EDGE_CURVE('',#2009,#2005,#682,.T.);
#2482=EDGE_CURVE('',#2010,#2009,#683,.T.);
#2483=EDGE_CURVE('',#2007,#2010,#684,.T.);
#2484=EDGE_CURVE('',#2011,#2009,#685,.T.);
#2485=EDGE_CURVE('',#2012,#2011,#686,.T.);
#2486=EDGE_CURVE('',#2010,#2012,#687,.T.);
#2487=EDGE_CURVE('',#2013,#2014,#688,.T.);
#2488=EDGE_CURVE('',#2015,#2013,#689,.T.);
#2489=EDGE_CURVE('',#2016,#2015,#690,.T.);
#2490=EDGE_CURVE('',#2016,#2014,#691,.T.);
#2491=EDGE_CURVE('',#2017,#2013,#692,.T.);
#2492=EDGE_CURVE('',#2018,#2017,#693,.T.);
#2493=EDGE_CURVE('',#2015,#2018,#694,.T.);
#2494=EDGE_CURVE('',#2019,#2017,#695,.T.);
#2495=EDGE_CURVE('',#2020,#2019,#696,.T.);
#2496=EDGE_CURVE('',#2018,#2020,#697,.T.);
#2497=EDGE_CURVE('',#2021,#2022,#698,.T.);
#2498=EDGE_CURVE('',#2023,#2021,#699,.T.);
#2499=EDGE_CURVE('',#2024,#2023,#700,.T.);
#2500=EDGE_CURVE('',#2024,#2022,#701,.T.);
#2501=EDGE_CURVE('',#2025,#2021,#702,.T.);
#2502=EDGE_CURVE('',#2026,#2025,#703,.T.);
#2503=EDGE_CURVE('',#2023,#2026,#704,.T.);
#2504=EDGE_CURVE('',#2027,#2025,#705,.T.);
#2505=EDGE_CURVE('',#2028,#2027,#706,.T.);
#2506=EDGE_CURVE('',#2026,#2028,#707,.T.);
#2507=EDGE_CURVE('',#2029,#2030,#708,.T.);
#2508=EDGE_CURVE('',#2031,#2029,#709,.T.);
#2509=EDGE_CURVE('',#2032,#2031,#710,.T.);
#2510=EDGE_CURVE('',#2032,#2030,#711,.T.);
#2511=EDGE_CURVE('',#2033,#2029,#712,.T.);
#2512=EDGE_CURVE('',#2034,#2033,#713,.T.);
#2513=EDGE_CURVE('',#2031,#2034,#714,.T.);
#2514=EDGE_CURVE('',#2035,#2033,#715,.T.);
#2515=EDGE_CURVE('',#2036,#2035,#716,.T.);
#2516=EDGE_CURVE('',#2034,#2036,#717,.T.);
#2517=EDGE_CURVE('',#2037,#2038,#718,.T.);
#2518=EDGE_CURVE('',#2039,#2037,#719,.T.);
#2519=EDGE_CURVE('',#2040,#2039,#720,.T.);
#2520=EDGE_CURVE('',#2040,#2038,#721,.T.);
#2521=EDGE_CURVE('',#2038,#2041,#722,.T.);
#2522=EDGE_CURVE('',#2042,#2040,#723,.T.);
#2523=EDGE_CURVE('',#2042,#2041,#724,.T.);
#2524=EDGE_CURVE('',#2041,#2043,#725,.T.);
#2525=EDGE_CURVE('',#2044,#2042,#726,.T.);
#2526=EDGE_CURVE('',#2044,#2043,#727,.T.);
#2527=EDGE_CURVE('',#2045,#2046,#728,.T.);
#2528=EDGE_CURVE('',#2047,#2045,#729,.T.);
#2529=EDGE_CURVE('',#2048,#2047,#730,.T.);
#2530=EDGE_CURVE('',#2048,#2046,#731,.T.);
#2531=EDGE_CURVE('',#2046,#2049,#732,.T.);
#2532=EDGE_CURVE('',#2050,#2048,#733,.T.);
#2533=EDGE_CURVE('',#2050,#2049,#734,.T.);
#2534=EDGE_CURVE('',#2049,#2051,#735,.T.);
#2535=EDGE_CURVE('',#2052,#2050,#736,.T.);
#2536=EDGE_CURVE('',#2052,#2051,#737,.T.);
#2537=EDGE_CURVE('',#2053,#2054,#738,.T.);
#2538=EDGE_CURVE('',#2055,#2053,#739,.T.);
#2539=EDGE_CURVE('',#2056,#2055,#740,.T.);
#2540=EDGE_CURVE('',#2056,#2054,#741,.T.);
#2541=EDGE_CURVE('',#2057,#2053,#742,.T.);
#2542=EDGE_CURVE('',#2058,#2057,#743,.T.);
#2543=EDGE_CURVE('',#2055,#2058,#744,.T.);
#2544=EDGE_CURVE('',#2059,#2057,#745,.T.);
#2545=EDGE_CURVE('',#2060,#2059,#746,.T.);
#2546=EDGE_CURVE('',#2058,#2060,#747,.T.);
#2547=EDGE_CURVE('',#2061,#2062,#748,.T.);
#2548=EDGE_CURVE('',#2063,#2061,#749,.T.);
#2549=EDGE_CURVE('',#2064,#2063,#750,.T.);
#2550=EDGE_CURVE('',#2064,#2062,#751,.T.);
#2551=EDGE_CURVE('',#2065,#2066,#752,.T.);
#2552=EDGE_CURVE('',#2067,#2065,#753,.T.);
#2553=EDGE_CURVE('',#2068,#2067,#754,.T.);
#2554=EDGE_CURVE('',#2068,#2066,#755,.T.);
#2555=EDGE_CURVE('',#2066,#2061,#756,.T.);
#2556=EDGE_CURVE('',#2063,#2068,#757,.T.);
#2557=EDGE_CURVE('',#2069,#2070,#758,.T.);
#2558=EDGE_CURVE('',#2071,#2069,#759,.T.);
#2559=EDGE_CURVE('',#2072,#2071,#760,.T.);
#2560=EDGE_CURVE('',#2072,#2070,#761,.T.);
#2561=EDGE_CURVE('',#2073,#2069,#762,.T.);
#2562=EDGE_CURVE('',#2074,#2073,#763,.T.);
#2563=EDGE_CURVE('',#2071,#2074,#764,.T.);
#2564=EDGE_CURVE('',#2075,#2073,#765,.T.);
#2565=EDGE_CURVE('',#2076,#2075,#766,.T.);
#2566=EDGE_CURVE('',#2074,#2076,#767,.T.);
#2567=EDGE_CURVE('',#2077,#2078,#768,.T.);
#2568=EDGE_CURVE('',#1985,#2078,#769,.T.);
#2569=EDGE_CURVE('',#1983,#1986,#770,.T.);
#2570=EDGE_CURVE('',#2079,#1981,#771,.T.);
#2571=EDGE_CURVE('',#2079,#2080,#772,.T.);
#2572=EDGE_CURVE('',#2081,#2080,#773,.T.);
#2573=EDGE_CURVE('',#2082,#2081,#774,.T.);
#2574=EDGE_CURVE('',#2083,#2082,#775,.T.);
#2575=EDGE_CURVE('',#2083,#2084,#776,.T.);
#2576=EDGE_CURVE('',#2077,#2084,#777,.T.);
#2577=EDGE_CURVE('',#2085,#2086,#778,.T.);
#2578=EDGE_CURVE('',#2043,#2086,#779,.T.);
#2579=EDGE_CURVE('',#2039,#2044,#780,.T.);
#2580=EDGE_CURVE('',#2087,#2037,#781,.T.);
#2581=EDGE_CURVE('',#2087,#2088,#782,.T.);
#2582=EDGE_CURVE('',#2089,#2088,#783,.T.);
#2583=EDGE_CURVE('',#2090,#2089,#784,.T.);
#2584=EDGE_CURVE('',#2091,#2090,#785,.T.);
#2585=EDGE_CURVE('',#2091,#2092,#786,.T.);
#2586=EDGE_CURVE('',#2085,#2092,#787,.T.);
#2587=EDGE_CURVE('',#2093,#2094,#788,.T.);
#2588=EDGE_CURVE('',#2051,#2094,#789,.T.);
#2589=EDGE_CURVE('',#2047,#2052,#790,.T.);
#2590=EDGE_CURVE('',#2095,#2045,#791,.T.);
#2591=EDGE_CURVE('',#2095,#2096,#792,.T.);
#2592=EDGE_CURVE('',#2097,#2096,#793,.T.);
#2593=EDGE_CURVE('',#2098,#2097,#794,.T.);
#2594=EDGE_CURVE('',#2099,#2098,#795,.T.);
#2595=EDGE_CURVE('',#2099,#2100,#796,.T.);
#2596=EDGE_CURVE('',#2093,#2100,#797,.T.);
#2597=EDGE_CURVE('',#2101,#2076,#798,.T.);
#2598=EDGE_CURVE('',#2074,#2101,#799,.T.);
#2599=EDGE_CURVE('',#2072,#2020,#800,.T.);
#2600=EDGE_CURVE('',#2018,#2071,#801,.T.);
#2601=EDGE_CURVE('',#2016,#1964,#802,.T.);
#2602=EDGE_CURVE('',#1962,#2015,#803,.T.);
#2603=EDGE_CURVE('',#1846,#1959,#804,.T.);
#2604=EDGE_CURVE('',#1986,#1845,#805,.T.);
#2605=EDGE_CURVE('',#2044,#1983,#806,.T.);
#2606=EDGE_CURVE('',#2052,#2039,#807,.T.);
#2607=EDGE_CURVE('',#1990,#2047,#808,.T.);
#2608=EDGE_CURVE('',#1976,#1995,#809,.T.);
#2609=EDGE_CURVE('',#2032,#1979,#810,.T.);
#2610=EDGE_CURVE('',#2056,#2036,#811,.T.);
#2611=EDGE_CURVE('',#2000,#2060,#812,.T.);
#2612=EDGE_CURVE('',#1968,#2003,#813,.T.);
#2613=EDGE_CURVE('',#2024,#1972,#814,.T.);
#2614=EDGE_CURVE('',#2064,#2028,#815,.T.);
#2615=EDGE_CURVE('',#2008,#2067,#816,.T.);
#2616=EDGE_CURVE('',#1960,#2012,#817,.T.);
#2617=EDGE_CURVE('',#2102,#2078,#818,.T.);
#2618=EDGE_CURVE('',#1944,#2102,#819,.T.);
#2619=EDGE_CURVE('',#1944,#1985,#820,.T.);
#2620=EDGE_CURVE('',#1958,#2103,#821,.T.);
#2621=EDGE_CURVE('',#2104,#2103,#822,.T.);
#2622=EDGE_CURVE('',#2105,#2104,#823,.T.);
#2623=EDGE_CURVE('',#2105,#2106,#824,.T.);
#2624=EDGE_CURVE('',#2011,#2106,#825,.T.);
#2625=EDGE_CURVE('',#2006,#2107,#826,.T.);
#2626=EDGE_CURVE('',#2108,#2107,#827,.T.);
#2627=EDGE_CURVE('',#2109,#2108,#828,.T.);
#2628=EDGE_CURVE('',#2109,#2110,#829,.T.);
#2629=EDGE_CURVE('',#2065,#2110,#830,.T.);
#2630=EDGE_CURVE('',#2062,#2111,#831,.T.);
#2631=EDGE_CURVE('',#2112,#2111,#832,.T.);
#2632=EDGE_CURVE('',#2113,#2112,#833,.T.);
#2633=EDGE_CURVE('',#2113,#2114,#834,.T.);
#2634=EDGE_CURVE('',#2027,#2114,#835,.T.);
#2635=EDGE_CURVE('',#2022,#2115,#836,.T.);
#2636=EDGE_CURVE('',#2116,#2115,#837,.T.);
#2637=EDGE_CURVE('',#2117,#2116,#838,.T.);
#2638=EDGE_CURVE('',#2117,#2118,#839,.T.);
#2639=EDGE_CURVE('',#1971,#2118,#840,.T.);
#2640=EDGE_CURVE('',#1966,#2119,#841,.T.);
#2641=EDGE_CURVE('',#2120,#2119,#842,.T.);
#2642=EDGE_CURVE('',#2121,#2120,#843,.T.);
#2643=EDGE_CURVE('',#2121,#2122,#844,.T.);
#2644=EDGE_CURVE('',#2001,#2122,#845,.T.);
#2645=EDGE_CURVE('',#1998,#2123,#846,.T.);
#2646=EDGE_CURVE('',#2124,#2123,#847,.T.);
#2647=EDGE_CURVE('',#2125,#2124,#848,.T.);
#2648=EDGE_CURVE('',#2125,#2126,#849,.T.);
#2649=EDGE_CURVE('',#2059,#2126,#850,.T.);
#2650=EDGE_CURVE('',#2054,#2127,#851,.T.);
#2651=EDGE_CURVE('',#2128,#2127,#852,.T.);
#2652=EDGE_CURVE('',#2129,#2128,#853,.T.);
#2653=EDGE_CURVE('',#2129,#2130,#854,.T.);
#2654=EDGE_CURVE('',#2035,#2130,#855,.T.);
#2655=EDGE_CURVE('',#2030,#2131,#856,.T.);
#2656=EDGE_CURVE('',#2132,#2131,#857,.T.);
#2657=EDGE_CURVE('',#2133,#2132,#858,.T.);
#2658=EDGE_CURVE('',#2133,#2134,#859,.T.);
#2659=EDGE_CURVE('',#1977,#2134,#860,.T.);
#2660=EDGE_CURVE('',#1974,#2135,#861,.T.);
#2661=EDGE_CURVE('',#2136,#2135,#862,.T.);
#2662=EDGE_CURVE('',#2137,#2136,#863,.T.);
#2663=EDGE_CURVE('',#2137,#2138,#864,.T.);
#2664=EDGE_CURVE('',#1993,#2138,#865,.T.);
#2665=EDGE_CURVE('',#2139,#1991,#866,.T.);
#2666=EDGE_CURVE('',#2140,#2139,#867,.T.);
#2667=EDGE_CURVE('',#2140,#2095,#868,.T.);
#2668=EDGE_CURVE('',#2141,#2094,#869,.T.);
#2669=EDGE_CURVE('',#2142,#2141,#870,.T.);
#2670=EDGE_CURVE('',#2142,#2087,#871,.T.);
#2671=EDGE_CURVE('',#2143,#2086,#872,.T.);
#2672=EDGE_CURVE('',#2144,#2143,#873,.T.);
#2673=EDGE_CURVE('',#2144,#2079,#874,.T.);
#2674=EDGE_CURVE('',#1985,#1839,#875,.T.);
#2675=EDGE_CURVE('',#1838,#2145,#876,.T.);
#2676=EDGE_CURVE('',#2146,#2145,#877,.T.);
#2677=EDGE_CURVE('',#2147,#2146,#878,.T.);
#2678=EDGE_CURVE('',#2147,#2148,#879,.T.);
#2679=EDGE_CURVE('',#2148,#2149,#880,.T.);
#2680=EDGE_CURVE('',#2150,#2149,#881,.T.);
#2681=EDGE_CURVE('',#2151,#2150,#882,.T.);
#2682=EDGE_CURVE('',#2151,#2152,#883,.T.);
#2683=EDGE_CURVE('',#2152,#2153,#884,.T.);
#2684=EDGE_CURVE('',#2154,#2153,#885,.T.);
#2685=EDGE_CURVE('',#2155,#2154,#886,.T.);
#2686=EDGE_CURVE('',#2155,#2156,#887,.T.);
#2687=EDGE_CURVE('',#2156,#2157,#888,.T.);
#2688=EDGE_CURVE('',#2158,#2157,#889,.T.);
#2689=EDGE_CURVE('',#2159,#2158,#890,.T.);
#2690=EDGE_CURVE('',#2160,#2159,#891,.T.);
#2691=EDGE_CURVE('',#2161,#2160,#892,.T.);
#2692=EDGE_CURVE('',#2162,#2161,#893,.T.);
#2693=EDGE_CURVE('',#2162,#2163,#894,.T.);
#2694=EDGE_CURVE('',#2075,#2163,#895,.T.);
#2695=EDGE_CURVE('',#2070,#2164,#896,.T.);
#2696=EDGE_CURVE('',#2165,#2164,#897,.T.);
#2697=EDGE_CURVE('',#2166,#2165,#898,.T.);
#2698=EDGE_CURVE('',#2166,#2167,#899,.T.);
#2699=EDGE_CURVE('',#2019,#2167,#900,.T.);
#2700=EDGE_CURVE('',#2014,#2168,#901,.T.);
#2701=EDGE_CURVE('',#2169,#2168,#902,.T.);
#2702=EDGE_CURVE('',#2170,#2169,#903,.T.);
#2703=EDGE_CURVE('',#2170,#2171,#904,.T.);
#2704=EDGE_CURVE('',#1963,#2171,#905,.T.);
#2705=EDGE_CURVE('',#1924,#2172,#906,.T.);
#2706=EDGE_CURVE('',#2173,#1923,#907,.T.);
#2707=EDGE_CURVE('',#2173,#2172,#908,.T.);
#2708=EDGE_CURVE('',#2174,#1921,#909,.T.);
#2709=EDGE_CURVE('',#2175,#2174,#910,.T.);
#2710=EDGE_CURVE('',#1922,#2175,#911,.T.);
#2711=EDGE_CURVE('',#2148,#2176,#912,.T.);
#2712=EDGE_CURVE('',#2177,#2147,#913,.T.);
#2713=EDGE_CURVE('',#2177,#2176,#914,.T.);
#2714=EDGE_CURVE('',#2176,#2145,#915,.T.);
#2715=EDGE_CURVE('',#2146,#2177,#916,.T.);
#2716=EDGE_CURVE('',#2178,#2157,#917,.T.);
#2717=EDGE_CURVE('',#2179,#2178,#918,.T.);
#2718=EDGE_CURVE('',#2158,#2179,#919,.T.);
#2719=EDGE_CURVE('',#1928,#2178,#920,.T.);
#2720=EDGE_CURVE('',#2179,#1927,#921,.T.);
#2721=EDGE_CURVE('',#2180,#1925,#922,.T.);
#2722=EDGE_CURVE('',#2181,#2180,#923,.T.);
#2723=EDGE_CURVE('',#1926,#2181,#924,.T.);
#2724=EDGE_CURVE('',#1920,#2182,#925,.T.);
#2725=EDGE_CURVE('',#2183,#1919,#926,.T.);
#2726=EDGE_CURVE('',#2183,#2182,#927,.T.);
#2727=EDGE_CURVE('',#2184,#1917,#928,.T.);
#2728=EDGE_CURVE('',#2185,#2184,#929,.T.);
#2729=EDGE_CURVE('',#1918,#2185,#930,.T.);
#2730=EDGE_CURVE('',#2186,#2187,#931,.T.);
#2731=EDGE_CURVE('',#2188,#2186,#932,.T.);
#2732=EDGE_CURVE('',#2189,#2188,#933,.T.);
#2733=EDGE_CURVE('',#2189,#2187,#934,.T.);
#2734=EDGE_CURVE('',#2187,#2149,#935,.T.);
#2735=EDGE_CURVE('',#2150,#2189,#936,.T.);
#2736=EDGE_CURVE('',#2152,#2186,#937,.T.);
#2737=EDGE_CURVE('',#2188,#2151,#938,.T.);
#2738=EDGE_CURVE('',#2190,#2191,#939,.T.);
#2739=EDGE_CURVE('',#2192,#2190,#940,.T.);
#2740=EDGE_CURVE('',#2193,#2192,#941,.T.);
#2741=EDGE_CURVE('',#2193,#2191,#942,.T.);
#2742=EDGE_CURVE('',#2191,#2153,#943,.T.);
#2743=EDGE_CURVE('',#2154,#2193,#944,.T.);
#2744=EDGE_CURVE('',#2156,#2190,#945,.T.);
#2745=EDGE_CURVE('',#2192,#2155,#946,.T.);
#2746=EDGE_CURVE('',#1916,#2194,#947,.T.);
#2747=EDGE_CURVE('',#2195,#1915,#948,.T.);
#2748=EDGE_CURVE('',#2195,#2194,#949,.T.);
#2749=EDGE_CURVE('',#2184,#2194,#950,.T.);
#2750=EDGE_CURVE('',#2180,#2172,#951,.T.);
#2751=EDGE_CURVE('',#1914,#2195,#952,.T.);
#2752=EDGE_CURVE('',#1913,#2196,#953,.T.);
#2753=EDGE_CURVE('',#2196,#1910,#954,.T.);
#2754=EDGE_CURVE('',#1909,#2197,#955,.T.);
#2755=EDGE_CURVE('',#2197,#2198,#956,.T.);
#2756=EDGE_CURVE('',#2198,#1906,#957,.T.);
#2757=EDGE_CURVE('',#1905,#2199,#958,.T.);
#2758=EDGE_CURVE('',#2199,#2200,#959,.T.);
#2759=EDGE_CURVE('',#2200,#1902,#960,.T.);
#2760=EDGE_CURVE('',#1901,#2201,#961,.T.);
#2761=EDGE_CURVE('',#2201,#2160,#962,.T.);
#2762=EDGE_CURVE('',#2181,#2159,#963,.T.);
#2763=EDGE_CURVE('',#2175,#2173,#964,.T.);
#2764=EDGE_CURVE('',#2174,#2182,#965,.T.);
#2765=EDGE_CURVE('',#2185,#2183,#966,.T.);
#2766=EDGE_CURVE('',#2146,#1847,#967,.T.);
#2767=EDGE_CURVE('',#2150,#2147,#968,.T.);
#2768=EDGE_CURVE('',#2154,#2151,#969,.T.);
#2769=EDGE_CURVE('',#2158,#2155,#970,.T.);
#2770=EDGE_CURVE('',#2173,#2181,#971,.T.);
#2771=EDGE_CURVE('',#2183,#2175,#972,.T.);
#2772=EDGE_CURVE('',#2195,#2185,#973,.T.);
#2773=EDGE_CURVE('',#2202,#1914,#974,.T.);
#2774=EDGE_CURVE('',#1952,#2202,#975,.T.);
#2775=EDGE_CURVE('',#2130,#2081,#976,.T.);
#2776=EDGE_CURVE('',#2082,#2129,#977,.T.);
#2777=EDGE_CURVE('',#2084,#2127,#978,.T.);
#2778=EDGE_CURVE('',#2128,#2083,#979,.T.);
#2779=EDGE_CURVE('',#2114,#1878,#980,.T.);
#2780=EDGE_CURVE('',#1879,#2113,#981,.T.);
#2781=EDGE_CURVE('',#1881,#2111,#982,.T.);
#2782=EDGE_CURVE('',#2112,#1880,#983,.T.);
#2783=EDGE_CURVE('',#2167,#1894,#984,.T.);
#2784=EDGE_CURVE('',#1895,#2166,#985,.T.);
#2785=EDGE_CURVE('',#1897,#2164,#986,.T.);
#2786=EDGE_CURVE('',#2165,#1896,#987,.T.);
#2787=EDGE_CURVE('',#2203,#2196,#988,.T.);
#2788=EDGE_CURVE('',#1911,#2203,#989,.T.);
#2789=EDGE_CURVE('',#2203,#1912,#990,.T.);
#2790=EDGE_CURVE('',#2204,#1900,#991,.T.);
#2791=EDGE_CURVE('',#2204,#2201,#992,.T.);
#2792=EDGE_CURVE('',#2161,#2204,#993,.T.);
#2793=EDGE_CURVE('',#2163,#1898,#994,.T.);
#2794=EDGE_CURVE('',#1899,#2162,#995,.T.);
#2795=EDGE_CURVE('',#1885,#2107,#996,.T.);
#2796=EDGE_CURVE('',#2108,#1884,#997,.T.);
#2797=EDGE_CURVE('',#2110,#1882,#998,.T.);
#2798=EDGE_CURVE('',#1883,#2109,#999,.T.);
#2799=EDGE_CURVE('',#2126,#1866,#1000,.T.);
#2800=EDGE_CURVE('',#1867,#2125,#1001,.T.);
#2801=EDGE_CURVE('',#1869,#2123,#1002,.T.);
#2802=EDGE_CURVE('',#2124,#1868,#1003,.T.);
#2803=EDGE_CURVE('',#2134,#2089,#1004,.T.);
#2804=EDGE_CURVE('',#2090,#2133,#1005,.T.);
#2805=EDGE_CURVE('',#2092,#2131,#1006,.T.);
#2806=EDGE_CURVE('',#2132,#2091,#1007,.T.);
#2807=EDGE_CURVE('',#2118,#1874,#1008,.T.);
#2808=EDGE_CURVE('',#1875,#2117,#1009,.T.);
#2809=EDGE_CURVE('',#1877,#2115,#1010,.T.);
#2810=EDGE_CURVE('',#2116,#1876,#1011,.T.);
#2811=EDGE_CURVE('',#2171,#1890,#1012,.T.);
#2812=EDGE_CURVE('',#1891,#2170,#1013,.T.);
#2813=EDGE_CURVE('',#1893,#2168,#1014,.T.);
#2814=EDGE_CURVE('',#2169,#1892,#1015,.T.);
#2815=EDGE_CURVE('',#2205,#1908,#1016,.T.);
#2816=EDGE_CURVE('',#2205,#2197,#1017,.T.);
#2817=EDGE_CURVE('',#2206,#2205,#1018,.T.);
#2818=EDGE_CURVE('',#2206,#2198,#1019,.T.);
#2819=EDGE_CURVE('',#1907,#2206,#1020,.T.);
#2820=EDGE_CURVE('',#2207,#1904,#1021,.T.);
#2821=EDGE_CURVE('',#2207,#2199,#1022,.T.);
#2822=EDGE_CURVE('',#2208,#2207,#1023,.T.);
#2823=EDGE_CURVE('',#2208,#2200,#1024,.T.);
#2824=EDGE_CURVE('',#1903,#2208,#1025,.T.);
#2825=EDGE_CURVE('',#2106,#1886,#1026,.T.);
#2826=EDGE_CURVE('',#1887,#2105,#1027,.T.);
#2827=EDGE_CURVE('',#1889,#2103,#1028,.T.);
#2828=EDGE_CURVE('',#2104,#1888,#1029,.T.);
#2829=EDGE_CURVE('',#1873,#2119,#1030,.T.);
#2830=EDGE_CURVE('',#2120,#1872,#1031,.T.);
#2831=EDGE_CURVE('',#2122,#1870,#1032,.T.);
#2832=EDGE_CURVE('',#1871,#2121,#1033,.T.);
#2833=EDGE_CURVE('',#2138,#2097,#1034,.T.);
#2834=EDGE_CURVE('',#2098,#2137,#1035,.T.);
#2835=EDGE_CURVE('',#2100,#2135,#1036,.T.);
#2836=EDGE_CURVE('',#2136,#2099,#1037,.T.);
#2837=EDGE_CURVE('',#2209,#2137,#1038,.T.);
#2838=EDGE_CURVE('',#2098,#2209,#1039,.T.);
#2839=EDGE_CURVE('',#2136,#2133,#1040,.T.);
#2840=EDGE_CURVE('',#2090,#2099,#1041,.T.);
#2841=EDGE_CURVE('',#2210,#2083,#1042,.T.);
#2842=EDGE_CURVE('',#2211,#2210,#1043,.T.);
#2843=EDGE_CURVE('',#1912,#2211,#1044,.T.);
#2844=EDGE_CURVE('',#2205,#2203,#1045,.T.);
#2845=EDGE_CURVE('',#2207,#2206,#1046,.T.);
#2846=EDGE_CURVE('',#2204,#2208,#1047,.T.);
#2847=EDGE_CURVE('',#2165,#2162,#1048,.T.);
#2848=EDGE_CURVE('',#2169,#2166,#1049,.T.);
#2849=EDGE_CURVE('',#2104,#2170,#1050,.T.);
#2850=EDGE_CURVE('',#2108,#2105,#1051,.T.);
#2851=EDGE_CURVE('',#2112,#2109,#1052,.T.);
#2852=EDGE_CURVE('',#2116,#2113,#1053,.T.);
#2853=EDGE_CURVE('',#2120,#2117,#1054,.T.);
#2854=EDGE_CURVE('',#2124,#2121,#1055,.T.);
#2855=EDGE_CURVE('',#2128,#2125,#1056,.T.);
#2856=EDGE_CURVE('',#2132,#2129,#1057,.T.);
#2857=EDGE_CURVE('',#2082,#2091,#1058,.T.);
#2858=EDGE_CURVE('',#2212,#2096,#1059,.T.);
#2859=EDGE_CURVE('',#2139,#2212,#1060,.T.);
#2860=EDGE_CURVE('',#1995,#1992,#1061,.T.);
#2861=EDGE_CURVE('',#1964,#1960,#1062,.T.);
#2862=EDGE_CURVE('',#1972,#1968,#1063,.T.);
#2863=EDGE_CURVE('',#2213,#2088,#1064,.T.);
#2864=EDGE_CURVE('',#2214,#2213,#1065,.T.);
#2865=EDGE_CURVE('',#2214,#2093,#1066,.T.);
#2866=EDGE_CURVE('',#1979,#1976,#1067,.T.);
#2867=EDGE_CURVE('',#2003,#2000,#1068,.T.);
#2868=EDGE_CURVE('',#2012,#2008,#1069,.T.);
#2869=EDGE_CURVE('',#2020,#2016,#1070,.T.);
#2870=EDGE_CURVE('',#2076,#2072,#1071,.T.);
#2871=EDGE_CURVE('',#2028,#2024,#1072,.T.);
#2872=EDGE_CURVE('',#2067,#2064,#1073,.T.);
#2873=EDGE_CURVE('',#2215,#2080,#1074,.T.);
#2874=EDGE_CURVE('',#2216,#2215,#1075,.T.);
#2875=EDGE_CURVE('',#2216,#2085,#1076,.T.);
#2876=EDGE_CURVE('',#2036,#2032,#1077,.T.);
#2877=EDGE_CURVE('',#2143,#2216,#1078,.T.);
#2878=EDGE_CURVE('',#2215,#2144,#1079,.T.);
#2879=EDGE_CURVE('',#1854,#2217,#1080,.T.);
#2880=EDGE_CURVE('',#1945,#2217,#1081,.T.);
#2881=EDGE_CURVE('',#2217,#1851,#1082,.T.);
#2882=EDGE_CURVE('',#1985,#2218,#1083,.T.);
#2883=EDGE_CURVE('',#1943,#2218,#1084,.T.);
#2884=EDGE_CURVE('',#2218,#1863,#1085,.T.);
#2885=EDGE_CURVE('',#2219,#2077,#1086,.T.);
#2886=EDGE_CURVE('',#2102,#2219,#1087,.T.);
#2887=EDGE_CURVE('',#2141,#2214,#1088,.T.);
#2888=EDGE_CURVE('',#2213,#2142,#1089,.T.);
#2889=EDGE_CURVE('',#2220,#2221,#1090,.T.);
#2890=EDGE_CURVE('',#1946,#2220,#1091,.T.);
#2891=EDGE_CURVE('',#1947,#2221,#1092,.T.);
#2892=EDGE_CURVE('',#2221,#1855,#1093,.T.);
#2893=EDGE_CURVE('',#1858,#2220,#1094,.T.);
#2894=EDGE_CURVE('',#2222,#2223,#1095,.T.);
#2895=EDGE_CURVE('',#1948,#2222,#1096,.T.);
#2896=EDGE_CURVE('',#1949,#2223,#1097,.T.);
#2897=EDGE_CURVE('',#2223,#1859,#1098,.T.);
#2898=EDGE_CURVE('',#1862,#2222,#1099,.T.);
#2899=EDGE_CURVE('',#2212,#2140,#1100,.T.);
#2900=EDGE_CURVE('',#2219,#1865,#1101,.T.);
#2901=EDGE_CURVE('',#2060,#2056,#1102,.T.);
#2902=EDGE_CURVE('',#2212,#2214,#1103,.T.);
#2903=EDGE_CURVE('',#2141,#2140,#1104,.T.);
#2904=EDGE_CURVE('',#2213,#2216,#1105,.T.);
#2905=EDGE_CURVE('',#2143,#2142,#1106,.T.);
#2906=EDGE_CURVE('',#2102,#2144,#1107,.T.);
#2907=EDGE_CURVE('',#2215,#2219,#1108,.T.);
#2908=EDGE_CURVE('',#1841,#2224,#1109,.T.);
#2909=EDGE_CURVE('',#2225,#2224,#1110,.T.);
#2910=EDGE_CURVE('',#2225,#1950,#1111,.T.);
#2911=EDGE_CURVE('',#2224,#1956,#1112,.T.);
#2912=EDGE_CURVE('',#1955,#2225,#1113,.T.);
#2913=EDGE_CURVE('',#2211,#2202,#36,.F.);
#2914=EDGE_CURVE('',#2226,#2211,#37,.F.);
#2915=EDGE_CURVE('',#2202,#2226,#38,.F.);
#2916=EDGE_CURVE('',#2101,#2159,#39,.F.);
#2917=EDGE_CURVE('',#2161,#2101,#40,.F.);
#2918=EDGE_CURVE('',#2159,#2161,#41,.F.);
#2919=EDGE_CURVE('',#2227,#1942,#42,.F.);
#2920=EDGE_CURVE('',#2210,#2227,#43,.F.);
#2921=EDGE_CURVE('',#1942,#2210,#44,.F.);
#2922=EDGE_CURVE('',#2227,#2226,#1114,.T.);
#2923=EDGE_CURVE('',#2139,#1992,#45,.F.);
#2924=EDGE_CURVE('',#2209,#2139,#46,.F.);
#2925=EDGE_CURVE('',#1992,#2209,#47,.F.);
#2926=EDGE_CURVE('',#1954,#2227,#1115,.T.);
#2927=EDGE_CURVE('',#2226,#1953,#1116,.T.);
#2928=ORIENTED_EDGE('',*,*,#2228,.T.);
#2929=ORIENTED_EDGE('',*,*,#2229,.T.);
#2930=ORIENTED_EDGE('',*,*,#2230,.T.);
#2931=ORIENTED_EDGE('',*,*,#2231,.T.);
#2932=ORIENTED_EDGE('',*,*,#2229,.F.);
#2933=ORIENTED_EDGE('',*,*,#2232,.T.);
#2934=ORIENTED_EDGE('',*,*,#2233,.T.);
#2935=ORIENTED_EDGE('',*,*,#2234,.F.);
#2936=ORIENTED_EDGE('',*,*,#2235,.T.);
#2937=ORIENTED_EDGE('',*,*,#2236,.F.);
#2938=ORIENTED_EDGE('',*,*,#2237,.F.);
#2939=ORIENTED_EDGE('',*,*,#2238,.F.);
#2940=ORIENTED_EDGE('',*,*,#2239,.T.);
#2941=ORIENTED_EDGE('',*,*,#2240,.F.);
#2942=ORIENTED_EDGE('',*,*,#2234,.T.);
#2943=ORIENTED_EDGE('',*,*,#2241,.T.);
#2944=ORIENTED_EDGE('',*,*,#2242,.T.);
#2945=ORIENTED_EDGE('',*,*,#2243,.T.);
#2946=ORIENTED_EDGE('',*,*,#2241,.F.);
#2947=ORIENTED_EDGE('',*,*,#2233,.F.);
#2948=ORIENTED_EDGE('',*,*,#2244,.F.);
#2949=ORIENTED_EDGE('',*,*,#2245,.F.);
#2950=ORIENTED_EDGE('',*,*,#2246,.T.);
#2951=ORIENTED_EDGE('',*,*,#2247,.T.);
#2952=ORIENTED_EDGE('',*,*,#2248,.T.);
#2953=ORIENTED_EDGE('',*,*,#2249,.T.);
#2954=ORIENTED_EDGE('',*,*,#2247,.F.);
#2955=ORIENTED_EDGE('',*,*,#2250,.T.);
#2956=ORIENTED_EDGE('',*,*,#2251,.T.);
#2957=ORIENTED_EDGE('',*,*,#2252,.F.);
#2958=ORIENTED_EDGE('',*,*,#2253,.T.);
#2959=ORIENTED_EDGE('',*,*,#2254,.F.);
#2960=ORIENTED_EDGE('',*,*,#2255,.F.);
#2961=ORIENTED_EDGE('',*,*,#2242,.F.);
#2962=ORIENTED_EDGE('',*,*,#2245,.T.);
#2963=ORIENTED_EDGE('',*,*,#2256,.F.);
#2964=ORIENTED_EDGE('',*,*,#2252,.T.);
#2965=ORIENTED_EDGE('',*,*,#2257,.T.);
#2966=ORIENTED_EDGE('',*,*,#2238,.T.);
#2967=ORIENTED_EDGE('',*,*,#2258,.T.);
#2968=ORIENTED_EDGE('',*,*,#2257,.F.);
#2969=ORIENTED_EDGE('',*,*,#2251,.F.);
#2970=ORIENTED_EDGE('',*,*,#2259,.F.);
#2971=ORIENTED_EDGE('',*,*,#2239,.F.);
#2972=ORIENTED_EDGE('',*,*,#2260,.F.);
#2973=ORIENTED_EDGE('',*,*,#2230,.F.);
#2974=ORIENTED_EDGE('',*,*,#2240,.T.);
#2975=ORIENTED_EDGE('',*,*,#2259,.T.);
#2976=ORIENTED_EDGE('',*,*,#2250,.F.);
#2977=ORIENTED_EDGE('',*,*,#2246,.F.);
#2978=ORIENTED_EDGE('',*,*,#2261,.F.);
#2979=ORIENTED_EDGE('',*,*,#2248,.F.);
#2980=ORIENTED_EDGE('',*,*,#2256,.T.);
#2981=ORIENTED_EDGE('',*,*,#2244,.T.);
#2982=ORIENTED_EDGE('',*,*,#2232,.F.);
#2983=ORIENTED_EDGE('',*,*,#2228,.F.);
#2984=ORIENTED_EDGE('',*,*,#2258,.F.);
#2985=ORIENTED_EDGE('',*,*,#2237,.T.);
#2986=ORIENTED_EDGE('',*,*,#2262,.F.);
#2987=ORIENTED_EDGE('',*,*,#2253,.F.);
#2988=ORIENTED_EDGE('',*,*,#2243,.F.);
#2989=ORIENTED_EDGE('',*,*,#2255,.T.);
#2990=ORIENTED_EDGE('',*,*,#2263,.F.);
#2991=ORIENTED_EDGE('',*,*,#2235,.F.);
#2992=ORIENTED_EDGE('',*,*,#2264,.F.);
#2993=ORIENTED_EDGE('',*,*,#2265,.T.);
#2994=ORIENTED_EDGE('',*,*,#2266,.T.);
#2995=ORIENTED_EDGE('',*,*,#2267,.F.);
#2996=ORIENTED_EDGE('',*,*,#2268,.F.);
#2997=ORIENTED_EDGE('',*,*,#2269,.F.);
#2998=ORIENTED_EDGE('',*,*,#2266,.F.);
#2999=ORIENTED_EDGE('',*,*,#2270,.F.);
#3000=ORIENTED_EDGE('',*,*,#2264,.T.);
#3001=ORIENTED_EDGE('',*,*,#2271,.F.);
#3002=ORIENTED_EDGE('',*,*,#2272,.F.);
#3003=ORIENTED_EDGE('',*,*,#2273,.F.);
#3004=ORIENTED_EDGE('',*,*,#2274,.F.);
#3005=ORIENTED_EDGE('',*,*,#2275,.F.);
#3006=ORIENTED_EDGE('',*,*,#2270,.T.);
#3007=ORIENTED_EDGE('',*,*,#2265,.F.);
#3008=ORIENTED_EDGE('',*,*,#2273,.T.);
#3009=ORIENTED_EDGE('',*,*,#2276,.F.);
#3010=ORIENTED_EDGE('',*,*,#2277,.F.);
#3011=ORIENTED_EDGE('',*,*,#2278,.F.);
#3012=ORIENTED_EDGE('',*,*,#2271,.T.);
#3013=ORIENTED_EDGE('',*,*,#2267,.T.);
#3014=ORIENTED_EDGE('',*,*,#2269,.T.);
#3015=ORIENTED_EDGE('',*,*,#2279,.F.);
#3016=ORIENTED_EDGE('',*,*,#2274,.T.);
#3017=ORIENTED_EDGE('',*,*,#2280,.T.);
#3018=ORIENTED_EDGE('',*,*,#2281,.T.);
#3019=ORIENTED_EDGE('',*,*,#2282,.T.);
#3020=ORIENTED_EDGE('',*,*,#2283,.T.);
#3021=ORIENTED_EDGE('',*,*,#2284,.T.);
#3022=ORIENTED_EDGE('',*,*,#2277,.T.);
#3023=ORIENTED_EDGE('',*,*,#2285,.T.);
#3024=ORIENTED_EDGE('',*,*,#2286,.T.);
#3025=ORIENTED_EDGE('',*,*,#2287,.T.);
#3026=ORIENTED_EDGE('',*,*,#2288,.T.);
#3027=ORIENTED_EDGE('',*,*,#2289,.F.);
#3028=ORIENTED_EDGE('',*,*,#2290,.T.);
#3029=ORIENTED_EDGE('',*,*,#2291,.F.);
#3030=ORIENTED_EDGE('',*,*,#2292,.T.);
#3031=ORIENTED_EDGE('',*,*,#2293,.T.);
#3032=ORIENTED_EDGE('',*,*,#2294,.T.);
#3033=ORIENTED_EDGE('',*,*,#2295,.T.);
#3034=ORIENTED_EDGE('',*,*,#2276,.T.);
#3035=ORIENTED_EDGE('',*,*,#2272,.T.);
#3036=ORIENTED_EDGE('',*,*,#2278,.T.);
#3037=ORIENTED_EDGE('',*,*,#2284,.F.);
#3038=ORIENTED_EDGE('',*,*,#2296,.F.);
#3039=ORIENTED_EDGE('',*,*,#2297,.F.);
#3040=ORIENTED_EDGE('',*,*,#2298,.F.);
#3041=ORIENTED_EDGE('',*,*,#2299,.T.);
#3042=ORIENTED_EDGE('',*,*,#2300,.F.);
#3043=ORIENTED_EDGE('',*,*,#2301,.F.);
#3044=ORIENTED_EDGE('',*,*,#2302,.F.);
#3045=ORIENTED_EDGE('',*,*,#2303,.T.);
#3046=ORIENTED_EDGE('',*,*,#2304,.F.);
#3047=ORIENTED_EDGE('',*,*,#2305,.F.);
#3048=ORIENTED_EDGE('',*,*,#2306,.F.);
#3049=ORIENTED_EDGE('',*,*,#2307,.T.);
#3050=ORIENTED_EDGE('',*,*,#2308,.F.);
#3051=ORIENTED_EDGE('',*,*,#2309,.F.);
#3052=ORIENTED_EDGE('',*,*,#2310,.F.);
#3053=ORIENTED_EDGE('',*,*,#2311,.T.);
#3054=ORIENTED_EDGE('',*,*,#2312,.F.);
#3055=ORIENTED_EDGE('',*,*,#2313,.F.);
#3056=ORIENTED_EDGE('',*,*,#2314,.T.);
#3057=ORIENTED_EDGE('',*,*,#2315,.T.);
#3058=ORIENTED_EDGE('',*,*,#2316,.F.);
#3059=ORIENTED_EDGE('',*,*,#2317,.F.);
#3060=ORIENTED_EDGE('',*,*,#2318,.T.);
#3061=ORIENTED_EDGE('',*,*,#2319,.T.);
#3062=ORIENTED_EDGE('',*,*,#2320,.F.);
#3063=ORIENTED_EDGE('',*,*,#2321,.F.);
#3064=ORIENTED_EDGE('',*,*,#2322,.T.);
#3065=ORIENTED_EDGE('',*,*,#2323,.T.);
#3066=ORIENTED_EDGE('',*,*,#2324,.F.);
#3067=ORIENTED_EDGE('',*,*,#2325,.F.);
#3068=ORIENTED_EDGE('',*,*,#2326,.T.);
#3069=ORIENTED_EDGE('',*,*,#2327,.T.);
#3070=ORIENTED_EDGE('',*,*,#2328,.F.);
#3071=ORIENTED_EDGE('',*,*,#2329,.F.);
#3072=ORIENTED_EDGE('',*,*,#2330,.T.);
#3073=ORIENTED_EDGE('',*,*,#2331,.T.);
#3074=ORIENTED_EDGE('',*,*,#2332,.F.);
#3075=ORIENTED_EDGE('',*,*,#2333,.F.);
#3076=ORIENTED_EDGE('',*,*,#2334,.T.);
#3077=ORIENTED_EDGE('',*,*,#2335,.T.);
#3078=ORIENTED_EDGE('',*,*,#2336,.F.);
#3079=ORIENTED_EDGE('',*,*,#2337,.F.);
#3080=ORIENTED_EDGE('',*,*,#2338,.T.);
#3081=ORIENTED_EDGE('',*,*,#2339,.T.);
#3082=ORIENTED_EDGE('',*,*,#2340,.F.);
#3083=ORIENTED_EDGE('',*,*,#2341,.F.);
#3084=ORIENTED_EDGE('',*,*,#2342,.T.);
#3085=ORIENTED_EDGE('',*,*,#2343,.T.);
#3086=ORIENTED_EDGE('',*,*,#2344,.F.);
#3087=ORIENTED_EDGE('',*,*,#2345,.F.);
#3088=ORIENTED_EDGE('',*,*,#2346,.T.);
#3089=ORIENTED_EDGE('',*,*,#2347,.T.);
#3090=ORIENTED_EDGE('',*,*,#2348,.F.);
#3091=ORIENTED_EDGE('',*,*,#2349,.F.);
#3092=ORIENTED_EDGE('',*,*,#2350,.T.);
#3093=ORIENTED_EDGE('',*,*,#2351,.T.);
#3094=ORIENTED_EDGE('',*,*,#2352,.F.);
#3095=ORIENTED_EDGE('',*,*,#2353,.F.);
#3096=ORIENTED_EDGE('',*,*,#2354,.T.);
#3097=ORIENTED_EDGE('',*,*,#2355,.T.);
#3098=ORIENTED_EDGE('',*,*,#2356,.F.);
#3099=ORIENTED_EDGE('',*,*,#2357,.F.);
#3100=ORIENTED_EDGE('',*,*,#2358,.T.);
#3101=ORIENTED_EDGE('',*,*,#2359,.T.);
#3102=ORIENTED_EDGE('',*,*,#2360,.F.);
#3103=ORIENTED_EDGE('',*,*,#2361,.T.);
#3104=ORIENTED_EDGE('',*,*,#2362,.F.);
#3105=ORIENTED_EDGE('',*,*,#2363,.F.);
#3106=ORIENTED_EDGE('',*,*,#2364,.F.);
#3107=ORIENTED_EDGE('',*,*,#2365,.T.);
#3108=ORIENTED_EDGE('',*,*,#2366,.F.);
#3109=ORIENTED_EDGE('',*,*,#2367,.F.);
#3110=ORIENTED_EDGE('',*,*,#2368,.F.);
#3111=ORIENTED_EDGE('',*,*,#2369,.T.);
#3112=ORIENTED_EDGE('',*,*,#2370,.F.);
#3113=ORIENTED_EDGE('',*,*,#2371,.F.);
#3114=ORIENTED_EDGE('',*,*,#2372,.F.);
#3115=ORIENTED_EDGE('',*,*,#2373,.T.);
#3116=ORIENTED_EDGE('',*,*,#2374,.F.);
#3117=ORIENTED_EDGE('',*,*,#2280,.F.);
#3118=ORIENTED_EDGE('',*,*,#2375,.F.);
#3119=ORIENTED_EDGE('',*,*,#2293,.F.);
#3120=ORIENTED_EDGE('',*,*,#2376,.F.);
#3121=ORIENTED_EDGE('',*,*,#2377,.T.);
#3122=ORIENTED_EDGE('',*,*,#2378,.F.);
#3123=ORIENTED_EDGE('',*,*,#2377,.F.);
#3124=ORIENTED_EDGE('',*,*,#2379,.F.);
#3125=ORIENTED_EDGE('',*,*,#2380,.F.);
#3126=ORIENTED_EDGE('',*,*,#2381,.F.);
#3127=ORIENTED_EDGE('',*,*,#2380,.T.);
#3128=ORIENTED_EDGE('',*,*,#2382,.F.);
#3129=ORIENTED_EDGE('',*,*,#2383,.F.);
#3130=ORIENTED_EDGE('',*,*,#2384,.F.);
#3131=ORIENTED_EDGE('',*,*,#2385,.T.);
#3132=ORIENTED_EDGE('',*,*,#2386,.F.);
#3133=ORIENTED_EDGE('',*,*,#2287,.F.);
#3134=ORIENTED_EDGE('',*,*,#2387,.F.);
#3135=ORIENTED_EDGE('',*,*,#2388,.F.);
#3136=ORIENTED_EDGE('',*,*,#2389,.F.);
#3137=ORIENTED_EDGE('',*,*,#2390,.T.);
#3138=ORIENTED_EDGE('',*,*,#2391,.F.);
#3139=ORIENTED_EDGE('',*,*,#2390,.F.);
#3140=ORIENTED_EDGE('',*,*,#2392,.F.);
#3141=ORIENTED_EDGE('',*,*,#2385,.F.);
#3142=ORIENTED_EDGE('',*,*,#2386,.T.);
#3143=ORIENTED_EDGE('',*,*,#2392,.T.);
#3144=ORIENTED_EDGE('',*,*,#2389,.T.);
#3145=ORIENTED_EDGE('',*,*,#2393,.F.);
#3146=ORIENTED_EDGE('',*,*,#2394,.F.);
#3147=ORIENTED_EDGE('',*,*,#2395,.F.);
#3148=ORIENTED_EDGE('',*,*,#2310,.T.);
#3149=ORIENTED_EDGE('',*,*,#2396,.T.);
#3150=ORIENTED_EDGE('',*,*,#2397,.T.);
#3151=ORIENTED_EDGE('',*,*,#2398,.F.);
#3152=ORIENTED_EDGE('',*,*,#2288,.F.);
#3153=ORIENTED_EDGE('',*,*,#2399,.T.);
#3154=ORIENTED_EDGE('',*,*,#2400,.T.);
#3155=ORIENTED_EDGE('',*,*,#2298,.T.);
#3156=ORIENTED_EDGE('',*,*,#2401,.T.);
#3157=ORIENTED_EDGE('',*,*,#2302,.T.);
#3158=ORIENTED_EDGE('',*,*,#2402,.T.);
#3159=ORIENTED_EDGE('',*,*,#2403,.T.);
#3160=ORIENTED_EDGE('',*,*,#2404,.T.);
#3161=ORIENTED_EDGE('',*,*,#2306,.T.);
#3162=ORIENTED_EDGE('',*,*,#2405,.T.);
#3163=ORIENTED_EDGE('',*,*,#2406,.T.);
#3164=ORIENTED_EDGE('',*,*,#2388,.T.);
#3165=ORIENTED_EDGE('',*,*,#2407,.T.);
#3166=ORIENTED_EDGE('',*,*,#2408,.T.);
#3167=ORIENTED_EDGE('',*,*,#2409,.T.);
#3168=ORIENTED_EDGE('',*,*,#2383,.T.);
#3169=ORIENTED_EDGE('',*,*,#2410,.T.);
#3170=ORIENTED_EDGE('',*,*,#2411,.F.);
#3171=ORIENTED_EDGE('',*,*,#2412,.T.);
#3172=ORIENTED_EDGE('',*,*,#2413,.F.);
#3173=ORIENTED_EDGE('',*,*,#2393,.T.);
#3174=ORIENTED_EDGE('',*,*,#2375,.T.);
#3175=ORIENTED_EDGE('',*,*,#2378,.T.);
#3176=ORIENTED_EDGE('',*,*,#2381,.T.);
#3177=ORIENTED_EDGE('',*,*,#2409,.F.);
#3178=ORIENTED_EDGE('',*,*,#2414,.F.);
#3179=ORIENTED_EDGE('',*,*,#2415,.F.);
#3180=ORIENTED_EDGE('',*,*,#2416,.F.);
#3181=ORIENTED_EDGE('',*,*,#2294,.F.);
#3182=ORIENTED_EDGE('',*,*,#2417,.F.);
#3183=ORIENTED_EDGE('',*,*,#2418,.F.);
#3184=ORIENTED_EDGE('',*,*,#2419,.F.);
#3185=ORIENTED_EDGE('',*,*,#2420,.T.);
#3186=ORIENTED_EDGE('',*,*,#2421,.F.);
#3187=ORIENTED_EDGE('',*,*,#2422,.F.);
#3188=ORIENTED_EDGE('',*,*,#2423,.F.);
#3189=ORIENTED_EDGE('',*,*,#2418,.T.);
#3190=ORIENTED_EDGE('',*,*,#2424,.F.);
#3191=ORIENTED_EDGE('',*,*,#2425,.F.);
#3192=ORIENTED_EDGE('',*,*,#2426,.F.);
#3193=ORIENTED_EDGE('',*,*,#2422,.T.);
#3194=ORIENTED_EDGE('',*,*,#2427,.F.);
#3195=ORIENTED_EDGE('',*,*,#2428,.F.);
#3196=ORIENTED_EDGE('',*,*,#2429,.F.);
#3197=ORIENTED_EDGE('',*,*,#2430,.T.);
#3198=ORIENTED_EDGE('',*,*,#2431,.F.);
#3199=ORIENTED_EDGE('',*,*,#2432,.F.);
#3200=ORIENTED_EDGE('',*,*,#2433,.F.);
#3201=ORIENTED_EDGE('',*,*,#2428,.T.);
#3202=ORIENTED_EDGE('',*,*,#2434,.F.);
#3203=ORIENTED_EDGE('',*,*,#2435,.F.);
#3204=ORIENTED_EDGE('',*,*,#2436,.F.);
#3205=ORIENTED_EDGE('',*,*,#2432,.T.);
#3206=ORIENTED_EDGE('',*,*,#2437,.F.);
#3207=ORIENTED_EDGE('',*,*,#2438,.F.);
#3208=ORIENTED_EDGE('',*,*,#2439,.F.);
#3209=ORIENTED_EDGE('',*,*,#2440,.T.);
#3210=ORIENTED_EDGE('',*,*,#2441,.F.);
#3211=ORIENTED_EDGE('',*,*,#2442,.F.);
#3212=ORIENTED_EDGE('',*,*,#2443,.F.);
#3213=ORIENTED_EDGE('',*,*,#2444,.T.);
#3214=ORIENTED_EDGE('',*,*,#2445,.F.);
#3215=ORIENTED_EDGE('',*,*,#2444,.F.);
#3216=ORIENTED_EDGE('',*,*,#2446,.F.);
#3217=ORIENTED_EDGE('',*,*,#2438,.T.);
#3218=ORIENTED_EDGE('',*,*,#2447,.F.);
#3219=ORIENTED_EDGE('',*,*,#2448,.F.);
#3220=ORIENTED_EDGE('',*,*,#2449,.F.);
#3221=ORIENTED_EDGE('',*,*,#2450,.T.);
#3222=ORIENTED_EDGE('',*,*,#2451,.F.);
#3223=ORIENTED_EDGE('',*,*,#2450,.F.);
#3224=ORIENTED_EDGE('',*,*,#2452,.F.);
#3225=ORIENTED_EDGE('',*,*,#2453,.T.);
#3226=ORIENTED_EDGE('',*,*,#2454,.F.);
#3227=ORIENTED_EDGE('',*,*,#2455,.F.);
#3228=ORIENTED_EDGE('',*,*,#2456,.F.);
#3229=ORIENTED_EDGE('',*,*,#2457,.T.);
#3230=ORIENTED_EDGE('',*,*,#2458,.F.);
#3231=ORIENTED_EDGE('',*,*,#2457,.F.);
#3232=ORIENTED_EDGE('',*,*,#2459,.F.);
#3233=ORIENTED_EDGE('',*,*,#2460,.T.);
#3234=ORIENTED_EDGE('',*,*,#2461,.F.);
#3235=ORIENTED_EDGE('',*,*,#2462,.F.);
#3236=ORIENTED_EDGE('',*,*,#2463,.F.);
#3237=ORIENTED_EDGE('',*,*,#2464,.T.);
#3238=ORIENTED_EDGE('',*,*,#2465,.F.);
#3239=ORIENTED_EDGE('',*,*,#2464,.F.);
#3240=ORIENTED_EDGE('',*,*,#2466,.F.);
#3241=ORIENTED_EDGE('',*,*,#2455,.T.);
#3242=ORIENTED_EDGE('',*,*,#2467,.F.);
#3243=ORIENTED_EDGE('',*,*,#2468,.F.);
#3244=ORIENTED_EDGE('',*,*,#2469,.F.);
#3245=ORIENTED_EDGE('',*,*,#2470,.T.);
#3246=ORIENTED_EDGE('',*,*,#2471,.F.);
#3247=ORIENTED_EDGE('',*,*,#2472,.F.);
#3248=ORIENTED_EDGE('',*,*,#2473,.F.);
#3249=ORIENTED_EDGE('',*,*,#2474,.T.);
#3250=ORIENTED_EDGE('',*,*,#2475,.F.);
#3251=ORIENTED_EDGE('',*,*,#2474,.F.);
#3252=ORIENTED_EDGE('',*,*,#2476,.F.);
#3253=ORIENTED_EDGE('',*,*,#2468,.T.);
#3254=ORIENTED_EDGE('',*,*,#2477,.F.);
#3255=ORIENTED_EDGE('',*,*,#2478,.F.);
#3256=ORIENTED_EDGE('',*,*,#2479,.F.);
#3257=ORIENTED_EDGE('',*,*,#2480,.T.);
#3258=ORIENTED_EDGE('',*,*,#2481,.F.);
#3259=ORIENTED_EDGE('',*,*,#2482,.F.);
#3260=ORIENTED_EDGE('',*,*,#2483,.F.);
#3261=ORIENTED_EDGE('',*,*,#2478,.T.);
#3262=ORIENTED_EDGE('',*,*,#2484,.F.);
#3263=ORIENTED_EDGE('',*,*,#2485,.F.);
#3264=ORIENTED_EDGE('',*,*,#2486,.F.);
#3265=ORIENTED_EDGE('',*,*,#2482,.T.);
#3266=ORIENTED_EDGE('',*,*,#2487,.F.);
#3267=ORIENTED_EDGE('',*,*,#2488,.F.);
#3268=ORIENTED_EDGE('',*,*,#2489,.F.);
#3269=ORIENTED_EDGE('',*,*,#2490,.T.);
#3270=ORIENTED_EDGE('',*,*,#2491,.F.);
#3271=ORIENTED_EDGE('',*,*,#2492,.F.);
#3272=ORIENTED_EDGE('',*,*,#2493,.F.);
#3273=ORIENTED_EDGE('',*,*,#2488,.T.);
#3274=ORIENTED_EDGE('',*,*,#2494,.F.);
#3275=ORIENTED_EDGE('',*,*,#2495,.F.);
#3276=ORIENTED_EDGE('',*,*,#2496,.F.);
#3277=ORIENTED_EDGE('',*,*,#2492,.T.);
#3278=ORIENTED_EDGE('',*,*,#2497,.F.);
#3279=ORIENTED_EDGE('',*,*,#2498,.F.);
#3280=ORIENTED_EDGE('',*,*,#2499,.F.);
#3281=ORIENTED_EDGE('',*,*,#2500,.T.);
#3282=ORIENTED_EDGE('',*,*,#2501,.F.);
#3283=ORIENTED_EDGE('',*,*,#2502,.F.);
#3284=ORIENTED_EDGE('',*,*,#2503,.F.);
#3285=ORIENTED_EDGE('',*,*,#2498,.T.);
#3286=ORIENTED_EDGE('',*,*,#2504,.F.);
#3287=ORIENTED_EDGE('',*,*,#2505,.F.);
#3288=ORIENTED_EDGE('',*,*,#2506,.F.);
#3289=ORIENTED_EDGE('',*,*,#2502,.T.);
#3290=ORIENTED_EDGE('',*,*,#2507,.F.);
#3291=ORIENTED_EDGE('',*,*,#2508,.F.);
#3292=ORIENTED_EDGE('',*,*,#2509,.F.);
#3293=ORIENTED_EDGE('',*,*,#2510,.T.);
#3294=ORIENTED_EDGE('',*,*,#2511,.F.);
#3295=ORIENTED_EDGE('',*,*,#2512,.F.);
#3296=ORIENTED_EDGE('',*,*,#2513,.F.);
#3297=ORIENTED_EDGE('',*,*,#2508,.T.);
#3298=ORIENTED_EDGE('',*,*,#2514,.F.);
#3299=ORIENTED_EDGE('',*,*,#2515,.F.);
#3300=ORIENTED_EDGE('',*,*,#2516,.F.);
#3301=ORIENTED_EDGE('',*,*,#2512,.T.);
#3302=ORIENTED_EDGE('',*,*,#2517,.F.);
#3303=ORIENTED_EDGE('',*,*,#2518,.F.);
#3304=ORIENTED_EDGE('',*,*,#2519,.F.);
#3305=ORIENTED_EDGE('',*,*,#2520,.T.);
#3306=ORIENTED_EDGE('',*,*,#2521,.F.);
#3307=ORIENTED_EDGE('',*,*,#2520,.F.);
#3308=ORIENTED_EDGE('',*,*,#2522,.F.);
#3309=ORIENTED_EDGE('',*,*,#2523,.T.);
#3310=ORIENTED_EDGE('',*,*,#2524,.F.);
#3311=ORIENTED_EDGE('',*,*,#2523,.F.);
#3312=ORIENTED_EDGE('',*,*,#2525,.F.);
#3313=ORIENTED_EDGE('',*,*,#2526,.T.);
#3314=ORIENTED_EDGE('',*,*,#2527,.F.);
#3315=ORIENTED_EDGE('',*,*,#2528,.F.);
#3316=ORIENTED_EDGE('',*,*,#2529,.F.);
#3317=ORIENTED_EDGE('',*,*,#2530,.T.);
#3318=ORIENTED_EDGE('',*,*,#2531,.F.);
#3319=ORIENTED_EDGE('',*,*,#2530,.F.);
#3320=ORIENTED_EDGE('',*,*,#2532,.F.);
#3321=ORIENTED_EDGE('',*,*,#2533,.T.);
#3322=ORIENTED_EDGE('',*,*,#2534,.F.);
#3323=ORIENTED_EDGE('',*,*,#2533,.F.);
#3324=ORIENTED_EDGE('',*,*,#2535,.F.);
#3325=ORIENTED_EDGE('',*,*,#2536,.T.);
#3326=ORIENTED_EDGE('',*,*,#2537,.F.);
#3327=ORIENTED_EDGE('',*,*,#2538,.F.);
#3328=ORIENTED_EDGE('',*,*,#2539,.F.);
#3329=ORIENTED_EDGE('',*,*,#2540,.T.);
#3330=ORIENTED_EDGE('',*,*,#2541,.F.);
#3331=ORIENTED_EDGE('',*,*,#2542,.F.);
#3332=ORIENTED_EDGE('',*,*,#2543,.F.);
#3333=ORIENTED_EDGE('',*,*,#2538,.T.);
#3334=ORIENTED_EDGE('',*,*,#2544,.F.);
#3335=ORIENTED_EDGE('',*,*,#2545,.F.);
#3336=ORIENTED_EDGE('',*,*,#2546,.F.);
#3337=ORIENTED_EDGE('',*,*,#2542,.T.);
#3338=ORIENTED_EDGE('',*,*,#2547,.F.);
#3339=ORIENTED_EDGE('',*,*,#2548,.F.);
#3340=ORIENTED_EDGE('',*,*,#2549,.F.);
#3341=ORIENTED_EDGE('',*,*,#2550,.T.);
#3342=ORIENTED_EDGE('',*,*,#2551,.F.);
#3343=ORIENTED_EDGE('',*,*,#2552,.F.);
#3344=ORIENTED_EDGE('',*,*,#2553,.F.);
#3345=ORIENTED_EDGE('',*,*,#2554,.T.);
#3346=ORIENTED_EDGE('',*,*,#2555,.F.);
#3347=ORIENTED_EDGE('',*,*,#2554,.F.);
#3348=ORIENTED_EDGE('',*,*,#2556,.F.);
#3349=ORIENTED_EDGE('',*,*,#2548,.T.);
#3350=ORIENTED_EDGE('',*,*,#2557,.F.);
#3351=ORIENTED_EDGE('',*,*,#2558,.F.);
#3352=ORIENTED_EDGE('',*,*,#2559,.F.);
#3353=ORIENTED_EDGE('',*,*,#2560,.T.);
#3354=ORIENTED_EDGE('',*,*,#2561,.F.);
#3355=ORIENTED_EDGE('',*,*,#2562,.F.);
#3356=ORIENTED_EDGE('',*,*,#2563,.F.);
#3357=ORIENTED_EDGE('',*,*,#2558,.T.);
#3358=ORIENTED_EDGE('',*,*,#2564,.F.);
#3359=ORIENTED_EDGE('',*,*,#2565,.F.);
#3360=ORIENTED_EDGE('',*,*,#2566,.F.);
#3361=ORIENTED_EDGE('',*,*,#2562,.T.);
#3362=ORIENTED_EDGE('',*,*,#2567,.T.);
#3363=ORIENTED_EDGE('',*,*,#2568,.F.);
#3364=ORIENTED_EDGE('',*,*,#2453,.F.);
#3365=ORIENTED_EDGE('',*,*,#2569,.F.);
#3366=ORIENTED_EDGE('',*,*,#2448,.T.);
#3367=ORIENTED_EDGE('',*,*,#2570,.F.);
#3368=ORIENTED_EDGE('',*,*,#2571,.T.);
#3369=ORIENTED_EDGE('',*,*,#2572,.F.);
#3370=ORIENTED_EDGE('',*,*,#2573,.F.);
#3371=ORIENTED_EDGE('',*,*,#2574,.F.);
#3372=ORIENTED_EDGE('',*,*,#2575,.T.);
#3373=ORIENTED_EDGE('',*,*,#2576,.F.);
#3374=ORIENTED_EDGE('',*,*,#2577,.T.);
#3375=ORIENTED_EDGE('',*,*,#2578,.F.);
#3376=ORIENTED_EDGE('',*,*,#2526,.F.);
#3377=ORIENTED_EDGE('',*,*,#2579,.F.);
#3378=ORIENTED_EDGE('',*,*,#2518,.T.);
#3379=ORIENTED_EDGE('',*,*,#2580,.F.);
#3380=ORIENTED_EDGE('',*,*,#2581,.T.);
#3381=ORIENTED_EDGE('',*,*,#2582,.F.);
#3382=ORIENTED_EDGE('',*,*,#2583,.F.);
#3383=ORIENTED_EDGE('',*,*,#2584,.F.);
#3384=ORIENTED_EDGE('',*,*,#2585,.T.);
#3385=ORIENTED_EDGE('',*,*,#2586,.F.);
#3386=ORIENTED_EDGE('',*,*,#2587,.T.);
#3387=ORIENTED_EDGE('',*,*,#2588,.F.);
#3388=ORIENTED_EDGE('',*,*,#2536,.F.);
#3389=ORIENTED_EDGE('',*,*,#2589,.F.);
#3390=ORIENTED_EDGE('',*,*,#2528,.T.);
#3391=ORIENTED_EDGE('',*,*,#2590,.F.);
#3392=ORIENTED_EDGE('',*,*,#2591,.T.);
#3393=ORIENTED_EDGE('',*,*,#2592,.F.);
#3394=ORIENTED_EDGE('',*,*,#2593,.F.);
#3395=ORIENTED_EDGE('',*,*,#2594,.F.);
#3396=ORIENTED_EDGE('',*,*,#2595,.T.);
#3397=ORIENTED_EDGE('',*,*,#2596,.F.);
#3398=ORIENTED_EDGE('',*,*,#2566,.T.);
#3399=ORIENTED_EDGE('',*,*,#2597,.F.);
#3400=ORIENTED_EDGE('',*,*,#2598,.F.);
#3401=ORIENTED_EDGE('',*,*,#2496,.T.);
#3402=ORIENTED_EDGE('',*,*,#2599,.F.);
#3403=ORIENTED_EDGE('',*,*,#2559,.T.);
#3404=ORIENTED_EDGE('',*,*,#2600,.F.);
#3405=ORIENTED_EDGE('',*,*,#2426,.T.);
#3406=ORIENTED_EDGE('',*,*,#2601,.F.);
#3407=ORIENTED_EDGE('',*,*,#2489,.T.);
#3408=ORIENTED_EDGE('',*,*,#2602,.F.);
#3409=ORIENTED_EDGE('',*,*,#2419,.T.);
#3410=ORIENTED_EDGE('',*,*,#2603,.F.);
#3411=ORIENTED_EDGE('',*,*,#2290,.F.);
#3412=ORIENTED_EDGE('',*,*,#2604,.F.);
#3413=ORIENTED_EDGE('',*,*,#2452,.T.);
#3414=ORIENTED_EDGE('',*,*,#2449,.T.);
#3415=ORIENTED_EDGE('',*,*,#2605,.F.);
#3416=ORIENTED_EDGE('',*,*,#2525,.T.);
#3417=ORIENTED_EDGE('',*,*,#2522,.T.);
#3418=ORIENTED_EDGE('',*,*,#2519,.T.);
#3419=ORIENTED_EDGE('',*,*,#2606,.F.);
#3420=ORIENTED_EDGE('',*,*,#2535,.T.);
#3421=ORIENTED_EDGE('',*,*,#2532,.T.);
#3422=ORIENTED_EDGE('',*,*,#2529,.T.);
#3423=ORIENTED_EDGE('',*,*,#2607,.F.);
#3424=ORIENTED_EDGE('',*,*,#2456,.T.);
#3425=ORIENTED_EDGE('',*,*,#2466,.T.);
#3426=ORIENTED_EDGE('',*,*,#2463,.T.);
#3427=ORIENTED_EDGE('',*,*,#2608,.F.);
#3428=ORIENTED_EDGE('',*,*,#2439,.T.);
#3429=ORIENTED_EDGE('',*,*,#2446,.T.);
#3430=ORIENTED_EDGE('',*,*,#2443,.T.);
#3431=ORIENTED_EDGE('',*,*,#2609,.F.);
#3432=ORIENTED_EDGE('',*,*,#2509,.T.);
#3433=ORIENTED_EDGE('',*,*,#2513,.T.);
#3434=ORIENTED_EDGE('',*,*,#2516,.T.);
#3435=ORIENTED_EDGE('',*,*,#2610,.F.);
#3436=ORIENTED_EDGE('',*,*,#2539,.T.);
#3437=ORIENTED_EDGE('',*,*,#2543,.T.);
#3438=ORIENTED_EDGE('',*,*,#2546,.T.);
#3439=ORIENTED_EDGE('',*,*,#2611,.F.);
#3440=ORIENTED_EDGE('',*,*,#2469,.T.);
#3441=ORIENTED_EDGE('',*,*,#2476,.T.);
#3442=ORIENTED_EDGE('',*,*,#2473,.T.);
#3443=ORIENTED_EDGE('',*,*,#2612,.F.);
#3444=ORIENTED_EDGE('',*,*,#2429,.T.);
#3445=ORIENTED_EDGE('',*,*,#2433,.T.);
#3446=ORIENTED_EDGE('',*,*,#2436,.T.);
#3447=ORIENTED_EDGE('',*,*,#2613,.F.);
#3448=ORIENTED_EDGE('',*,*,#2499,.T.);
#3449=ORIENTED_EDGE('',*,*,#2503,.T.);
#3450=ORIENTED_EDGE('',*,*,#2506,.T.);
#3451=ORIENTED_EDGE('',*,*,#2614,.F.);
#3452=ORIENTED_EDGE('',*,*,#2549,.T.);
#3453=ORIENTED_EDGE('',*,*,#2556,.T.);
#3454=ORIENTED_EDGE('',*,*,#2553,.T.);
#3455=ORIENTED_EDGE('',*,*,#2615,.F.);
#3456=ORIENTED_EDGE('',*,*,#2479,.T.);
#3457=ORIENTED_EDGE('',*,*,#2483,.T.);
#3458=ORIENTED_EDGE('',*,*,#2486,.T.);
#3459=ORIENTED_EDGE('',*,*,#2616,.F.);
#3460=ORIENTED_EDGE('',*,*,#2568,.T.);
#3461=ORIENTED_EDGE('',*,*,#2617,.F.);
#3462=ORIENTED_EDGE('',*,*,#2618,.F.);
#3463=ORIENTED_EDGE('',*,*,#2619,.T.);
#3464=ORIENTED_EDGE('',*,*,#2424,.T.);
#3465=ORIENTED_EDGE('',*,*,#2421,.T.);
#3466=ORIENTED_EDGE('',*,*,#2417,.T.);
#3467=ORIENTED_EDGE('',*,*,#2620,.T.);
#3468=ORIENTED_EDGE('',*,*,#2621,.F.);
#3469=ORIENTED_EDGE('',*,*,#2622,.F.);
#3470=ORIENTED_EDGE('',*,*,#2623,.T.);
#3471=ORIENTED_EDGE('',*,*,#2624,.F.);
#3472=ORIENTED_EDGE('',*,*,#2484,.T.);
#3473=ORIENTED_EDGE('',*,*,#2481,.T.);
#3474=ORIENTED_EDGE('',*,*,#2477,.T.);
#3475=ORIENTED_EDGE('',*,*,#2625,.T.);
#3476=ORIENTED_EDGE('',*,*,#2626,.F.);
#3477=ORIENTED_EDGE('',*,*,#2627,.F.);
#3478=ORIENTED_EDGE('',*,*,#2628,.T.);
#3479=ORIENTED_EDGE('',*,*,#2629,.F.);
#3480=ORIENTED_EDGE('',*,*,#2551,.T.);
#3481=ORIENTED_EDGE('',*,*,#2555,.T.);
#3482=ORIENTED_EDGE('',*,*,#2547,.T.);
#3483=ORIENTED_EDGE('',*,*,#2630,.T.);
#3484=ORIENTED_EDGE('',*,*,#2631,.F.);
#3485=ORIENTED_EDGE('',*,*,#2632,.F.);
#3486=ORIENTED_EDGE('',*,*,#2633,.T.);
#3487=ORIENTED_EDGE('',*,*,#2634,.F.);
#3488=ORIENTED_EDGE('',*,*,#2504,.T.);
#3489=ORIENTED_EDGE('',*,*,#2501,.T.);
#3490=ORIENTED_EDGE('',*,*,#2497,.T.);
#3491=ORIENTED_EDGE('',*,*,#2635,.T.);
#3492=ORIENTED_EDGE('',*,*,#2636,.F.);
#3493=ORIENTED_EDGE('',*,*,#2637,.F.);
#3494=ORIENTED_EDGE('',*,*,#2638,.T.);
#3495=ORIENTED_EDGE('',*,*,#2639,.F.);
#3496=ORIENTED_EDGE('',*,*,#2434,.T.);
#3497=ORIENTED_EDGE('',*,*,#2431,.T.);
#3498=ORIENTED_EDGE('',*,*,#2427,.T.);
#3499=ORIENTED_EDGE('',*,*,#2640,.T.);
#3500=ORIENTED_EDGE('',*,*,#2641,.F.);
#3501=ORIENTED_EDGE('',*,*,#2642,.F.);
#3502=ORIENTED_EDGE('',*,*,#2643,.T.);
#3503=ORIENTED_EDGE('',*,*,#2644,.F.);
#3504=ORIENTED_EDGE('',*,*,#2471,.T.);
#3505=ORIENTED_EDGE('',*,*,#2475,.T.);
#3506=ORIENTED_EDGE('',*,*,#2467,.T.);
#3507=ORIENTED_EDGE('',*,*,#2645,.T.);
#3508=ORIENTED_EDGE('',*,*,#2646,.F.);
#3509=ORIENTED_EDGE('',*,*,#2647,.F.);
#3510=ORIENTED_EDGE('',*,*,#2648,.T.);
#3511=ORIENTED_EDGE('',*,*,#2649,.F.);
#3512=ORIENTED_EDGE('',*,*,#2544,.T.);
#3513=ORIENTED_EDGE('',*,*,#2541,.T.);
#3514=ORIENTED_EDGE('',*,*,#2537,.T.);
#3515=ORIENTED_EDGE('',*,*,#2650,.T.);
#3516=ORIENTED_EDGE('',*,*,#2651,.F.);
#3517=ORIENTED_EDGE('',*,*,#2652,.F.);
#3518=ORIENTED_EDGE('',*,*,#2653,.T.);
#3519=ORIENTED_EDGE('',*,*,#2654,.F.);
#3520=ORIENTED_EDGE('',*,*,#2514,.T.);
#3521=ORIENTED_EDGE('',*,*,#2511,.T.);
#3522=ORIENTED_EDGE('',*,*,#2507,.T.);
#3523=ORIENTED_EDGE('',*,*,#2655,.T.);
#3524=ORIENTED_EDGE('',*,*,#2656,.F.);
#3525=ORIENTED_EDGE('',*,*,#2657,.F.);
#3526=ORIENTED_EDGE('',*,*,#2658,.T.);
#3527=ORIENTED_EDGE('',*,*,#2659,.F.);
#3528=ORIENTED_EDGE('',*,*,#2441,.T.);
#3529=ORIENTED_EDGE('',*,*,#2445,.T.);
#3530=ORIENTED_EDGE('',*,*,#2437,.T.);
#3531=ORIENTED_EDGE('',*,*,#2660,.T.);
#3532=ORIENTED_EDGE('',*,*,#2661,.F.);
#3533=ORIENTED_EDGE('',*,*,#2662,.F.);
#3534=ORIENTED_EDGE('',*,*,#2663,.T.);
#3535=ORIENTED_EDGE('',*,*,#2664,.F.);
#3536=ORIENTED_EDGE('',*,*,#2461,.T.);
#3537=ORIENTED_EDGE('',*,*,#2465,.T.);
#3538=ORIENTED_EDGE('',*,*,#2454,.T.);
#3539=ORIENTED_EDGE('',*,*,#2458,.T.);
#3540=ORIENTED_EDGE('',*,*,#2665,.F.);
#3541=ORIENTED_EDGE('',*,*,#2666,.F.);
#3542=ORIENTED_EDGE('',*,*,#2667,.T.);
#3543=ORIENTED_EDGE('',*,*,#2590,.T.);
#3544=ORIENTED_EDGE('',*,*,#2527,.T.);
#3545=ORIENTED_EDGE('',*,*,#2531,.T.);
#3546=ORIENTED_EDGE('',*,*,#2534,.T.);
#3547=ORIENTED_EDGE('',*,*,#2588,.T.);
#3548=ORIENTED_EDGE('',*,*,#2668,.F.);
#3549=ORIENTED_EDGE('',*,*,#2669,.F.);
#3550=ORIENTED_EDGE('',*,*,#2670,.T.);
#3551=ORIENTED_EDGE('',*,*,#2580,.T.);
#3552=ORIENTED_EDGE('',*,*,#2517,.T.);
#3553=ORIENTED_EDGE('',*,*,#2521,.T.);
#3554=ORIENTED_EDGE('',*,*,#2524,.T.);
#3555=ORIENTED_EDGE('',*,*,#2578,.T.);
#3556=ORIENTED_EDGE('',*,*,#2671,.F.);
#3557=ORIENTED_EDGE('',*,*,#2672,.F.);
#3558=ORIENTED_EDGE('',*,*,#2673,.T.);
#3559=ORIENTED_EDGE('',*,*,#2570,.T.);
#3560=ORIENTED_EDGE('',*,*,#2447,.T.);
#3561=ORIENTED_EDGE('',*,*,#2451,.T.);
#3562=ORIENTED_EDGE('',*,*,#2674,.T.);
#3563=ORIENTED_EDGE('',*,*,#2282,.F.);
#3564=ORIENTED_EDGE('',*,*,#2675,.T.);
#3565=ORIENTED_EDGE('',*,*,#2676,.F.);
#3566=ORIENTED_EDGE('',*,*,#2677,.F.);
#3567=ORIENTED_EDGE('',*,*,#2678,.T.);
#3568=ORIENTED_EDGE('',*,*,#2679,.T.);
#3569=ORIENTED_EDGE('',*,*,#2680,.F.);
#3570=ORIENTED_EDGE('',*,*,#2681,.F.);
#3571=ORIENTED_EDGE('',*,*,#2682,.T.);
#3572=ORIENTED_EDGE('',*,*,#2683,.T.);
#3573=ORIENTED_EDGE('',*,*,#2684,.F.);
#3574=ORIENTED_EDGE('',*,*,#2685,.F.);
#3575=ORIENTED_EDGE('',*,*,#2686,.T.);
#3576=ORIENTED_EDGE('',*,*,#2687,.T.);
#3577=ORIENTED_EDGE('',*,*,#2688,.F.);
#3578=ORIENTED_EDGE('',*,*,#2689,.F.);
#3579=ORIENTED_EDGE('',*,*,#2690,.F.);
#3580=ORIENTED_EDGE('',*,*,#2691,.F.);
#3581=ORIENTED_EDGE('',*,*,#2692,.F.);
#3582=ORIENTED_EDGE('',*,*,#2693,.T.);
#3583=ORIENTED_EDGE('',*,*,#2694,.F.);
#3584=ORIENTED_EDGE('',*,*,#2564,.T.);
#3585=ORIENTED_EDGE('',*,*,#2561,.T.);
#3586=ORIENTED_EDGE('',*,*,#2557,.T.);
#3587=ORIENTED_EDGE('',*,*,#2695,.T.);
#3588=ORIENTED_EDGE('',*,*,#2696,.F.);
#3589=ORIENTED_EDGE('',*,*,#2697,.F.);
#3590=ORIENTED_EDGE('',*,*,#2698,.T.);
#3591=ORIENTED_EDGE('',*,*,#2699,.F.);
#3592=ORIENTED_EDGE('',*,*,#2494,.T.);
#3593=ORIENTED_EDGE('',*,*,#2491,.T.);
#3594=ORIENTED_EDGE('',*,*,#2487,.T.);
#3595=ORIENTED_EDGE('',*,*,#2700,.T.);
#3596=ORIENTED_EDGE('',*,*,#2701,.F.);
#3597=ORIENTED_EDGE('',*,*,#2702,.F.);
#3598=ORIENTED_EDGE('',*,*,#2703,.T.);
#3599=ORIENTED_EDGE('',*,*,#2704,.F.);
#3600=ORIENTED_EDGE('',*,*,#2705,.F.);
#3601=ORIENTED_EDGE('',*,*,#2369,.F.);
#3602=ORIENTED_EDGE('',*,*,#2706,.F.);
#3603=ORIENTED_EDGE('',*,*,#2707,.T.);
#3604=ORIENTED_EDGE('',*,*,#2708,.F.);
#3605=ORIENTED_EDGE('',*,*,#2709,.F.);
#3606=ORIENTED_EDGE('',*,*,#2710,.F.);
#3607=ORIENTED_EDGE('',*,*,#2367,.T.);
#3608=ORIENTED_EDGE('',*,*,#2711,.F.);
#3609=ORIENTED_EDGE('',*,*,#2678,.F.);
#3610=ORIENTED_EDGE('',*,*,#2712,.F.);
#3611=ORIENTED_EDGE('',*,*,#2713,.T.);
#3612=ORIENTED_EDGE('',*,*,#2714,.F.);
#3613=ORIENTED_EDGE('',*,*,#2713,.F.);
#3614=ORIENTED_EDGE('',*,*,#2715,.F.);
#3615=ORIENTED_EDGE('',*,*,#2676,.T.);
#3616=ORIENTED_EDGE('',*,*,#2716,.F.);
#3617=ORIENTED_EDGE('',*,*,#2717,.F.);
#3618=ORIENTED_EDGE('',*,*,#2718,.F.);
#3619=ORIENTED_EDGE('',*,*,#2688,.T.);
#3620=ORIENTED_EDGE('',*,*,#2719,.F.);
#3621=ORIENTED_EDGE('',*,*,#2373,.F.);
#3622=ORIENTED_EDGE('',*,*,#2720,.F.);
#3623=ORIENTED_EDGE('',*,*,#2717,.T.);
#3624=ORIENTED_EDGE('',*,*,#2721,.F.);
#3625=ORIENTED_EDGE('',*,*,#2722,.F.);
#3626=ORIENTED_EDGE('',*,*,#2723,.F.);
#3627=ORIENTED_EDGE('',*,*,#2371,.T.);
#3628=ORIENTED_EDGE('',*,*,#2724,.F.);
#3629=ORIENTED_EDGE('',*,*,#2365,.F.);
#3630=ORIENTED_EDGE('',*,*,#2725,.F.);
#3631=ORIENTED_EDGE('',*,*,#2726,.T.);
#3632=ORIENTED_EDGE('',*,*,#2727,.F.);
#3633=ORIENTED_EDGE('',*,*,#2728,.F.);
#3634=ORIENTED_EDGE('',*,*,#2729,.F.);
#3635=ORIENTED_EDGE('',*,*,#2363,.T.);
#3636=ORIENTED_EDGE('',*,*,#2730,.F.);
#3637=ORIENTED_EDGE('',*,*,#2731,.F.);
#3638=ORIENTED_EDGE('',*,*,#2732,.F.);
#3639=ORIENTED_EDGE('',*,*,#2733,.T.);
#3640=ORIENTED_EDGE('',*,*,#2734,.F.);
#3641=ORIENTED_EDGE('',*,*,#2733,.F.);
#3642=ORIENTED_EDGE('',*,*,#2735,.F.);
#3643=ORIENTED_EDGE('',*,*,#2680,.T.);
#3644=ORIENTED_EDGE('',*,*,#2736,.F.);
#3645=ORIENTED_EDGE('',*,*,#2682,.F.);
#3646=ORIENTED_EDGE('',*,*,#2737,.F.);
#3647=ORIENTED_EDGE('',*,*,#2731,.T.);
#3648=ORIENTED_EDGE('',*,*,#2738,.F.);
#3649=ORIENTED_EDGE('',*,*,#2739,.F.);
#3650=ORIENTED_EDGE('',*,*,#2740,.F.);
#3651=ORIENTED_EDGE('',*,*,#2741,.T.);
#3652=ORIENTED_EDGE('',*,*,#2742,.F.);
#3653=ORIENTED_EDGE('',*,*,#2741,.F.);
#3654=ORIENTED_EDGE('',*,*,#2743,.F.);
#3655=ORIENTED_EDGE('',*,*,#2684,.T.);
#3656=ORIENTED_EDGE('',*,*,#2744,.F.);
#3657=ORIENTED_EDGE('',*,*,#2686,.F.);
#3658=ORIENTED_EDGE('',*,*,#2745,.F.);
#3659=ORIENTED_EDGE('',*,*,#2739,.T.);
#3660=ORIENTED_EDGE('',*,*,#2746,.F.);
#3661=ORIENTED_EDGE('',*,*,#2361,.F.);
#3662=ORIENTED_EDGE('',*,*,#2747,.F.);
#3663=ORIENTED_EDGE('',*,*,#2748,.T.);
#3664=ORIENTED_EDGE('',*,*,#2711,.T.);
#3665=ORIENTED_EDGE('',*,*,#2714,.T.);
#3666=ORIENTED_EDGE('',*,*,#2675,.F.);
#3667=ORIENTED_EDGE('',*,*,#2281,.F.);
#3668=ORIENTED_EDGE('',*,*,#2374,.T.);
#3669=ORIENTED_EDGE('',*,*,#2719,.T.);
#3670=ORIENTED_EDGE('',*,*,#2716,.T.);
#3671=ORIENTED_EDGE('',*,*,#2687,.F.);
#3672=ORIENTED_EDGE('',*,*,#2744,.T.);
#3673=ORIENTED_EDGE('',*,*,#2738,.T.);
#3674=ORIENTED_EDGE('',*,*,#2742,.T.);
#3675=ORIENTED_EDGE('',*,*,#2683,.F.);
#3676=ORIENTED_EDGE('',*,*,#2736,.T.);
#3677=ORIENTED_EDGE('',*,*,#2730,.T.);
#3678=ORIENTED_EDGE('',*,*,#2734,.T.);
#3679=ORIENTED_EDGE('',*,*,#2679,.F.);
#3680=ORIENTED_EDGE('',*,*,#2727,.T.);
#3681=ORIENTED_EDGE('',*,*,#2362,.T.);
#3682=ORIENTED_EDGE('',*,*,#2746,.T.);
#3683=ORIENTED_EDGE('',*,*,#2749,.F.);
#3684=ORIENTED_EDGE('',*,*,#2705,.T.);
#3685=ORIENTED_EDGE('',*,*,#2750,.F.);
#3686=ORIENTED_EDGE('',*,*,#2721,.T.);
#3687=ORIENTED_EDGE('',*,*,#2370,.T.);
#3688=ORIENTED_EDGE('',*,*,#2749,.T.);
#3689=ORIENTED_EDGE('',*,*,#2748,.F.);
#3690=ORIENTED_EDGE('',*,*,#2751,.F.);
#3691=ORIENTED_EDGE('',*,*,#2359,.F.);
#3692=ORIENTED_EDGE('',*,*,#2752,.T.);
#3693=ORIENTED_EDGE('',*,*,#2753,.T.);
#3694=ORIENTED_EDGE('',*,*,#2355,.F.);
#3695=ORIENTED_EDGE('',*,*,#2754,.T.);
#3696=ORIENTED_EDGE('',*,*,#2755,.T.);
#3697=ORIENTED_EDGE('',*,*,#2756,.T.);
#3698=ORIENTED_EDGE('',*,*,#2351,.F.);
#3699=ORIENTED_EDGE('',*,*,#2757,.T.);
#3700=ORIENTED_EDGE('',*,*,#2758,.T.);
#3701=ORIENTED_EDGE('',*,*,#2759,.T.);
#3702=ORIENTED_EDGE('',*,*,#2347,.F.);
#3703=ORIENTED_EDGE('',*,*,#2760,.T.);
#3704=ORIENTED_EDGE('',*,*,#2761,.T.);
#3705=ORIENTED_EDGE('',*,*,#2690,.T.);
#3706=ORIENTED_EDGE('',*,*,#2762,.F.);
#3707=ORIENTED_EDGE('',*,*,#2722,.T.);
#3708=ORIENTED_EDGE('',*,*,#2750,.T.);
#3709=ORIENTED_EDGE('',*,*,#2707,.F.);
#3710=ORIENTED_EDGE('',*,*,#2763,.F.);
#3711=ORIENTED_EDGE('',*,*,#2709,.T.);
#3712=ORIENTED_EDGE('',*,*,#2764,.T.);
#3713=ORIENTED_EDGE('',*,*,#2726,.F.);
#3714=ORIENTED_EDGE('',*,*,#2765,.F.);
#3715=ORIENTED_EDGE('',*,*,#2728,.T.);
#3716=ORIENTED_EDGE('',*,*,#2376,.T.);
#3717=ORIENTED_EDGE('',*,*,#2292,.F.);
#3718=ORIENTED_EDGE('',*,*,#2766,.F.);
#3719=ORIENTED_EDGE('',*,*,#2715,.T.);
#3720=ORIENTED_EDGE('',*,*,#2712,.T.);
#3721=ORIENTED_EDGE('',*,*,#2767,.F.);
#3722=ORIENTED_EDGE('',*,*,#2735,.T.);
#3723=ORIENTED_EDGE('',*,*,#2732,.T.);
#3724=ORIENTED_EDGE('',*,*,#2737,.T.);
#3725=ORIENTED_EDGE('',*,*,#2768,.F.);
#3726=ORIENTED_EDGE('',*,*,#2743,.T.);
#3727=ORIENTED_EDGE('',*,*,#2740,.T.);
#3728=ORIENTED_EDGE('',*,*,#2745,.T.);
#3729=ORIENTED_EDGE('',*,*,#2769,.F.);
#3730=ORIENTED_EDGE('',*,*,#2718,.T.);
#3731=ORIENTED_EDGE('',*,*,#2720,.T.);
#3732=ORIENTED_EDGE('',*,*,#2372,.T.);
#3733=ORIENTED_EDGE('',*,*,#2723,.T.);
#3734=ORIENTED_EDGE('',*,*,#2770,.F.);
#3735=ORIENTED_EDGE('',*,*,#2706,.T.);
#3736=ORIENTED_EDGE('',*,*,#2368,.T.);
#3737=ORIENTED_EDGE('',*,*,#2710,.T.);
#3738=ORIENTED_EDGE('',*,*,#2771,.F.);
#3739=ORIENTED_EDGE('',*,*,#2725,.T.);
#3740=ORIENTED_EDGE('',*,*,#2364,.T.);
#3741=ORIENTED_EDGE('',*,*,#2729,.T.);
#3742=ORIENTED_EDGE('',*,*,#2772,.F.);
#3743=ORIENTED_EDGE('',*,*,#2747,.T.);
#3744=ORIENTED_EDGE('',*,*,#2360,.T.);
#3745=ORIENTED_EDGE('',*,*,#2773,.F.);
#3746=ORIENTED_EDGE('',*,*,#2774,.F.);
#3747=ORIENTED_EDGE('',*,*,#2410,.F.);
#3748=ORIENTED_EDGE('',*,*,#2382,.T.);
#3749=ORIENTED_EDGE('',*,*,#2379,.T.);
#3750=ORIENTED_EDGE('',*,*,#2775,.F.);
#3751=ORIENTED_EDGE('',*,*,#2653,.F.);
#3752=ORIENTED_EDGE('',*,*,#2776,.F.);
#3753=ORIENTED_EDGE('',*,*,#2573,.T.);
#3754=ORIENTED_EDGE('',*,*,#2777,.F.);
#3755=ORIENTED_EDGE('',*,*,#2575,.F.);
#3756=ORIENTED_EDGE('',*,*,#2778,.F.);
#3757=ORIENTED_EDGE('',*,*,#2651,.T.);
#3758=ORIENTED_EDGE('',*,*,#2779,.F.);
#3759=ORIENTED_EDGE('',*,*,#2633,.F.);
#3760=ORIENTED_EDGE('',*,*,#2780,.F.);
#3761=ORIENTED_EDGE('',*,*,#2324,.T.);
#3762=ORIENTED_EDGE('',*,*,#2781,.F.);
#3763=ORIENTED_EDGE('',*,*,#2326,.F.);
#3764=ORIENTED_EDGE('',*,*,#2782,.F.);
#3765=ORIENTED_EDGE('',*,*,#2631,.T.);
#3766=ORIENTED_EDGE('',*,*,#2783,.F.);
#3767=ORIENTED_EDGE('',*,*,#2698,.F.);
#3768=ORIENTED_EDGE('',*,*,#2784,.F.);
#3769=ORIENTED_EDGE('',*,*,#2340,.T.);
#3770=ORIENTED_EDGE('',*,*,#2785,.F.);
#3771=ORIENTED_EDGE('',*,*,#2342,.F.);
#3772=ORIENTED_EDGE('',*,*,#2786,.F.);
#3773=ORIENTED_EDGE('',*,*,#2696,.T.);
#3774=ORIENTED_EDGE('',*,*,#2753,.F.);
#3775=ORIENTED_EDGE('',*,*,#2787,.F.);
#3776=ORIENTED_EDGE('',*,*,#2788,.F.);
#3777=ORIENTED_EDGE('',*,*,#2356,.T.);
#3778=ORIENTED_EDGE('',*,*,#2752,.F.);
#3779=ORIENTED_EDGE('',*,*,#2358,.F.);
#3780=ORIENTED_EDGE('',*,*,#2789,.F.);
#3781=ORIENTED_EDGE('',*,*,#2787,.T.);
#3782=ORIENTED_EDGE('',*,*,#2760,.F.);
#3783=ORIENTED_EDGE('',*,*,#2346,.F.);
#3784=ORIENTED_EDGE('',*,*,#2790,.F.);
#3785=ORIENTED_EDGE('',*,*,#2791,.T.);
#3786=ORIENTED_EDGE('',*,*,#2761,.F.);
#3787=ORIENTED_EDGE('',*,*,#2791,.F.);
#3788=ORIENTED_EDGE('',*,*,#2792,.F.);
#3789=ORIENTED_EDGE('',*,*,#2691,.T.);
#3790=ORIENTED_EDGE('',*,*,#2793,.F.);
#3791=ORIENTED_EDGE('',*,*,#2693,.F.);
#3792=ORIENTED_EDGE('',*,*,#2794,.F.);
#3793=ORIENTED_EDGE('',*,*,#2344,.T.);
#3794=ORIENTED_EDGE('',*,*,#2795,.F.);
#3795=ORIENTED_EDGE('',*,*,#2330,.F.);
#3796=ORIENTED_EDGE('',*,*,#2796,.F.);
#3797=ORIENTED_EDGE('',*,*,#2626,.T.);
#3798=ORIENTED_EDGE('',*,*,#2797,.F.);
#3799=ORIENTED_EDGE('',*,*,#2628,.F.);
#3800=ORIENTED_EDGE('',*,*,#2798,.F.);
#3801=ORIENTED_EDGE('',*,*,#2328,.T.);
#3802=ORIENTED_EDGE('',*,*,#2799,.F.);
#3803=ORIENTED_EDGE('',*,*,#2648,.F.);
#3804=ORIENTED_EDGE('',*,*,#2800,.F.);
#3805=ORIENTED_EDGE('',*,*,#2312,.T.);
#3806=ORIENTED_EDGE('',*,*,#2801,.F.);
#3807=ORIENTED_EDGE('',*,*,#2314,.F.);
#3808=ORIENTED_EDGE('',*,*,#2802,.F.);
#3809=ORIENTED_EDGE('',*,*,#2646,.T.);
#3810=ORIENTED_EDGE('',*,*,#2803,.F.);
#3811=ORIENTED_EDGE('',*,*,#2658,.F.);
#3812=ORIENTED_EDGE('',*,*,#2804,.F.);
#3813=ORIENTED_EDGE('',*,*,#2583,.T.);
#3814=ORIENTED_EDGE('',*,*,#2805,.F.);
#3815=ORIENTED_EDGE('',*,*,#2585,.F.);
#3816=ORIENTED_EDGE('',*,*,#2806,.F.);
#3817=ORIENTED_EDGE('',*,*,#2656,.T.);
#3818=ORIENTED_EDGE('',*,*,#2807,.F.);
#3819=ORIENTED_EDGE('',*,*,#2638,.F.);
#3820=ORIENTED_EDGE('',*,*,#2808,.F.);
#3821=ORIENTED_EDGE('',*,*,#2320,.T.);
#3822=ORIENTED_EDGE('',*,*,#2809,.F.);
#3823=ORIENTED_EDGE('',*,*,#2322,.F.);
#3824=ORIENTED_EDGE('',*,*,#2810,.F.);
#3825=ORIENTED_EDGE('',*,*,#2636,.T.);
#3826=ORIENTED_EDGE('',*,*,#2811,.F.);
#3827=ORIENTED_EDGE('',*,*,#2703,.F.);
#3828=ORIENTED_EDGE('',*,*,#2812,.F.);
#3829=ORIENTED_EDGE('',*,*,#2336,.T.);
#3830=ORIENTED_EDGE('',*,*,#2813,.F.);
#3831=ORIENTED_EDGE('',*,*,#2338,.F.);
#3832=ORIENTED_EDGE('',*,*,#2814,.F.);
#3833=ORIENTED_EDGE('',*,*,#2701,.T.);
#3834=ORIENTED_EDGE('',*,*,#2754,.F.);
#3835=ORIENTED_EDGE('',*,*,#2354,.F.);
#3836=ORIENTED_EDGE('',*,*,#2815,.F.);
#3837=ORIENTED_EDGE('',*,*,#2816,.T.);
#3838=ORIENTED_EDGE('',*,*,#2755,.F.);
#3839=ORIENTED_EDGE('',*,*,#2816,.F.);
#3840=ORIENTED_EDGE('',*,*,#2817,.F.);
#3841=ORIENTED_EDGE('',*,*,#2818,.T.);
#3842=ORIENTED_EDGE('',*,*,#2756,.F.);
#3843=ORIENTED_EDGE('',*,*,#2818,.F.);
#3844=ORIENTED_EDGE('',*,*,#2819,.F.);
#3845=ORIENTED_EDGE('',*,*,#2352,.T.);
#3846=ORIENTED_EDGE('',*,*,#2757,.F.);
#3847=ORIENTED_EDGE('',*,*,#2350,.F.);
#3848=ORIENTED_EDGE('',*,*,#2820,.F.);
#3849=ORIENTED_EDGE('',*,*,#2821,.T.);
#3850=ORIENTED_EDGE('',*,*,#2758,.F.);
#3851=ORIENTED_EDGE('',*,*,#2821,.F.);
#3852=ORIENTED_EDGE('',*,*,#2822,.F.);
#3853=ORIENTED_EDGE('',*,*,#2823,.T.);
#3854=ORIENTED_EDGE('',*,*,#2759,.F.);
#3855=ORIENTED_EDGE('',*,*,#2823,.F.);
#3856=ORIENTED_EDGE('',*,*,#2824,.F.);
#3857=ORIENTED_EDGE('',*,*,#2348,.T.);
#3858=ORIENTED_EDGE('',*,*,#2825,.F.);
#3859=ORIENTED_EDGE('',*,*,#2623,.F.);
#3860=ORIENTED_EDGE('',*,*,#2826,.F.);
#3861=ORIENTED_EDGE('',*,*,#2332,.T.);
#3862=ORIENTED_EDGE('',*,*,#2827,.F.);
#3863=ORIENTED_EDGE('',*,*,#2334,.F.);
#3864=ORIENTED_EDGE('',*,*,#2828,.F.);
#3865=ORIENTED_EDGE('',*,*,#2621,.T.);
#3866=ORIENTED_EDGE('',*,*,#2829,.F.);
#3867=ORIENTED_EDGE('',*,*,#2318,.F.);
#3868=ORIENTED_EDGE('',*,*,#2830,.F.);
#3869=ORIENTED_EDGE('',*,*,#2641,.T.);
#3870=ORIENTED_EDGE('',*,*,#2831,.F.);
#3871=ORIENTED_EDGE('',*,*,#2643,.F.);
#3872=ORIENTED_EDGE('',*,*,#2832,.F.);
#3873=ORIENTED_EDGE('',*,*,#2316,.T.);
#3874=ORIENTED_EDGE('',*,*,#2833,.F.);
#3875=ORIENTED_EDGE('',*,*,#2663,.F.);
#3876=ORIENTED_EDGE('',*,*,#2834,.F.);
#3877=ORIENTED_EDGE('',*,*,#2593,.T.);
#3878=ORIENTED_EDGE('',*,*,#2835,.F.);
#3879=ORIENTED_EDGE('',*,*,#2595,.F.);
#3880=ORIENTED_EDGE('',*,*,#2836,.F.);
#3881=ORIENTED_EDGE('',*,*,#2661,.T.);
#3882=ORIENTED_EDGE('',*,*,#2834,.T.);
#3883=ORIENTED_EDGE('',*,*,#2837,.F.);
#3884=ORIENTED_EDGE('',*,*,#2838,.F.);
#3885=ORIENTED_EDGE('',*,*,#2804,.T.);
#3886=ORIENTED_EDGE('',*,*,#2839,.F.);
#3887=ORIENTED_EDGE('',*,*,#2836,.T.);
#3888=ORIENTED_EDGE('',*,*,#2840,.F.);
#3889=ORIENTED_EDGE('',*,*,#2778,.T.);
#3890=ORIENTED_EDGE('',*,*,#2841,.F.);
#3891=ORIENTED_EDGE('',*,*,#2842,.F.);
#3892=ORIENTED_EDGE('',*,*,#2843,.F.);
#3893=ORIENTED_EDGE('',*,*,#2357,.T.);
#3894=ORIENTED_EDGE('',*,*,#2788,.T.);
#3895=ORIENTED_EDGE('',*,*,#2844,.F.);
#3896=ORIENTED_EDGE('',*,*,#2815,.T.);
#3897=ORIENTED_EDGE('',*,*,#2353,.T.);
#3898=ORIENTED_EDGE('',*,*,#2819,.T.);
#3899=ORIENTED_EDGE('',*,*,#2845,.F.);
#3900=ORIENTED_EDGE('',*,*,#2820,.T.);
#3901=ORIENTED_EDGE('',*,*,#2349,.T.);
#3902=ORIENTED_EDGE('',*,*,#2824,.T.);
#3903=ORIENTED_EDGE('',*,*,#2846,.F.);
#3904=ORIENTED_EDGE('',*,*,#2790,.T.);
#3905=ORIENTED_EDGE('',*,*,#2345,.T.);
#3906=ORIENTED_EDGE('',*,*,#2794,.T.);
#3907=ORIENTED_EDGE('',*,*,#2847,.F.);
#3908=ORIENTED_EDGE('',*,*,#2786,.T.);
#3909=ORIENTED_EDGE('',*,*,#2341,.T.);
#3910=ORIENTED_EDGE('',*,*,#2784,.T.);
#3911=ORIENTED_EDGE('',*,*,#2848,.F.);
#3912=ORIENTED_EDGE('',*,*,#2814,.T.);
#3913=ORIENTED_EDGE('',*,*,#2337,.T.);
#3914=ORIENTED_EDGE('',*,*,#2812,.T.);
#3915=ORIENTED_EDGE('',*,*,#2849,.F.);
#3916=ORIENTED_EDGE('',*,*,#2828,.T.);
#3917=ORIENTED_EDGE('',*,*,#2333,.T.);
#3918=ORIENTED_EDGE('',*,*,#2826,.T.);
#3919=ORIENTED_EDGE('',*,*,#2850,.F.);
#3920=ORIENTED_EDGE('',*,*,#2796,.T.);
#3921=ORIENTED_EDGE('',*,*,#2329,.T.);
#3922=ORIENTED_EDGE('',*,*,#2798,.T.);
#3923=ORIENTED_EDGE('',*,*,#2851,.F.);
#3924=ORIENTED_EDGE('',*,*,#2782,.T.);
#3925=ORIENTED_EDGE('',*,*,#2325,.T.);
#3926=ORIENTED_EDGE('',*,*,#2780,.T.);
#3927=ORIENTED_EDGE('',*,*,#2852,.F.);
#3928=ORIENTED_EDGE('',*,*,#2810,.T.);
#3929=ORIENTED_EDGE('',*,*,#2321,.T.);
#3930=ORIENTED_EDGE('',*,*,#2808,.T.);
#3931=ORIENTED_EDGE('',*,*,#2853,.F.);
#3932=ORIENTED_EDGE('',*,*,#2830,.T.);
#3933=ORIENTED_EDGE('',*,*,#2317,.T.);
#3934=ORIENTED_EDGE('',*,*,#2832,.T.);
#3935=ORIENTED_EDGE('',*,*,#2854,.F.);
#3936=ORIENTED_EDGE('',*,*,#2802,.T.);
#3937=ORIENTED_EDGE('',*,*,#2313,.T.);
#3938=ORIENTED_EDGE('',*,*,#2800,.T.);
#3939=ORIENTED_EDGE('',*,*,#2855,.F.);
#3940=ORIENTED_EDGE('',*,*,#2262,.T.);
#3941=ORIENTED_EDGE('',*,*,#2236,.T.);
#3942=ORIENTED_EDGE('',*,*,#2263,.T.);
#3943=ORIENTED_EDGE('',*,*,#2254,.T.);
#3944=ORIENTED_EDGE('',*,*,#2776,.T.);
#3945=ORIENTED_EDGE('',*,*,#2856,.F.);
#3946=ORIENTED_EDGE('',*,*,#2806,.T.);
#3947=ORIENTED_EDGE('',*,*,#2857,.F.);
#3948=ORIENTED_EDGE('',*,*,#2664,.T.);
#3949=ORIENTED_EDGE('',*,*,#2833,.T.);
#3950=ORIENTED_EDGE('',*,*,#2592,.T.);
#3951=ORIENTED_EDGE('',*,*,#2858,.F.);
#3952=ORIENTED_EDGE('',*,*,#2859,.F.);
#3953=ORIENTED_EDGE('',*,*,#2665,.T.);
#3954=ORIENTED_EDGE('',*,*,#2460,.F.);
#3955=ORIENTED_EDGE('',*,*,#2860,.F.);
#3956=ORIENTED_EDGE('',*,*,#2462,.T.);
#3957=ORIENTED_EDGE('',*,*,#2704,.T.);
#3958=ORIENTED_EDGE('',*,*,#2811,.T.);
#3959=ORIENTED_EDGE('',*,*,#2335,.F.);
#3960=ORIENTED_EDGE('',*,*,#2827,.T.);
#3961=ORIENTED_EDGE('',*,*,#2620,.F.);
#3962=ORIENTED_EDGE('',*,*,#2420,.F.);
#3963=ORIENTED_EDGE('',*,*,#2861,.F.);
#3964=ORIENTED_EDGE('',*,*,#2425,.T.);
#3965=ORIENTED_EDGE('',*,*,#2639,.T.);
#3966=ORIENTED_EDGE('',*,*,#2807,.T.);
#3967=ORIENTED_EDGE('',*,*,#2319,.F.);
#3968=ORIENTED_EDGE('',*,*,#2829,.T.);
#3969=ORIENTED_EDGE('',*,*,#2640,.F.);
#3970=ORIENTED_EDGE('',*,*,#2430,.F.);
#3971=ORIENTED_EDGE('',*,*,#2862,.F.);
#3972=ORIENTED_EDGE('',*,*,#2435,.T.);
#3973=ORIENTED_EDGE('',*,*,#2659,.T.);
#3974=ORIENTED_EDGE('',*,*,#2803,.T.);
#3975=ORIENTED_EDGE('',*,*,#2582,.T.);
#3976=ORIENTED_EDGE('',*,*,#2863,.F.);
#3977=ORIENTED_EDGE('',*,*,#2864,.F.);
#3978=ORIENTED_EDGE('',*,*,#2865,.T.);
#3979=ORIENTED_EDGE('',*,*,#2596,.T.);
#3980=ORIENTED_EDGE('',*,*,#2835,.T.);
#3981=ORIENTED_EDGE('',*,*,#2660,.F.);
#3982=ORIENTED_EDGE('',*,*,#2440,.F.);
#3983=ORIENTED_EDGE('',*,*,#2866,.F.);
#3984=ORIENTED_EDGE('',*,*,#2442,.T.);
#3985=ORIENTED_EDGE('',*,*,#2644,.T.);
#3986=ORIENTED_EDGE('',*,*,#2831,.T.);
#3987=ORIENTED_EDGE('',*,*,#2315,.F.);
#3988=ORIENTED_EDGE('',*,*,#2801,.T.);
#3989=ORIENTED_EDGE('',*,*,#2645,.F.);
#3990=ORIENTED_EDGE('',*,*,#2470,.F.);
#3991=ORIENTED_EDGE('',*,*,#2867,.F.);
#3992=ORIENTED_EDGE('',*,*,#2472,.T.);
#3993=ORIENTED_EDGE('',*,*,#2624,.T.);
#3994=ORIENTED_EDGE('',*,*,#2825,.T.);
#3995=ORIENTED_EDGE('',*,*,#2331,.F.);
#3996=ORIENTED_EDGE('',*,*,#2795,.T.);
#3997=ORIENTED_EDGE('',*,*,#2625,.F.);
#3998=ORIENTED_EDGE('',*,*,#2480,.F.);
#3999=ORIENTED_EDGE('',*,*,#2868,.F.);
#4000=ORIENTED_EDGE('',*,*,#2485,.T.);
#4001=ORIENTED_EDGE('',*,*,#2699,.T.);
#4002=ORIENTED_EDGE('',*,*,#2783,.T.);
#4003=ORIENTED_EDGE('',*,*,#2339,.F.);
#4004=ORIENTED_EDGE('',*,*,#2813,.T.);
#4005=ORIENTED_EDGE('',*,*,#2700,.F.);
#4006=ORIENTED_EDGE('',*,*,#2490,.F.);
#4007=ORIENTED_EDGE('',*,*,#2869,.F.);
#4008=ORIENTED_EDGE('',*,*,#2495,.T.);
#4009=ORIENTED_EDGE('',*,*,#2694,.T.);
#4010=ORIENTED_EDGE('',*,*,#2793,.T.);
#4011=ORIENTED_EDGE('',*,*,#2343,.F.);
#4012=ORIENTED_EDGE('',*,*,#2785,.T.);
#4013=ORIENTED_EDGE('',*,*,#2695,.F.);
#4014=ORIENTED_EDGE('',*,*,#2560,.F.);
#4015=ORIENTED_EDGE('',*,*,#2870,.F.);
#4016=ORIENTED_EDGE('',*,*,#2565,.T.);
#4017=ORIENTED_EDGE('',*,*,#2634,.T.);
#4018=ORIENTED_EDGE('',*,*,#2779,.T.);
#4019=ORIENTED_EDGE('',*,*,#2323,.F.);
#4020=ORIENTED_EDGE('',*,*,#2809,.T.);
#4021=ORIENTED_EDGE('',*,*,#2635,.F.);
#4022=ORIENTED_EDGE('',*,*,#2500,.F.);
#4023=ORIENTED_EDGE('',*,*,#2871,.F.);
#4024=ORIENTED_EDGE('',*,*,#2505,.T.);
#4025=ORIENTED_EDGE('',*,*,#2629,.T.);
#4026=ORIENTED_EDGE('',*,*,#2797,.T.);
#4027=ORIENTED_EDGE('',*,*,#2327,.F.);
#4028=ORIENTED_EDGE('',*,*,#2781,.T.);
#4029=ORIENTED_EDGE('',*,*,#2630,.F.);
#4030=ORIENTED_EDGE('',*,*,#2550,.F.);
#4031=ORIENTED_EDGE('',*,*,#2872,.F.);
#4032=ORIENTED_EDGE('',*,*,#2552,.T.);
#4033=ORIENTED_EDGE('',*,*,#2654,.T.);
#4034=ORIENTED_EDGE('',*,*,#2775,.T.);
#4035=ORIENTED_EDGE('',*,*,#2572,.T.);
#4036=ORIENTED_EDGE('',*,*,#2873,.F.);
#4037=ORIENTED_EDGE('',*,*,#2874,.F.);
#4038=ORIENTED_EDGE('',*,*,#2875,.T.);
#4039=ORIENTED_EDGE('',*,*,#2586,.T.);
#4040=ORIENTED_EDGE('',*,*,#2805,.T.);
#4041=ORIENTED_EDGE('',*,*,#2655,.F.);
#4042=ORIENTED_EDGE('',*,*,#2510,.F.);
#4043=ORIENTED_EDGE('',*,*,#2876,.F.);
#4044=ORIENTED_EDGE('',*,*,#2515,.T.);
#4045=ORIENTED_EDGE('',*,*,#2577,.F.);
#4046=ORIENTED_EDGE('',*,*,#2875,.F.);
#4047=ORIENTED_EDGE('',*,*,#2877,.F.);
#4048=ORIENTED_EDGE('',*,*,#2671,.T.);
#4049=ORIENTED_EDGE('',*,*,#2571,.F.);
#4050=ORIENTED_EDGE('',*,*,#2673,.F.);
#4051=ORIENTED_EDGE('',*,*,#2878,.F.);
#4052=ORIENTED_EDGE('',*,*,#2873,.T.);
#4053=ORIENTED_EDGE('',*,*,#2879,.F.);
#4054=ORIENTED_EDGE('',*,*,#2299,.F.);
#4055=ORIENTED_EDGE('',*,*,#2400,.F.);
#4056=ORIENTED_EDGE('',*,*,#2880,.T.);
#4057=ORIENTED_EDGE('',*,*,#2881,.F.);
#4058=ORIENTED_EDGE('',*,*,#2880,.F.);
#4059=ORIENTED_EDGE('',*,*,#2399,.F.);
#4060=ORIENTED_EDGE('',*,*,#2297,.T.);
#4061=ORIENTED_EDGE('',*,*,#2882,.F.);
#4062=ORIENTED_EDGE('',*,*,#2619,.F.);
#4063=ORIENTED_EDGE('',*,*,#2397,.F.);
#4064=ORIENTED_EDGE('',*,*,#2883,.T.);
#4065=ORIENTED_EDGE('',*,*,#2884,.F.);
#4066=ORIENTED_EDGE('',*,*,#2883,.F.);
#4067=ORIENTED_EDGE('',*,*,#2396,.F.);
#4068=ORIENTED_EDGE('',*,*,#2309,.T.);
#4069=ORIENTED_EDGE('',*,*,#2567,.F.);
#4070=ORIENTED_EDGE('',*,*,#2885,.F.);
#4071=ORIENTED_EDGE('',*,*,#2886,.F.);
#4072=ORIENTED_EDGE('',*,*,#2617,.T.);
#4073=ORIENTED_EDGE('',*,*,#2587,.F.);
#4074=ORIENTED_EDGE('',*,*,#2865,.F.);
#4075=ORIENTED_EDGE('',*,*,#2887,.F.);
#4076=ORIENTED_EDGE('',*,*,#2668,.T.);
#4077=ORIENTED_EDGE('',*,*,#2581,.F.);
#4078=ORIENTED_EDGE('',*,*,#2670,.F.);
#4079=ORIENTED_EDGE('',*,*,#2888,.F.);
#4080=ORIENTED_EDGE('',*,*,#2863,.T.);
#4081=ORIENTED_EDGE('',*,*,#2889,.F.);
#4082=ORIENTED_EDGE('',*,*,#2890,.F.);
#4083=ORIENTED_EDGE('',*,*,#2403,.F.);
#4084=ORIENTED_EDGE('',*,*,#2891,.T.);
#4085=ORIENTED_EDGE('',*,*,#2892,.F.);
#4086=ORIENTED_EDGE('',*,*,#2891,.F.);
#4087=ORIENTED_EDGE('',*,*,#2402,.F.);
#4088=ORIENTED_EDGE('',*,*,#2301,.T.);
#4089=ORIENTED_EDGE('',*,*,#2893,.F.);
#4090=ORIENTED_EDGE('',*,*,#2303,.F.);
#4091=ORIENTED_EDGE('',*,*,#2401,.F.);
#4092=ORIENTED_EDGE('',*,*,#2890,.T.);
#4093=ORIENTED_EDGE('',*,*,#2894,.F.);
#4094=ORIENTED_EDGE('',*,*,#2895,.F.);
#4095=ORIENTED_EDGE('',*,*,#2406,.F.);
#4096=ORIENTED_EDGE('',*,*,#2896,.T.);
#4097=ORIENTED_EDGE('',*,*,#2897,.F.);
#4098=ORIENTED_EDGE('',*,*,#2896,.F.);
#4099=ORIENTED_EDGE('',*,*,#2405,.F.);
#4100=ORIENTED_EDGE('',*,*,#2305,.T.);
#4101=ORIENTED_EDGE('',*,*,#2898,.F.);
#4102=ORIENTED_EDGE('',*,*,#2307,.F.);
#4103=ORIENTED_EDGE('',*,*,#2404,.F.);
#4104=ORIENTED_EDGE('',*,*,#2895,.T.);
#4105=ORIENTED_EDGE('',*,*,#2591,.F.);
#4106=ORIENTED_EDGE('',*,*,#2667,.F.);
#4107=ORIENTED_EDGE('',*,*,#2899,.F.);
#4108=ORIENTED_EDGE('',*,*,#2858,.T.);
#4109=ORIENTED_EDGE('',*,*,#2649,.T.);
#4110=ORIENTED_EDGE('',*,*,#2799,.T.);
#4111=ORIENTED_EDGE('',*,*,#2311,.F.);
#4112=ORIENTED_EDGE('',*,*,#2900,.F.);
#4113=ORIENTED_EDGE('',*,*,#2885,.T.);
#4114=ORIENTED_EDGE('',*,*,#2576,.T.);
#4115=ORIENTED_EDGE('',*,*,#2777,.T.);
#4116=ORIENTED_EDGE('',*,*,#2650,.F.);
#4117=ORIENTED_EDGE('',*,*,#2540,.F.);
#4118=ORIENTED_EDGE('',*,*,#2901,.F.);
#4119=ORIENTED_EDGE('',*,*,#2545,.T.);
#4120=ORIENTED_EDGE('',*,*,#2879,.T.);
#4121=ORIENTED_EDGE('',*,*,#2881,.T.);
#4122=ORIENTED_EDGE('',*,*,#2296,.T.);
#4123=ORIENTED_EDGE('',*,*,#2283,.F.);
#4124=ORIENTED_EDGE('',*,*,#2674,.F.);
#4125=ORIENTED_EDGE('',*,*,#2882,.T.);
#4126=ORIENTED_EDGE('',*,*,#2884,.T.);
#4127=ORIENTED_EDGE('',*,*,#2308,.T.);
#4128=ORIENTED_EDGE('',*,*,#2898,.T.);
#4129=ORIENTED_EDGE('',*,*,#2894,.T.);
#4130=ORIENTED_EDGE('',*,*,#2897,.T.);
#4131=ORIENTED_EDGE('',*,*,#2304,.T.);
#4132=ORIENTED_EDGE('',*,*,#2893,.T.);
#4133=ORIENTED_EDGE('',*,*,#2889,.T.);
#4134=ORIENTED_EDGE('',*,*,#2892,.T.);
#4135=ORIENTED_EDGE('',*,*,#2300,.T.);
#4136=ORIENTED_EDGE('',*,*,#2887,.T.);
#4137=ORIENTED_EDGE('',*,*,#2902,.F.);
#4138=ORIENTED_EDGE('',*,*,#2899,.T.);
#4139=ORIENTED_EDGE('',*,*,#2903,.F.);
#4140=ORIENTED_EDGE('',*,*,#2877,.T.);
#4141=ORIENTED_EDGE('',*,*,#2904,.F.);
#4142=ORIENTED_EDGE('',*,*,#2888,.T.);
#4143=ORIENTED_EDGE('',*,*,#2905,.F.);
#4144=ORIENTED_EDGE('',*,*,#2878,.T.);
#4145=ORIENTED_EDGE('',*,*,#2906,.F.);
#4146=ORIENTED_EDGE('',*,*,#2886,.T.);
#4147=ORIENTED_EDGE('',*,*,#2907,.F.);
#4148=ORIENTED_EDGE('',*,*,#2384,.T.);
#4149=ORIENTED_EDGE('',*,*,#2286,.F.);
#4150=ORIENTED_EDGE('',*,*,#2908,.T.);
#4151=ORIENTED_EDGE('',*,*,#2909,.F.);
#4152=ORIENTED_EDGE('',*,*,#2910,.T.);
#4153=ORIENTED_EDGE('',*,*,#2407,.F.);
#4154=ORIENTED_EDGE('',*,*,#2387,.T.);
#4155=ORIENTED_EDGE('',*,*,#2391,.T.);
#4156=ORIENTED_EDGE('',*,*,#2708,.T.);
#4157=ORIENTED_EDGE('',*,*,#2366,.T.);
#4158=ORIENTED_EDGE('',*,*,#2724,.T.);
#4159=ORIENTED_EDGE('',*,*,#2764,.F.);
#4160=ORIENTED_EDGE('',*,*,#2275,.T.);
#4161=ORIENTED_EDGE('',*,*,#2295,.F.);
#4162=ORIENTED_EDGE('',*,*,#2416,.T.);
#4163=ORIENTED_EDGE('',*,*,#2911,.F.);
#4164=ORIENTED_EDGE('',*,*,#2908,.F.);
#4165=ORIENTED_EDGE('',*,*,#2285,.F.);
#4166=ORIENTED_EDGE('',*,*,#2279,.T.);
#4167=ORIENTED_EDGE('',*,*,#2268,.T.);
#4168=ORIENTED_EDGE('',*,*,#2911,.T.);
#4169=ORIENTED_EDGE('',*,*,#2415,.T.);
#4170=ORIENTED_EDGE('',*,*,#2912,.T.);
#4171=ORIENTED_EDGE('',*,*,#2909,.T.);
#4172=ORIENTED_EDGE('',*,*,#2260,.T.);
#4173=ORIENTED_EDGE('',*,*,#2249,.F.);
#4174=ORIENTED_EDGE('',*,*,#2261,.T.);
#4175=ORIENTED_EDGE('',*,*,#2231,.F.);
#4176=ORIENTED_EDGE('',*,*,#2913,.F.);
#4177=ORIENTED_EDGE('',*,*,#2914,.F.);
#4178=ORIENTED_EDGE('',*,*,#2915,.F.);
#4179=ORIENTED_EDGE('',*,*,#2916,.F.);
#4180=ORIENTED_EDGE('',*,*,#2917,.F.);
#4181=ORIENTED_EDGE('',*,*,#2918,.F.);
#4182=ORIENTED_EDGE('',*,*,#2919,.F.);
#4183=ORIENTED_EDGE('',*,*,#2920,.F.);
#4184=ORIENTED_EDGE('',*,*,#2921,.F.);
#4185=ORIENTED_EDGE('',*,*,#2914,.T.);
#4186=ORIENTED_EDGE('',*,*,#2842,.T.);
#4187=ORIENTED_EDGE('',*,*,#2920,.T.);
#4188=ORIENTED_EDGE('',*,*,#2922,.T.);
#4189=ORIENTED_EDGE('',*,*,#2923,.F.);
#4190=ORIENTED_EDGE('',*,*,#2924,.F.);
#4191=ORIENTED_EDGE('',*,*,#2925,.F.);
#4192=ORIENTED_EDGE('',*,*,#2921,.T.);
#4193=ORIENTED_EDGE('',*,*,#2841,.T.);
#4194=ORIENTED_EDGE('',*,*,#2574,.T.);
#4195=ORIENTED_EDGE('',*,*,#2857,.T.);
#4196=ORIENTED_EDGE('',*,*,#2584,.T.);
#4197=ORIENTED_EDGE('',*,*,#2840,.T.);
#4198=ORIENTED_EDGE('',*,*,#2594,.T.);
#4199=ORIENTED_EDGE('',*,*,#2838,.T.);
#4200=ORIENTED_EDGE('',*,*,#2924,.T.);
#4201=ORIENTED_EDGE('',*,*,#2859,.T.);
#4202=ORIENTED_EDGE('',*,*,#2902,.T.);
#4203=ORIENTED_EDGE('',*,*,#2864,.T.);
#4204=ORIENTED_EDGE('',*,*,#2904,.T.);
#4205=ORIENTED_EDGE('',*,*,#2874,.T.);
#4206=ORIENTED_EDGE('',*,*,#2907,.T.);
#4207=ORIENTED_EDGE('',*,*,#2900,.T.);
#4208=ORIENTED_EDGE('',*,*,#2395,.T.);
#4209=ORIENTED_EDGE('',*,*,#2925,.T.);
#4210=ORIENTED_EDGE('',*,*,#2837,.T.);
#4211=ORIENTED_EDGE('',*,*,#2662,.T.);
#4212=ORIENTED_EDGE('',*,*,#2839,.T.);
#4213=ORIENTED_EDGE('',*,*,#2657,.T.);
#4214=ORIENTED_EDGE('',*,*,#2856,.T.);
#4215=ORIENTED_EDGE('',*,*,#2652,.T.);
#4216=ORIENTED_EDGE('',*,*,#2855,.T.);
#4217=ORIENTED_EDGE('',*,*,#2647,.T.);
#4218=ORIENTED_EDGE('',*,*,#2854,.T.);
#4219=ORIENTED_EDGE('',*,*,#2642,.T.);
#4220=ORIENTED_EDGE('',*,*,#2853,.T.);
#4221=ORIENTED_EDGE('',*,*,#2637,.T.);
#4222=ORIENTED_EDGE('',*,*,#2852,.T.);
#4223=ORIENTED_EDGE('',*,*,#2632,.T.);
#4224=ORIENTED_EDGE('',*,*,#2851,.T.);
#4225=ORIENTED_EDGE('',*,*,#2627,.T.);
#4226=ORIENTED_EDGE('',*,*,#2850,.T.);
#4227=ORIENTED_EDGE('',*,*,#2622,.T.);
#4228=ORIENTED_EDGE('',*,*,#2849,.T.);
#4229=ORIENTED_EDGE('',*,*,#2702,.T.);
#4230=ORIENTED_EDGE('',*,*,#2848,.T.);
#4231=ORIENTED_EDGE('',*,*,#2697,.T.);
#4232=ORIENTED_EDGE('',*,*,#2847,.T.);
#4233=ORIENTED_EDGE('',*,*,#2692,.T.);
#4234=ORIENTED_EDGE('',*,*,#2917,.T.);
#4235=ORIENTED_EDGE('',*,*,#2597,.T.);
#4236=ORIENTED_EDGE('',*,*,#2870,.T.);
#4237=ORIENTED_EDGE('',*,*,#2599,.T.);
#4238=ORIENTED_EDGE('',*,*,#2869,.T.);
#4239=ORIENTED_EDGE('',*,*,#2601,.T.);
#4240=ORIENTED_EDGE('',*,*,#2861,.T.);
#4241=ORIENTED_EDGE('',*,*,#2616,.T.);
#4242=ORIENTED_EDGE('',*,*,#2868,.T.);
#4243=ORIENTED_EDGE('',*,*,#2615,.T.);
#4244=ORIENTED_EDGE('',*,*,#2872,.T.);
#4245=ORIENTED_EDGE('',*,*,#2614,.T.);
#4246=ORIENTED_EDGE('',*,*,#2871,.T.);
#4247=ORIENTED_EDGE('',*,*,#2613,.T.);
#4248=ORIENTED_EDGE('',*,*,#2862,.T.);
#4249=ORIENTED_EDGE('',*,*,#2612,.T.);
#4250=ORIENTED_EDGE('',*,*,#2867,.T.);
#4251=ORIENTED_EDGE('',*,*,#2611,.T.);
#4252=ORIENTED_EDGE('',*,*,#2901,.T.);
#4253=ORIENTED_EDGE('',*,*,#2610,.T.);
#4254=ORIENTED_EDGE('',*,*,#2876,.T.);
#4255=ORIENTED_EDGE('',*,*,#2609,.T.);
#4256=ORIENTED_EDGE('',*,*,#2866,.T.);
#4257=ORIENTED_EDGE('',*,*,#2608,.T.);
#4258=ORIENTED_EDGE('',*,*,#2860,.T.);
#4259=ORIENTED_EDGE('',*,*,#2289,.T.);
#4260=ORIENTED_EDGE('',*,*,#2398,.T.);
#4261=ORIENTED_EDGE('',*,*,#2618,.T.);
#4262=ORIENTED_EDGE('',*,*,#2906,.T.);
#4263=ORIENTED_EDGE('',*,*,#2672,.T.);
#4264=ORIENTED_EDGE('',*,*,#2905,.T.);
#4265=ORIENTED_EDGE('',*,*,#2669,.T.);
#4266=ORIENTED_EDGE('',*,*,#2903,.T.);
#4267=ORIENTED_EDGE('',*,*,#2666,.T.);
#4268=ORIENTED_EDGE('',*,*,#2923,.T.);
#4269=ORIENTED_EDGE('',*,*,#2459,.T.);
#4270=ORIENTED_EDGE('',*,*,#2607,.T.);
#4271=ORIENTED_EDGE('',*,*,#2589,.T.);
#4272=ORIENTED_EDGE('',*,*,#2606,.T.);
#4273=ORIENTED_EDGE('',*,*,#2579,.T.);
#4274=ORIENTED_EDGE('',*,*,#2605,.T.);
#4275=ORIENTED_EDGE('',*,*,#2569,.T.);
#4276=ORIENTED_EDGE('',*,*,#2604,.T.);
#4277=ORIENTED_EDGE('',*,*,#2413,.T.);
#4278=ORIENTED_EDGE('',*,*,#2926,.T.);
#4279=ORIENTED_EDGE('',*,*,#2919,.T.);
#4280=ORIENTED_EDGE('',*,*,#2394,.T.);
#4281=ORIENTED_EDGE('',*,*,#2918,.T.);
#4282=ORIENTED_EDGE('',*,*,#2792,.T.);
#4283=ORIENTED_EDGE('',*,*,#2846,.T.);
#4284=ORIENTED_EDGE('',*,*,#2822,.T.);
#4285=ORIENTED_EDGE('',*,*,#2845,.T.);
#4286=ORIENTED_EDGE('',*,*,#2817,.T.);
#4287=ORIENTED_EDGE('',*,*,#2844,.T.);
#4288=ORIENTED_EDGE('',*,*,#2789,.T.);
#4289=ORIENTED_EDGE('',*,*,#2843,.T.);
#4290=ORIENTED_EDGE('',*,*,#2913,.T.);
#4291=ORIENTED_EDGE('',*,*,#2773,.T.);
#4292=ORIENTED_EDGE('',*,*,#2751,.T.);
#4293=ORIENTED_EDGE('',*,*,#2772,.T.);
#4294=ORIENTED_EDGE('',*,*,#2765,.T.);
#4295=ORIENTED_EDGE('',*,*,#2771,.T.);
#4296=ORIENTED_EDGE('',*,*,#2763,.T.);
#4297=ORIENTED_EDGE('',*,*,#2770,.T.);
#4298=ORIENTED_EDGE('',*,*,#2762,.T.);
#4299=ORIENTED_EDGE('',*,*,#2291,.T.);
#4300=ORIENTED_EDGE('',*,*,#2603,.T.);
#4301=ORIENTED_EDGE('',*,*,#2423,.T.);
#4302=ORIENTED_EDGE('',*,*,#2602,.T.);
#4303=ORIENTED_EDGE('',*,*,#2493,.T.);
#4304=ORIENTED_EDGE('',*,*,#2600,.T.);
#4305=ORIENTED_EDGE('',*,*,#2563,.T.);
#4306=ORIENTED_EDGE('',*,*,#2598,.T.);
#4307=ORIENTED_EDGE('',*,*,#2916,.T.);
#4308=ORIENTED_EDGE('',*,*,#2689,.T.);
#4309=ORIENTED_EDGE('',*,*,#2769,.T.);
#4310=ORIENTED_EDGE('',*,*,#2685,.T.);
#4311=ORIENTED_EDGE('',*,*,#2768,.T.);
#4312=ORIENTED_EDGE('',*,*,#2681,.T.);
#4313=ORIENTED_EDGE('',*,*,#2767,.T.);
#4314=ORIENTED_EDGE('',*,*,#2677,.T.);
#4315=ORIENTED_EDGE('',*,*,#2766,.T.);
#4316=ORIENTED_EDGE('',*,*,#2411,.T.);
#4317=ORIENTED_EDGE('',*,*,#2774,.T.);
#4318=ORIENTED_EDGE('',*,*,#2915,.T.);
#4319=ORIENTED_EDGE('',*,*,#2927,.T.);
#4320=ORIENTED_EDGE('',*,*,#2912,.F.);
#4321=ORIENTED_EDGE('',*,*,#2414,.T.);
#4322=ORIENTED_EDGE('',*,*,#2408,.F.);
#4323=ORIENTED_EDGE('',*,*,#2910,.F.);
#4324=ORIENTED_EDGE('',*,*,#2926,.F.);
#4325=ORIENTED_EDGE('',*,*,#2412,.F.);
#4326=ORIENTED_EDGE('',*,*,#2927,.F.);
#4327=ORIENTED_EDGE('',*,*,#2922,.F.);
#4328=PLANE('',#4710);
#4329=PLANE('',#4711);
#4330=PLANE('',#4712);
#4331=PLANE('',#4713);
#4332=PLANE('',#4714);
#4333=PLANE('',#4715);
#4334=PLANE('',#4716);
#4335=PLANE('',#4717);
#4336=PLANE('',#4718);
#4337=PLANE('',#4719);
#4338=PLANE('',#4720);
#4339=PLANE('',#4721);
#4340=PLANE('',#4722);
#4341=PLANE('',#4723);
#4342=PLANE('',#4724);
#4343=PLANE('',#4725);
#4344=PLANE('',#4726);
#4345=PLANE('',#4727);
#4346=PLANE('',#4730);
#4347=PLANE('',#4731);
#4348=PLANE('',#4732);
#4349=PLANE('',#4733);
#4350=PLANE('',#4734);
#4351=PLANE('',#4735);
#4352=PLANE('',#4736);
#4353=PLANE('',#4737);
#4354=PLANE('',#4738);
#4355=PLANE('',#4741);
#4356=PLANE('',#4742);
#4357=PLANE('',#4743);
#4358=PLANE('',#4744);
#4359=PLANE('',#4745);
#4360=PLANE('',#4746);
#4361=PLANE('',#4747);
#4362=PLANE('',#4748);
#4363=PLANE('',#4749);
#4364=PLANE('',#4750);
#4365=PLANE('',#4751);
#4366=PLANE('',#4752);
#4367=PLANE('',#4753);
#4368=PLANE('',#4754);
#4369=PLANE('',#4755);
#4370=PLANE('',#4756);
#4371=PLANE('',#4757);
#4372=PLANE('',#4758);
#4373=PLANE('',#4759);
#4374=PLANE('',#4760);
#4375=PLANE('',#4761);
#4376=PLANE('',#4762);
#4377=PLANE('',#4763);
#4378=PLANE('',#4764);
#4379=PLANE('',#4765);
#4380=PLANE('',#4766);
#4381=PLANE('',#4767);
#4382=PLANE('',#4768);
#4383=PLANE('',#4769);
#4384=PLANE('',#4770);
#4385=PLANE('',#4771);
#4386=PLANE('',#4772);
#4387=PLANE('',#4773);
#4388=PLANE('',#4774);
#4389=PLANE('',#4775);
#4390=PLANE('',#4776);
#4391=PLANE('',#4777);
#4392=PLANE('',#4778);
#4393=PLANE('',#4779);
#4394=PLANE('',#4780);
#4395=PLANE('',#4781);
#4396=PLANE('',#4782);
#4397=PLANE('',#4783);
#4398=PLANE('',#4784);
#4399=PLANE('',#4785);
#4400=PLANE('',#4786);
#4401=PLANE('',#4787);
#4402=PLANE('',#4788);
#4403=PLANE('',#4789);
#4404=PLANE('',#4790);
#4405=PLANE('',#4791);
#4406=PLANE('',#4792);
#4407=PLANE('',#4793);
#4408=PLANE('',#4794);
#4409=PLANE('',#4795);
#4410=PLANE('',#4796);
#4411=PLANE('',#4797);
#4412=PLANE('',#4798);
#4413=PLANE('',#4799);
#4414=PLANE('',#4800);
#4415=PLANE('',#4801);
#4416=PLANE('',#4802);
#4417=PLANE('',#4803);
#4418=PLANE('',#4804);
#4419=PLANE('',#4805);
#4420=PLANE('',#4806);
#4421=PLANE('',#4807);
#4422=PLANE('',#4808);
#4423=PLANE('',#4809);
#4424=PLANE('',#4810);
#4425=PLANE('',#4811);
#4426=PLANE('',#4812);
#4427=PLANE('',#4813);
#4428=PLANE('',#4814);
#4429=PLANE('',#4815);
#4430=PLANE('',#4816);
#4431=PLANE('',#4817);
#4432=PLANE('',#4818);
#4433=PLANE('',#4819);
#4434=PLANE('',#4820);
#4435=PLANE('',#4821);
#4436=PLANE('',#4822);
#4437=PLANE('',#4823);
#4438=PLANE('',#4824);
#4439=PLANE('',#4825);
#4440=PLANE('',#4826);
#4441=PLANE('',#4827);
#4442=PLANE('',#4828);
#4443=PLANE('',#4829);
#4444=PLANE('',#4830);
#4445=PLANE('',#4831);
#4446=PLANE('',#4832);
#4447=PLANE('',#4833);
#4448=PLANE('',#4834);
#4449=PLANE('',#4835);
#4450=PLANE('',#4836);
#4451=PLANE('',#4837);
#4452=PLANE('',#4838);
#4453=PLANE('',#4839);
#4454=PLANE('',#4840);
#4455=PLANE('',#4841);
#4456=PLANE('',#4842);
#4457=PLANE('',#4843);
#4458=PLANE('',#4844);
#4459=PLANE('',#4845);
#4460=PLANE('',#4846);
#4461=PLANE('',#4847);
#4462=PLANE('',#4848);
#4463=PLANE('',#4849);
#4464=PLANE('',#4850);
#4465=PLANE('',#4851);
#4466=PLANE('',#4852);
#4467=PLANE('',#4853);
#4468=PLANE('',#4854);
#4469=PLANE('',#4855);
#4470=PLANE('',#4856);
#4471=PLANE('',#4857);
#4472=PLANE('',#4858);
#4473=PLANE('',#4859);
#4474=PLANE('',#4860);
#4475=PLANE('',#4861);
#4476=PLANE('',#4862);
#4477=PLANE('',#4863);
#4478=PLANE('',#4864);
#4479=PLANE('',#4865);
#4480=PLANE('',#4866);
#4481=PLANE('',#4867);
#4482=PLANE('',#4868);
#4483=PLANE('',#4869);
#4484=PLANE('',#4870);
#4485=PLANE('',#4871);
#4486=PLANE('',#4872);
#4487=PLANE('',#4873);
#4488=PLANE('',#4874);
#4489=PLANE('',#4875);
#4490=PLANE('',#4876);
#4491=PLANE('',#4877);
#4492=PLANE('',#4878);
#4493=PLANE('',#4879);
#4494=PLANE('',#4880);
#4495=PLANE('',#4881);
#4496=PLANE('',#4882);
#4497=PLANE('',#4883);
#4498=PLANE('',#4884);
#4499=PLANE('',#4885);
#4500=PLANE('',#4886);
#4501=PLANE('',#4887);
#4502=PLANE('',#4888);
#4503=PLANE('',#4889);
#4504=PLANE('',#4914);
#4505=PLANE('',#4915);
#4506=ADVANCED_FACE('',(#48),#4328,.T.);
#4507=ADVANCED_FACE('',(#49),#4329,.F.);
#4508=ADVANCED_FACE('',(#50),#4330,.T.);
#4509=ADVANCED_FACE('',(#51),#4331,.F.);
#4510=ADVANCED_FACE('',(#52),#4332,.T.);
#4511=ADVANCED_FACE('',(#53),#4333,.F.);
#4512=ADVANCED_FACE('',(#54),#4334,.T.);
#4513=ADVANCED_FACE('',(#55),#4335,.F.);
#4514=ADVANCED_FACE('',(#56),#4336,.F.);
#4515=ADVANCED_FACE('',(#57),#4337,.F.);
#4516=ADVANCED_FACE('',(#58),#4338,.F.);
#4517=ADVANCED_FACE('',(#59),#4339,.F.);
#4518=ADVANCED_FACE('',(#60),#4340,.F.);
#4519=ADVANCED_FACE('',(#61),#4341,.F.);
#4520=ADVANCED_FACE('',(#62),#4342,.F.);
#4521=ADVANCED_FACE('',(#63),#4343,.F.);
#4522=ADVANCED_FACE('',(#64),#4344,.F.);
#4523=ADVANCED_FACE('',(#65),#4345,.T.);
#4524=ADVANCED_FACE('',(#66),#4346,.T.);
#4525=ADVANCED_FACE('',(#67),#4347,.F.);
#4526=ADVANCED_FACE('',(#68),#4348,.F.);
#4527=ADVANCED_FACE('',(#69),#4349,.F.);
#4528=ADVANCED_FACE('',(#70),#4350,.F.);
#4529=ADVANCED_FACE('',(#71),#4351,.F.);
#4530=ADVANCED_FACE('',(#72),#4352,.F.);
#4531=ADVANCED_FACE('',(#73,#27,#28,#29),#4353,.T.);
#4532=ADVANCED_FACE('',(#74),#4354,.T.);
#4533=ADVANCED_FACE('',(#75),#4355,.F.);
#4534=ADVANCED_FACE('',(#76),#4356,.F.);
#4535=ADVANCED_FACE('',(#77),#4357,.F.);
#4536=ADVANCED_FACE('',(#78),#4358,.F.);
#4537=ADVANCED_FACE('',(#79),#4359,.F.);
#4538=ADVANCED_FACE('',(#80),#4360,.F.);
#4539=ADVANCED_FACE('',(#81),#4361,.F.);
#4540=ADVANCED_FACE('',(#82),#4362,.F.);
#4541=ADVANCED_FACE('',(#83),#4363,.F.);
#4542=ADVANCED_FACE('',(#84),#4364,.F.);
#4543=ADVANCED_FACE('',(#85),#4365,.F.);
#4544=ADVANCED_FACE('',(#86),#4366,.F.);
#4545=ADVANCED_FACE('',(#87),#4367,.F.);
#4546=ADVANCED_FACE('',(#88),#4368,.F.);
#4547=ADVANCED_FACE('',(#89),#4369,.F.);
#4548=ADVANCED_FACE('',(#90),#4370,.F.);
#4549=ADVANCED_FACE('',(#91),#4371,.F.);
#4550=ADVANCED_FACE('',(#92),#4372,.F.);
#4551=ADVANCED_FACE('',(#93),#4373,.F.);
#4552=ADVANCED_FACE('',(#94),#4374,.F.);
#4553=ADVANCED_FACE('',(#95),#4375,.F.);
#4554=ADVANCED_FACE('',(#96),#4376,.F.);
#4555=ADVANCED_FACE('',(#97),#4377,.F.);
#4556=ADVANCED_FACE('',(#98),#4378,.F.);
#4557=ADVANCED_FACE('',(#99),#4379,.F.);
#4558=ADVANCED_FACE('',(#100),#4380,.F.);
#4559=ADVANCED_FACE('',(#101),#4381,.F.);
#4560=ADVANCED_FACE('',(#102),#4382,.F.);
#4561=ADVANCED_FACE('',(#103),#4383,.F.);
#4562=ADVANCED_FACE('',(#104),#4384,.F.);
#4563=ADVANCED_FACE('',(#105),#4385,.F.);
#4564=ADVANCED_FACE('',(#106),#4386,.F.);
#4565=ADVANCED_FACE('',(#107),#4387,.F.);
#4566=ADVANCED_FACE('',(#108),#4388,.F.);
#4567=ADVANCED_FACE('',(#109),#4389,.F.);
#4568=ADVANCED_FACE('',(#110),#4390,.F.);
#4569=ADVANCED_FACE('',(#111),#4391,.F.);
#4570=ADVANCED_FACE('',(#112),#4392,.F.);
#4571=ADVANCED_FACE('',(#113),#4393,.F.);
#4572=ADVANCED_FACE('',(#114),#4394,.F.);
#4573=ADVANCED_FACE('',(#115),#4395,.F.);
#4574=ADVANCED_FACE('',(#116),#4396,.F.);
#4575=ADVANCED_FACE('',(#117),#4397,.F.);
#4576=ADVANCED_FACE('',(#118),#4398,.F.);
#4577=ADVANCED_FACE('',(#119),#4399,.F.);
#4578=ADVANCED_FACE('',(#120),#4400,.F.);
#4579=ADVANCED_FACE('',(#121),#4401,.T.);
#4580=ADVANCED_FACE('',(#122),#4402,.T.);
#4581=ADVANCED_FACE('',(#123),#4403,.T.);
#4582=ADVANCED_FACE('',(#124),#4404,.T.);
#4583=ADVANCED_FACE('',(#125),#4405,.T.);
#4584=ADVANCED_FACE('',(#126),#4406,.T.);
#4585=ADVANCED_FACE('',(#127),#4407,.T.);
#4586=ADVANCED_FACE('',(#128),#4408,.T.);
#4587=ADVANCED_FACE('',(#129),#4409,.T.);
#4588=ADVANCED_FACE('',(#130),#4410,.F.);
#4589=ADVANCED_FACE('',(#131),#4411,.F.);
#4590=ADVANCED_FACE('',(#132),#4412,.F.);
#4591=ADVANCED_FACE('',(#133),#4413,.F.);
#4592=ADVANCED_FACE('',(#134),#4414,.F.);
#4593=ADVANCED_FACE('',(#135),#4415,.F.);
#4594=ADVANCED_FACE('',(#136),#4416,.F.);
#4595=ADVANCED_FACE('',(#137),#4417,.F.);
#4596=ADVANCED_FACE('',(#138),#4418,.F.);
#4597=ADVANCED_FACE('',(#139),#4419,.F.);
#4598=ADVANCED_FACE('',(#140),#4420,.F.);
#4599=ADVANCED_FACE('',(#141),#4421,.F.);
#4600=ADVANCED_FACE('',(#142),#4422,.F.);
#4601=ADVANCED_FACE('',(#143),#4423,.F.);
#4602=ADVANCED_FACE('',(#144),#4424,.F.);
#4603=ADVANCED_FACE('',(#145),#4425,.F.);
#4604=ADVANCED_FACE('',(#146),#4426,.F.);
#4605=ADVANCED_FACE('',(#147),#4427,.F.);
#4606=ADVANCED_FACE('',(#148),#4428,.F.);
#4607=ADVANCED_FACE('',(#149),#4429,.T.);
#4608=ADVANCED_FACE('',(#150),#4430,.T.);
#4609=ADVANCED_FACE('',(#151),#4431,.F.);
#4610=ADVANCED_FACE('',(#152),#4432,.F.);
#4611=ADVANCED_FACE('',(#153),#4433,.F.);
#4612=ADVANCED_FACE('',(#154),#4434,.F.);
#4613=ADVANCED_FACE('',(#155),#4435,.F.);
#4614=ADVANCED_FACE('',(#156),#4436,.F.);
#4615=ADVANCED_FACE('',(#157),#4437,.F.);
#4616=ADVANCED_FACE('',(#158),#4438,.F.);
#4617=ADVANCED_FACE('',(#159),#4439,.F.);
#4618=ADVANCED_FACE('',(#160),#4440,.F.);
#4619=ADVANCED_FACE('',(#161),#4441,.F.);
#4620=ADVANCED_FACE('',(#162),#4442,.F.);
#4621=ADVANCED_FACE('',(#163),#4443,.F.);
#4622=ADVANCED_FACE('',(#164),#4444,.F.);
#4623=ADVANCED_FACE('',(#165),#4445,.F.);
#4624=ADVANCED_FACE('',(#166),#4446,.F.);
#4625=ADVANCED_FACE('',(#167),#4447,.F.);
#4626=ADVANCED_FACE('',(#168),#4448,.F.);
#4627=ADVANCED_FACE('',(#169),#4449,.F.);
#4628=ADVANCED_FACE('',(#170),#4450,.F.);
#4629=ADVANCED_FACE('',(#171),#4451,.F.);
#4630=ADVANCED_FACE('',(#172),#4452,.F.);
#4631=ADVANCED_FACE('',(#173),#4453,.F.);
#4632=ADVANCED_FACE('',(#174),#4454,.F.);
#4633=ADVANCED_FACE('',(#175),#4455,.F.);
#4634=ADVANCED_FACE('',(#176),#4456,.F.);
#4635=ADVANCED_FACE('',(#177),#4457,.F.);
#4636=ADVANCED_FACE('',(#178),#4458,.F.);
#4637=ADVANCED_FACE('',(#179),#4459,.F.);
#4638=ADVANCED_FACE('',(#180),#4460,.F.);
#4639=ADVANCED_FACE('',(#181),#4461,.F.);
#4640=ADVANCED_FACE('',(#182),#4462,.F.);
#4641=ADVANCED_FACE('',(#183),#4463,.F.);
#4642=ADVANCED_FACE('',(#184),#4464,.F.);
#4643=ADVANCED_FACE('',(#185),#4465,.F.);
#4644=ADVANCED_FACE('',(#186,#30),#4466,.F.);
#4645=ADVANCED_FACE('',(#187),#4467,.F.);
#4646=ADVANCED_FACE('',(#188),#4468,.T.);
#4647=ADVANCED_FACE('',(#189),#4469,.T.);
#4648=ADVANCED_FACE('',(#190),#4470,.T.);
#4649=ADVANCED_FACE('',(#191),#4471,.T.);
#4650=ADVANCED_FACE('',(#192),#4472,.T.);
#4651=ADVANCED_FACE('',(#193),#4473,.T.);
#4652=ADVANCED_FACE('',(#194),#4474,.T.);
#4653=ADVANCED_FACE('',(#195),#4475,.T.);
#4654=ADVANCED_FACE('',(#196),#4476,.T.);
#4655=ADVANCED_FACE('',(#197),#4477,.T.);
#4656=ADVANCED_FACE('',(#198),#4478,.T.);
#4657=ADVANCED_FACE('',(#199),#4479,.F.);
#4658=ADVANCED_FACE('',(#200),#4480,.F.);
#4659=ADVANCED_FACE('',(#201),#4481,.F.);
#4660=ADVANCED_FACE('',(#202),#4482,.F.);
#4661=ADVANCED_FACE('',(#203),#4483,.F.);
#4662=ADVANCED_FACE('',(#204),#4484,.F.);
#4663=ADVANCED_FACE('',(#205),#4485,.F.);
#4664=ADVANCED_FACE('',(#206),#4486,.F.);
#4665=ADVANCED_FACE('',(#207),#4487,.F.);
#4666=ADVANCED_FACE('',(#208),#4488,.F.);
#4667=ADVANCED_FACE('',(#209),#4489,.F.);
#4668=ADVANCED_FACE('',(#210),#4490,.F.);
#4669=ADVANCED_FACE('',(#211),#4491,.F.);
#4670=ADVANCED_FACE('',(#212),#4492,.F.);
#4671=ADVANCED_FACE('',(#213),#4493,.F.);
#4672=ADVANCED_FACE('',(#214),#4494,.F.);
#4673=ADVANCED_FACE('',(#215),#4495,.T.);
#4674=ADVANCED_FACE('',(#216),#4496,.T.);
#4675=ADVANCED_FACE('',(#217),#4497,.T.);
#4676=ADVANCED_FACE('',(#218),#4498,.T.);
#4677=ADVANCED_FACE('',(#219),#4499,.T.);
#4678=ADVANCED_FACE('',(#220),#4500,.T.);
#4679=ADVANCED_FACE('',(#221),#4501,.F.);
#4680=ADVANCED_FACE('',(#222),#4502,.T.);
#4681=ADVANCED_FACE('',(#223,#31),#4503,.T.);
#4682=ADVANCED_FACE('',(#224),#23,.T.);
#4683=ADVANCED_FACE('',(#225),#24,.T.);
#4684=ADVANCED_FACE('',(#226),#25,.T.);
#4685=ADVANCED_FACE('',(#227),#15,.T.);
#4686=ADVANCED_FACE('',(#228),#26,.T.);
#4687=ADVANCED_FACE('',(#229),#16,.T.);
#4688=ADVANCED_FACE('',(#230),#17,.T.);
#4689=ADVANCED_FACE('',(#231),#18,.T.);
#4690=ADVANCED_FACE('',(#232),#19,.T.);
#4691=ADVANCED_FACE('',(#233),#20,.T.);
#4692=ADVANCED_FACE('',(#234),#21,.T.);
#4693=ADVANCED_FACE('',(#235),#22,.T.);
#4694=ADVANCED_FACE('',(#236),#4504,.T.);
#4695=ADVANCED_FACE('',(#237),#4505,.T.);
#4696=CLOSED_SHELL('',(#4506,#4507,#4508,#4509,#4510,#4511,#4512,#4513,
#4514,#4515,#4516,#4517,#4518,#4519,#4520,#4521,#4522,#4523,#4524,#4525,
#4526,#4527,#4528,#4529,#4530,#4531,#4532,#4533,#4534,#4535,#4536,#4537,
#4538,#4539,#4540,#4541,#4542,#4543,#4544,#4545,#4546,#4547,#4548,#4549,
#4550,#4551,#4552,#4553,#4554,#4555,#4556,#4557,#4558,#4559,#4560,#4561,
#4562,#4563,#4564,#4565,#4566,#4567,#4568,#4569,#4570,#4571,#4572,#4573,
#4574,#4575,#4576,#4577,#4578,#4579,#4580,#4581,#4582,#4583,#4584,#4585,
#4586,#4587,#4588,#4589,#4590,#4591,#4592,#4593,#4594,#4595,#4596,#4597,
#4598,#4599,#4600,#4601,#4602,#4603,#4604,#4605,#4606,#4607,#4608,#4609,
#4610,#4611,#4612,#4613,#4614,#4615,#4616,#4617,#4618,#4619,#4620,#4621,
#4622,#4623,#4624,#4625,#4626,#4627,#4628,#4629,#4630,#4631,#4632,#4633,
#4634,#4635,#4636,#4637,#4638,#4639,#4640,#4641,#4642,#4643,#4644,#4645,
#4646,#4647,#4648,#4649,#4650,#4651,#4652,#4653,#4654,#4655,#4656,#4657,
#4658,#4659,#4660,#4661,#4662,#4663,#4664,#4665,#4666,#4667,#4668,#4669,
#4670,#4671,#4672,#4673,#4674,#4675,#4676,#4677,#4678,#4679,#4680,#4681,
#4682,#4683,#4684,#4685,#4686,#4687,#4688,#4689,#4690,#4691,#4692,#4693,
#4694,#4695));
#4697=DERIVED_UNIT_ELEMENT(#4699,1.);
#4698=DERIVED_UNIT_ELEMENT(#7337,-3.);
#4699=(
MASS_UNIT()
NAMED_UNIT(*)
SI_UNIT(.KILO.,.GRAM.)
);
#4700=DERIVED_UNIT((#4697,#4698));
#4701=MEASURE_REPRESENTATION_ITEM('density measure',
POSITIVE_RATIO_MEASURE(7850.),#4700);
#4702=PROPERTY_DEFINITION_REPRESENTATION(#4707,#4704);
#4703=PROPERTY_DEFINITION_REPRESENTATION(#4708,#4705);
#4704=REPRESENTATION('material name',(#4706),#7334);
#4705=REPRESENTATION('density',(#4701),#7334);
#4706=DESCRIPTIVE_REPRESENTATION_ITEM('Stahl','Stahl');
#4707=PROPERTY_DEFINITION('material property','material name',#7344);
#4708=PROPERTY_DEFINITION('material property','density of part',#7344);
#4709=AXIS2_PLACEMENT_3D('',#6014,#4916,#4917);
#4710=AXIS2_PLACEMENT_3D('',#6015,#4918,#4919);
#4711=AXIS2_PLACEMENT_3D('',#6024,#4924,#4925);
#4712=AXIS2_PLACEMENT_3D('',#6042,#4935,#4936);
#4713=AXIS2_PLACEMENT_3D('',#6048,#4940,#4941);
#4714=AXIS2_PLACEMENT_3D('',#6052,#4944,#4945);
#4715=AXIS2_PLACEMENT_3D('',#6061,#4950,#4951);
#4716=AXIS2_PLACEMENT_3D('',#6074,#4959,#4960);
#4717=AXIS2_PLACEMENT_3D('',#6077,#4963,#4964);
#4718=AXIS2_PLACEMENT_3D('',#6079,#4966,#4967);
#4719=AXIS2_PLACEMENT_3D('',#6081,#4969,#4970);
#4720=AXIS2_PLACEMENT_3D('',#6083,#4972,#4973);
#4721=AXIS2_PLACEMENT_3D('',#6085,#4975,#4976);
#4722=AXIS2_PLACEMENT_3D('',#6087,#4978,#4979);
#4723=AXIS2_PLACEMENT_3D('',#6096,#4984,#4985);
#4724=AXIS2_PLACEMENT_3D('',#6102,#4989,#4990);
#4725=AXIS2_PLACEMENT_3D('',#6108,#4994,#4995);
#4726=AXIS2_PLACEMENT_3D('',#6114,#4999,#5000);
#4727=AXIS2_PLACEMENT_3D('',#6120,#5004,#5005);
#4728=AXIS2_PLACEMENT_3D('',#6139,#5015,#5016);
#4729=AXIS2_PLACEMENT_3D('',#6143,#5018,#5019);
#4730=AXIS2_PLACEMENT_3D('',#6151,#5024,#5025);
#4731=AXIS2_PLACEMENT_3D('',#6309,#5105,#5106);
#4732=AXIS2_PLACEMENT_3D('',#6315,#5110,#5111);
#4733=AXIS2_PLACEMENT_3D('',#6321,#5115,#5116);
#4734=AXIS2_PLACEMENT_3D('',#6327,#5120,#5121);
#4735=AXIS2_PLACEMENT_3D('',#6333,#5125,#5126);
#4736=AXIS2_PLACEMENT_3D('',#6342,#5131,#5132);
#4737=AXIS2_PLACEMENT_3D('',#6345,#5135,#5136);
#4738=AXIS2_PLACEMENT_3D('',#6369,#5151,#5152);
#4739=AXIS2_PLACEMENT_3D('',#6378,#5157,#5158);
#4740=AXIS2_PLACEMENT_3D('',#6381,#5160,#5161);
#4741=AXIS2_PLACEMENT_3D('',#6382,#5162,#5163);
#4742=AXIS2_PLACEMENT_3D('',#6388,#5167,#5168);
#4743=AXIS2_PLACEMENT_3D('',#6397,#5173,#5174);
#4744=AXIS2_PLACEMENT_3D('',#6403,#5178,#5179);
#4745=AXIS2_PLACEMENT_3D('',#6409,#5183,#5184);
#4746=AXIS2_PLACEMENT_3D('',#6418,#5189,#5190);
#4747=AXIS2_PLACEMENT_3D('',#6424,#5194,#5195);
#4748=AXIS2_PLACEMENT_3D('',#6430,#5199,#5200);
#4749=AXIS2_PLACEMENT_3D('',#6439,#5205,#5206);
#4750=AXIS2_PLACEMENT_3D('',#6448,#5211,#5212);
#4751=AXIS2_PLACEMENT_3D('',#6451,#5215,#5216);
#4752=AXIS2_PLACEMENT_3D('',#6460,#5221,#5222);
#4753=AXIS2_PLACEMENT_3D('',#6466,#5226,#5227);
#4754=AXIS2_PLACEMENT_3D('',#6475,#5232,#5233);
#4755=AXIS2_PLACEMENT_3D('',#6481,#5237,#5238);
#4756=AXIS2_PLACEMENT_3D('',#6490,#5243,#5244);
#4757=AXIS2_PLACEMENT_3D('',#6493,#5247,#5248);
#4758=AXIS2_PLACEMENT_3D('',#6502,#5253,#5254);
#4759=AXIS2_PLACEMENT_3D('',#6511,#5259,#5260);
#4760=AXIS2_PLACEMENT_3D('',#6514,#5263,#5264);
#4761=AXIS2_PLACEMENT_3D('',#6523,#5269,#5270);
#4762=AXIS2_PLACEMENT_3D('',#6529,#5274,#5275);
#4763=AXIS2_PLACEMENT_3D('',#6535,#5279,#5280);
#4764=AXIS2_PLACEMENT_3D('',#6544,#5285,#5286);
#4765=AXIS2_PLACEMENT_3D('',#6550,#5290,#5291);
#4766=AXIS2_PLACEMENT_3D('',#6556,#5295,#5296);
#4767=AXIS2_PLACEMENT_3D('',#6565,#5301,#5302);
#4768=AXIS2_PLACEMENT_3D('',#6571,#5306,#5307);
#4769=AXIS2_PLACEMENT_3D('',#6577,#5311,#5312);
#4770=AXIS2_PLACEMENT_3D('',#6586,#5317,#5318);
#4771=AXIS2_PLACEMENT_3D('',#6592,#5322,#5323);
#4772=AXIS2_PLACEMENT_3D('',#6598,#5327,#5328);
#4773=AXIS2_PLACEMENT_3D('',#6607,#5333,#5334);
#4774=AXIS2_PLACEMENT_3D('',#6613,#5338,#5339);
#4775=AXIS2_PLACEMENT_3D('',#6619,#5343,#5344);
#4776=AXIS2_PLACEMENT_3D('',#6628,#5349,#5350);
#4777=AXIS2_PLACEMENT_3D('',#6634,#5354,#5355);
#4778=AXIS2_PLACEMENT_3D('',#6640,#5359,#5360);
#4779=AXIS2_PLACEMENT_3D('',#6649,#5365,#5366);
#4780=AXIS2_PLACEMENT_3D('',#6655,#5370,#5371);
#4781=AXIS2_PLACEMENT_3D('',#6661,#5375,#5376);
#4782=AXIS2_PLACEMENT_3D('',#6670,#5381,#5382);
#4783=AXIS2_PLACEMENT_3D('',#6679,#5387,#5388);
#4784=AXIS2_PLACEMENT_3D('',#6682,#5391,#5392);
#4785=AXIS2_PLACEMENT_3D('',#6691,#5397,#5398);
#4786=AXIS2_PLACEMENT_3D('',#6697,#5402,#5403);
#4787=AXIS2_PLACEMENT_3D('',#6703,#5407,#5408);
#4788=AXIS2_PLACEMENT_3D('',#6722,#5419,#5420);
#4789=AXIS2_PLACEMENT_3D('',#6741,#5431,#5432);
#4790=AXIS2_PLACEMENT_3D('',#6760,#5443,#5444);
#4791=AXIS2_PLACEMENT_3D('',#6764,#5447,#5448);
#4792=AXIS2_PLACEMENT_3D('',#6767,#5451,#5452);
#4793=AXIS2_PLACEMENT_3D('',#6770,#5455,#5456);
#4794=AXIS2_PLACEMENT_3D('',#6785,#5471,#5472);
#4795=AXIS2_PLACEMENT_3D('',#6790,#5476,#5477);
#4796=AXIS2_PLACEMENT_3D('',#6945,#5563,#5564);
#4797=AXIS2_PLACEMENT_3D('',#6951,#5568,#5569);
#4798=AXIS2_PLACEMENT_3D('',#6957,#5573,#5574);
#4799=AXIS2_PLACEMENT_3D('',#6963,#5578,#5579);
#4800=AXIS2_PLACEMENT_3D('',#6966,#5582,#5583);
#4801=AXIS2_PLACEMENT_3D('',#6972,#5587,#5588);
#4802=AXIS2_PLACEMENT_3D('',#6975,#5591,#5592);
#4803=AXIS2_PLACEMENT_3D('',#6981,#5596,#5597);
#4804=AXIS2_PLACEMENT_3D('',#6987,#5601,#5602);
#4805=AXIS2_PLACEMENT_3D('',#6993,#5606,#5607);
#4806=AXIS2_PLACEMENT_3D('',#7002,#5612,#5613);
#4807=AXIS2_PLACEMENT_3D('',#7005,#5616,#5617);
#4808=AXIS2_PLACEMENT_3D('',#7008,#5620,#5621);
#4809=AXIS2_PLACEMENT_3D('',#7017,#5626,#5627);
#4810=AXIS2_PLACEMENT_3D('',#7020,#5630,#5631);
#4811=AXIS2_PLACEMENT_3D('',#7023,#5634,#5635);
#4812=AXIS2_PLACEMENT_3D('',#7029,#5639,#5640);
#4813=AXIS2_PLACEMENT_3D('',#7030,#5641,#5642);
#4814=AXIS2_PLACEMENT_3D('',#7032,#5644,#5645);
#4815=AXIS2_PLACEMENT_3D('',#7034,#5647,#5648);
#4816=AXIS2_PLACEMENT_3D('',#7056,#5664,#5665);
#4817=AXIS2_PLACEMENT_3D('',#7067,#5675,#5676);
#4818=AXIS2_PLACEMENT_3D('',#7070,#5679,#5680);
#4819=AXIS2_PLACEMENT_3D('',#7073,#5683,#5684);
#4820=AXIS2_PLACEMENT_3D('',#7076,#5687,#5688);
#4821=AXIS2_PLACEMENT_3D('',#7079,#5691,#5692);
#4822=AXIS2_PLACEMENT_3D('',#7082,#5695,#5696);
#4823=AXIS2_PLACEMENT_3D('',#7085,#5699,#5700);
#4824=AXIS2_PLACEMENT_3D('',#7089,#5703,#5704);
#4825=AXIS2_PLACEMENT_3D('',#7091,#5706,#5707);
#4826=AXIS2_PLACEMENT_3D('',#7095,#5710,#5711);
#4827=AXIS2_PLACEMENT_3D('',#7097,#5713,#5714);
#4828=AXIS2_PLACEMENT_3D('',#7100,#5717,#5718);
#4829=AXIS2_PLACEMENT_3D('',#7103,#5721,#5722);
#4830=AXIS2_PLACEMENT_3D('',#7106,#5725,#5726);
#4831=AXIS2_PLACEMENT_3D('',#7109,#5729,#5730);
#4832=AXIS2_PLACEMENT_3D('',#7112,#5733,#5734);
#4833=AXIS2_PLACEMENT_3D('',#7115,#5737,#5738);
#4834=AXIS2_PLACEMENT_3D('',#7118,#5741,#5742);
#4835=AXIS2_PLACEMENT_3D('',#7121,#5745,#5746);
#4836=AXIS2_PLACEMENT_3D('',#7124,#5749,#5750);
#4837=AXIS2_PLACEMENT_3D('',#7127,#5753,#5754);
#4838=AXIS2_PLACEMENT_3D('',#7130,#5757,#5758);
#4839=AXIS2_PLACEMENT_3D('',#7134,#5761,#5762);
#4840=AXIS2_PLACEMENT_3D('',#7138,#5765,#5766);
#4841=AXIS2_PLACEMENT_3D('',#7140,#5768,#5769);
#4842=AXIS2_PLACEMENT_3D('',#7144,#5772,#5773);
#4843=AXIS2_PLACEMENT_3D('',#7148,#5776,#5777);
#4844=AXIS2_PLACEMENT_3D('',#7150,#5779,#5780);
#4845=AXIS2_PLACEMENT_3D('',#7153,#5783,#5784);
#4846=AXIS2_PLACEMENT_3D('',#7156,#5787,#5788);
#4847=AXIS2_PLACEMENT_3D('',#7159,#5791,#5792);
#4848=AXIS2_PLACEMENT_3D('',#7162,#5795,#5796);
#4849=AXIS2_PLACEMENT_3D('',#7165,#5799,#5800);
#4850=AXIS2_PLACEMENT_3D('',#7168,#5803,#5804);
#4851=AXIS2_PLACEMENT_3D('',#7172,#5807,#5808);
#4852=AXIS2_PLACEMENT_3D('',#7175,#5811,#5812);
#4853=AXIS2_PLACEMENT_3D('',#7193,#5828,#5829);
#4854=AXIS2_PLACEMENT_3D('',#7196,#5832,#5833);
#4855=AXIS2_PLACEMENT_3D('',#7201,#5837,#5838);
#4856=AXIS2_PLACEMENT_3D('',#7203,#5840,#5841);
#4857=AXIS2_PLACEMENT_3D('',#7205,#5843,#5844);
#4858=AXIS2_PLACEMENT_3D('',#7212,#5849,#5850);
#4859=AXIS2_PLACEMENT_3D('',#7214,#5852,#5853);
#4860=AXIS2_PLACEMENT_3D('',#7216,#5855,#5856);
#4861=AXIS2_PLACEMENT_3D('',#7218,#5858,#5859);
#4862=AXIS2_PLACEMENT_3D('',#7220,#5861,#5862);
#4863=AXIS2_PLACEMENT_3D('',#7222,#5864,#5865);
#4864=AXIS2_PLACEMENT_3D('',#7224,#5867,#5868);
#4865=AXIS2_PLACEMENT_3D('',#7231,#5873,#5874);
#4866=AXIS2_PLACEMENT_3D('',#7233,#5876,#5877);
#4867=AXIS2_PLACEMENT_3D('',#7235,#5879,#5880);
#4868=AXIS2_PLACEMENT_3D('',#7239,#5883,#5884);
#4869=AXIS2_PLACEMENT_3D('',#7241,#5886,#5887);
#4870=AXIS2_PLACEMENT_3D('',#7245,#5890,#5891);
#4871=AXIS2_PLACEMENT_3D('',#7247,#5893,#5894);
#4872=AXIS2_PLACEMENT_3D('',#7251,#5897,#5898);
#4873=AXIS2_PLACEMENT_3D('',#7253,#5900,#5901);
#4874=AXIS2_PLACEMENT_3D('',#7255,#5903,#5904);
#4875=AXIS2_PLACEMENT_3D('',#7261,#5908,#5909);
#4876=AXIS2_PLACEMENT_3D('',#7263,#5911,#5912);
#4877=AXIS2_PLACEMENT_3D('',#7265,#5914,#5915);
#4878=AXIS2_PLACEMENT_3D('',#7271,#5919,#5920);
#4879=AXIS2_PLACEMENT_3D('',#7273,#5922,#5923);
#4880=AXIS2_PLACEMENT_3D('',#7275,#5925,#5926);
#4881=AXIS2_PLACEMENT_3D('',#7277,#5928,#5929);
#4882=AXIS2_PLACEMENT_3D('',#7280,#5932,#5933);
#4883=AXIS2_PLACEMENT_3D('',#7281,#5934,#5935);
#4884=AXIS2_PLACEMENT_3D('',#7284,#5938,#5939);
#4885=AXIS2_PLACEMENT_3D('',#7287,#5942,#5943);
#4886=AXIS2_PLACEMENT_3D('',#7290,#5946,#5947);
#4887=AXIS2_PLACEMENT_3D('',#7296,#5951,#5952);
#4888=AXIS2_PLACEMENT_3D('',#7297,#5953,#5954);
#4889=AXIS2_PLACEMENT_3D('',#7299,#5956,#5957);
#4890=AXIS2_PLACEMENT_3D('',#7301,#5959,#5960);
#4891=AXIS2_PLACEMENT_3D('',#7302,#5961,#5962);
#4892=AXIS2_PLACEMENT_3D('',#7304,#5963,#5964);
#4893=AXIS2_PLACEMENT_3D('',#7305,#5965,#5966);
#4894=AXIS2_PLACEMENT_3D('',#7306,#5967,#5968);
#4895=AXIS2_PLACEMENT_3D('',#7307,#5969,#5970);
#4896=AXIS2_PLACEMENT_3D('',#7308,#5971,#5972);
#4897=AXIS2_PLACEMENT_3D('',#7309,#5973,#5974);
#4898=AXIS2_PLACEMENT_3D('',#7310,#5975,#5976);
#4899=AXIS2_PLACEMENT_3D('',#7312,#5977,#5978);
#4900=AXIS2_PLACEMENT_3D('',#7313,#5979,#5980);
#4901=AXIS2_PLACEMENT_3D('',#7314,#5981,#5982);
#4902=AXIS2_PLACEMENT_3D('',#7315,#5983,#5984);
#4903=AXIS2_PLACEMENT_3D('',#7317,#5986,#5987);
#4904=AXIS2_PLACEMENT_3D('',#7318,#5988,#5989);
#4905=AXIS2_PLACEMENT_3D('',#7319,#5990,#5991);
#4906=AXIS2_PLACEMENT_3D('',#7320,#5992,#5993);
#4907=AXIS2_PLACEMENT_3D('',#7321,#5994,#5995);
#4908=AXIS2_PLACEMENT_3D('',#7322,#5996,#5997);
#4909=AXIS2_PLACEMENT_3D('',#7323,#5998,#5999);
#4910=AXIS2_PLACEMENT_3D('',#7324,#6000,#6001);
#4911=AXIS2_PLACEMENT_3D('',#7326,#6003,#6004);
#4912=AXIS2_PLACEMENT_3D('',#7327,#6005,#6006);
#4913=AXIS2_PLACEMENT_3D('',#7328,#6007,#6008);
#4914=AXIS2_PLACEMENT_3D('',#7330,#6010,#6011);
#4915=AXIS2_PLACEMENT_3D('',#7331,#6012,#6013);
#4916=DIRECTION('axis',(0.,0.,1.));
#4917=DIRECTION('refdir',(1.,0.,0.));
#4918=DIRECTION('center_axis',(0.,0.707106296497633,0.70710726587513));
#4919=DIRECTION('ref_axis',(1.,0.,0.));
#4920=DIRECTION('',(0.,0.70710726587513,-0.707106296497633));
#4921=DIRECTION('',(1.,0.,0.));
#4922=DIRECTION('',(0.,-0.70710726587513,0.707106296497633));
#4923=DIRECTION('',(-1.,0.,0.));
#4924=DIRECTION('center_axis',(0.,0.,-1.));
#4925=DIRECTION('ref_axis',(1.,0.,0.));
#4926=DIRECTION('',(0.,-1.,0.));
#4927=DIRECTION('',(1.,0.,0.));
#4928=DIRECTION('',(0.707106781186548,-0.707106781186547,0.));
#4929=DIRECTION('',(0.,-1.,0.));
#4930=DIRECTION('',(-1.,0.,0.));
#4931=DIRECTION('',(0.,-1.,0.));
#4932=DIRECTION('',(0.707106781186546,0.707106781186549,0.));
#4933=DIRECTION('',(1.,0.,0.));
#4934=DIRECTION('',(0.,-1.,0.));
#4935=DIRECTION('center_axis',(0.707106781186547,0.707106781186548,0.));
#4936=DIRECTION('ref_axis',(0.,0.,-1.));
#4937=DIRECTION('',(0.,0.,1.));
#4938=DIRECTION('',(-0.707106781186548,0.707106781186547,0.));
#4939=DIRECTION('',(0.,0.,-1.));
#4940=DIRECTION('center_axis',(0.,-1.,0.));
#4941=DIRECTION('ref_axis',(0.,0.,-1.));
#4942=DIRECTION('',(0.,0.,-1.));
#4943=DIRECTION('',(-1.,0.,0.));
#4944=DIRECTION('center_axis',(0.,0.707107634659709,-0.707105927712356));
#4945=DIRECTION('ref_axis',(-1.,0.,0.));
#4946=DIRECTION('',(0.,0.707105927712356,0.707107634659709));
#4947=DIRECTION('',(-1.,0.,0.));
#4948=DIRECTION('',(0.,-0.707105927712356,-0.707107634659709));
#4949=DIRECTION('',(1.,0.,0.));
#4950=DIRECTION('center_axis',(0.,0.,1.));
#4951=DIRECTION('ref_axis',(-1.,0.,0.));
#4952=DIRECTION('',(0.,-1.,0.));
#4953=DIRECTION('',(-1.,0.,0.));
#4954=DIRECTION('',(-0.707106781186546,-0.707106781186549,0.));
#4955=DIRECTION('',(0.,-1.,0.));
#4956=DIRECTION('',(1.,0.,0.));
#4957=DIRECTION('',(0.,-1.,0.));
#4958=DIRECTION('',(0.,-1.,0.));
#4959=DIRECTION('center_axis',(-0.707106781186549,0.707106781186546,0.));
#4960=DIRECTION('ref_axis',(0.,0.,1.));
#4961=DIRECTION('',(0.,0.,-1.));
#4962=DIRECTION('',(0.,0.,1.));
#4963=DIRECTION('center_axis',(0.,-1.,0.));
#4964=DIRECTION('ref_axis',(0.,0.,-1.));
#4965=DIRECTION('',(0.,0.,1.));
#4966=DIRECTION('center_axis',(1.,0.,0.));
#4967=DIRECTION('ref_axis',(0.,0.,1.));
#4968=DIRECTION('',(0.,0.,1.));
#4969=DIRECTION('center_axis',(-1.,0.,0.));
#4970=DIRECTION('ref_axis',(0.,0.,-1.));
#4971=DIRECTION('',(0.,0.,-1.));
#4972=DIRECTION('center_axis',(1.,0.,0.));
#4973=DIRECTION('ref_axis',(0.,0.,1.));
#4974=DIRECTION('',(0.,0.,-1.));
#4975=DIRECTION('center_axis',(-1.,0.,0.));
#4976=DIRECTION('ref_axis',(0.,0.,-1.));
#4977=DIRECTION('',(0.,0.,1.));
#4978=DIRECTION('center_axis',(0.,0.,-1.));
#4979=DIRECTION('ref_axis',(1.,0.,0.));
#4980=DIRECTION('',(1.,0.,0.));
#4981=DIRECTION('',(0.,-1.,0.));
#4982=DIRECTION('',(1.,0.,0.));
#4983=DIRECTION('',(0.,-1.,0.));
#4984=DIRECTION('center_axis',(0.,-1.,0.));
#4985=DIRECTION('ref_axis',(0.,0.,-1.));
#4986=DIRECTION('',(-1.,0.,0.));
#4987=DIRECTION('',(0.,0.,1.));
#4988=DIRECTION('',(0.,0.,-1.));
#4989=DIRECTION('center_axis',(0.,-1.,0.));
#4990=DIRECTION('ref_axis',(0.,0.,-1.));
#4991=DIRECTION('',(0.,0.,1.));
#4992=DIRECTION('',(1.,0.,0.));
#4993=DIRECTION('',(0.,0.,-1.));
#4994=DIRECTION('center_axis',(-1.,0.,0.));
#4995=DIRECTION('ref_axis',(0.,0.,-1.));
#4996=DIRECTION('',(0.,0.,-1.));
#4997=DIRECTION('',(0.,1.,0.));
#4998=DIRECTION('',(0.,-1.,0.));
#4999=DIRECTION('center_axis',(1.,0.,0.));
#5000=DIRECTION('ref_axis',(0.,0.,1.));
#5001=DIRECTION('',(0.,0.,1.));
#5002=DIRECTION('',(0.,1.,0.));
#5003=DIRECTION('',(0.,-1.,0.));
#5004=DIRECTION('center_axis',(0.,1.,0.));
#5005=DIRECTION('ref_axis',(0.,0.,1.));
#5006=DIRECTION('',(-1.,0.,0.));
#5007=DIRECTION('',(0.,0.,-1.));
#5008=DIRECTION('',(1.,0.,0.));
#5009=DIRECTION('',(0.,0.,1.));
#5010=DIRECTION('',(-1.,0.,0.));
#5011=DIRECTION('',(1.,0.,0.));
#5012=DIRECTION('',(0.,0.,1.));
#5013=DIRECTION('',(1.,0.,0.));
#5014=DIRECTION('',(0.,0.,-1.));
#5015=DIRECTION('center_axis',(0.,-1.,0.));
#5016=DIRECTION('ref_axis',(0.707106781186548,0.,-0.707106781186548));
#5017=DIRECTION('',(-1.,0.,0.));
#5018=DIRECTION('center_axis',(0.,-1.,0.));
#5019=DIRECTION('ref_axis',(-0.707106781186547,0.,-0.707106781186548));
#5020=DIRECTION('',(0.,0.,1.));
#5021=DIRECTION('',(1.,0.,0.));
#5022=DIRECTION('',(0.,0.,-1.));
#5023=DIRECTION('',(1.,0.,0.));
#5024=DIRECTION('center_axis',(0.,0.,-1.));
#5025=DIRECTION('ref_axis',(-1.,0.,0.));
#5026=DIRECTION('',(0.,1.,0.));
#5027=DIRECTION('',(-1.,0.,0.));
#5028=DIRECTION('',(0.,1.,0.));
#5029=DIRECTION('',(-1.,0.,0.));
#5030=DIRECTION('',(0.,1.,0.));
#5031=DIRECTION('',(-1.,0.,0.));
#5032=DIRECTION('',(0.,1.,0.));
#5033=DIRECTION('',(-1.,0.,0.));
#5034=DIRECTION('',(0.,1.,0.));
#5035=DIRECTION('',(-1.,0.,0.));
#5036=DIRECTION('',(0.,1.,0.));
#5037=DIRECTION('',(-1.,0.,0.));
#5038=DIRECTION('',(0.,1.,0.));
#5039=DIRECTION('',(-1.,0.,0.));
#5040=DIRECTION('',(0.,1.,0.));
#5041=DIRECTION('',(-1.,0.,0.));
#5042=DIRECTION('',(0.,1.,0.));
#5043=DIRECTION('',(1.,0.,0.));
#5044=DIRECTION('',(0.,1.,0.));
#5045=DIRECTION('',(-1.,0.,0.));
#5046=DIRECTION('',(0.,1.,0.));
#5047=DIRECTION('',(1.,0.,0.));
#5048=DIRECTION('',(0.,1.,0.));
#5049=DIRECTION('',(-1.,0.,0.));
#5050=DIRECTION('',(0.,1.,0.));
#5051=DIRECTION('',(1.,0.,0.));
#5052=DIRECTION('',(0.,1.,0.));
#5053=DIRECTION('',(-1.,0.,0.));
#5054=DIRECTION('',(0.,1.,0.));
#5055=DIRECTION('',(1.,0.,0.));
#5056=DIRECTION('',(0.,1.,0.));
#5057=DIRECTION('',(-1.,0.,0.));
#5058=DIRECTION('',(0.,1.,0.));
#5059=DIRECTION('',(1.,0.,0.));
#5060=DIRECTION('',(0.,1.,0.));
#5061=DIRECTION('',(-1.,0.,0.));
#5062=DIRECTION('',(0.,1.,0.));
#5063=DIRECTION('',(1.,0.,0.));
#5064=DIRECTION('',(0.,1.,0.));
#5065=DIRECTION('',(-1.,0.,0.));
#5066=DIRECTION('',(0.,1.,0.));
#5067=DIRECTION('',(1.,0.,0.));
#5068=DIRECTION('',(0.,1.,0.));
#5069=DIRECTION('',(-1.,0.,0.));
#5070=DIRECTION('',(0.,1.,0.));
#5071=DIRECTION('',(1.,0.,0.));
#5072=DIRECTION('',(0.,1.,0.));
#5073=DIRECTION('',(-1.,0.,0.));
#5074=DIRECTION('',(0.,1.,0.));
#5075=DIRECTION('',(1.,0.,0.));
#5076=DIRECTION('',(0.,1.,0.));
#5077=DIRECTION('',(-1.,0.,0.));
#5078=DIRECTION('',(0.,1.,0.));
#5079=DIRECTION('',(1.,0.,0.));
#5080=DIRECTION('',(0.,1.,0.));
#5081=DIRECTION('',(-1.,0.,0.));
#5082=DIRECTION('',(0.,1.,0.));
#5083=DIRECTION('',(1.,0.,0.));
#5084=DIRECTION('',(0.,1.,0.));
#5085=DIRECTION('',(-1.,0.,0.));
#5086=DIRECTION('',(0.,1.,0.));
#5087=DIRECTION('',(1.,0.,0.));
#5088=DIRECTION('',(0.,1.,0.));
#5089=DIRECTION('',(-1.,0.,0.));
#5090=DIRECTION('',(0.,-1.,-4.93432446403005E-16));
#5091=DIRECTION('',(1.,0.,0.));
#5092=DIRECTION('',(0.,-1.,0.));
#5093=DIRECTION('',(1.,0.,0.));
#5094=DIRECTION('',(0.,-1.,-4.93432446403005E-16));
#5095=DIRECTION('',(1.,0.,0.));
#5096=DIRECTION('',(0.,-1.,0.));
#5097=DIRECTION('',(1.,0.,0.));
#5098=DIRECTION('',(0.,-1.,-4.93432446403005E-16));
#5099=DIRECTION('',(1.,0.,0.));
#5100=DIRECTION('',(0.,-1.,0.));
#5101=DIRECTION('',(1.,0.,0.));
#5102=DIRECTION('',(0.,-1.,-4.93432446403005E-16));
#5103=DIRECTION('',(1.,0.,0.));
#5104=DIRECTION('',(0.,-1.,0.));
#5105=DIRECTION('center_axis',(0.,0.,-1.));
#5106=DIRECTION('ref_axis',(1.,0.,0.));
#5107=DIRECTION('',(0.,-1.,0.));
#5108=DIRECTION('',(0.,1.,0.));
#5109=DIRECTION('',(1.,0.,0.));
#5110=DIRECTION('center_axis',(0.,-1.,0.));
#5111=DIRECTION('ref_axis',(0.,0.,-1.));
#5112=DIRECTION('',(0.,0.,1.));
#5113=DIRECTION('',(0.,0.,-1.));
#5114=DIRECTION('',(-1.,0.,0.));
#5115=DIRECTION('center_axis',(0.,0.,1.));
#5116=DIRECTION('ref_axis',(-1.,0.,0.));
#5117=DIRECTION('',(0.,1.,0.));
#5118=DIRECTION('',(0.,-1.,0.));
#5119=DIRECTION('',(-1.,0.,0.));
#5120=DIRECTION('center_axis',(0.,0.,-1.));
#5121=DIRECTION('ref_axis',(1.,0.,0.));
#5122=DIRECTION('',(0.,1.,0.));
#5123=DIRECTION('',(1.,0.,0.));
#5124=DIRECTION('',(0.,-1.,0.));
#5125=DIRECTION('center_axis',(0.,0.,1.));
#5126=DIRECTION('ref_axis',(-1.,0.,0.));
#5127=DIRECTION('',(0.,-1.,0.));
#5128=DIRECTION('',(-1.,0.,0.));
#5129=DIRECTION('',(0.,1.,0.));
#5130=DIRECTION('',(-1.,0.,0.));
#5131=DIRECTION('center_axis',(0.,-1.,0.));
#5132=DIRECTION('ref_axis',(0.,0.,-1.));
#5133=DIRECTION('',(0.,0.,-1.));
#5134=DIRECTION('',(0.,0.,1.));
#5135=DIRECTION('center_axis',(1.,0.,0.));
#5136=DIRECTION('ref_axis',(0.,0.,-1.));
#5137=DIRECTION('',(0.,0.,-1.));
#5138=DIRECTION('',(0.,1.,0.));
#5139=DIRECTION('',(0.,0.,1.));
#5140=DIRECTION('',(0.,0.707106781186548,-0.707106781186547));
#5141=DIRECTION('',(0.,0.,-1.));
#5142=DIRECTION('',(0.,-1.,0.));
#5143=DIRECTION('',(0.,0.,-1.));
#5144=DIRECTION('',(0.,-0.707106885527675,0.707106676845404));
#5145=DIRECTION('',(0.,-0.707106781186547,0.707106781186548));
#5146=DIRECTION('',(0.,0.707106781186547,-0.707106781186548));
#5147=DIRECTION('',(0.,0.,-1.));
#5148=DIRECTION('',(0.,-0.707106781186547,0.707106781186548));
#5149=DIRECTION('',(0.,0.707106781186548,-0.707106781186548));
#5150=DIRECTION('',(0.,0.,-1.));
#5151=DIRECTION('center_axis',(0.,1.,0.));
#5152=DIRECTION('ref_axis',(0.,0.,1.));
#5153=DIRECTION('',(0.,0.,1.));
#5154=DIRECTION('',(-1.,0.,0.));
#5155=DIRECTION('',(0.,0.,-1.));
#5156=DIRECTION('',(0.,0.,1.));
#5157=DIRECTION('center_axis',(0.,-1.,0.));
#5158=DIRECTION('ref_axis',(-0.707106781186546,0.,0.707106781186549));
#5159=DIRECTION('',(1.,0.,0.));
#5160=DIRECTION('center_axis',(0.,-1.,0.));
#5161=DIRECTION('ref_axis',(0.707106781186549,0.,0.707106781186546));
#5162=DIRECTION('center_axis',(-1.,0.,0.));
#5163=DIRECTION('ref_axis',(0.,0.,1.));
#5164=DIRECTION('',(0.,1.,0.));
#5165=DIRECTION('',(0.,-1.58603289232165E-17,1.));
#5166=DIRECTION('',(0.,-1.,0.));
#5167=DIRECTION('center_axis',(0.707106781186548,0.707106781186547,0.));
#5168=DIRECTION('ref_axis',(-0.707106781186547,0.707106781186548,0.));
#5169=DIRECTION('',(0.707106781186547,-0.707106781186548,0.));
#5170=DIRECTION('',(0.,0.,1.));
#5171=DIRECTION('',(-0.707106781186547,0.707106781186548,0.));
#5172=DIRECTION('',(0.,0.,1.));
#5173=DIRECTION('center_axis',(-1.,0.,0.));
#5174=DIRECTION('ref_axis',(0.,-1.,0.));
#5175=DIRECTION('',(0.,1.,0.));
#5176=DIRECTION('',(0.,0.,1.));
#5177=DIRECTION('',(0.,-1.,0.));
#5178=DIRECTION('center_axis',(-0.707106781186548,-0.707106781186547,0.));
#5179=DIRECTION('ref_axis',(0.707106781186547,-0.707106781186548,0.));
#5180=DIRECTION('',(-0.707106781186547,0.707106781186548,0.));
#5181=DIRECTION('',(0.,0.,1.));
#5182=DIRECTION('',(0.707106781186547,-0.707106781186548,0.));
#5183=DIRECTION('center_axis',(0.707106781186547,0.707106781186548,0.));
#5184=DIRECTION('ref_axis',(-0.707106781186548,0.707106781186547,0.));
#5185=DIRECTION('',(0.707106781186548,-0.707106781186547,0.));
#5186=DIRECTION('',(0.,0.,1.));
#5187=DIRECTION('',(-0.707106781186548,0.707106781186547,0.));
#5188=DIRECTION('',(0.,0.,1.));
#5189=DIRECTION('center_axis',(0.,1.,0.));
#5190=DIRECTION('ref_axis',(-1.,0.,0.));
#5191=DIRECTION('',(1.,0.,0.));
#5192=DIRECTION('',(0.,0.,1.));
#5193=DIRECTION('',(-1.,0.,0.));
#5194=DIRECTION('center_axis',(-0.707106781186547,-0.707106781186548,0.));
#5195=DIRECTION('ref_axis',(0.707106781186548,-0.707106781186547,0.));
#5196=DIRECTION('',(-0.707106781186548,0.707106781186547,0.));
#5197=DIRECTION('',(0.,0.,1.));
#5198=DIRECTION('',(0.707106781186548,-0.707106781186547,0.));
#5199=DIRECTION('center_axis',(0.707106781186547,0.707106781186548,0.));
#5200=DIRECTION('ref_axis',(-0.707106781186548,0.707106781186547,0.));
#5201=DIRECTION('',(0.707106781186548,-0.707106781186547,0.));
#5202=DIRECTION('',(0.,0.,1.));
#5203=DIRECTION('',(-0.707106781186548,0.707106781186547,0.));
#5204=DIRECTION('',(0.,0.,1.));
#5205=DIRECTION('center_axis',(-0.707106781186547,-0.707106781186548,0.));
#5206=DIRECTION('ref_axis',(0.707106781186548,-0.707106781186547,0.));
#5207=DIRECTION('',(-0.707106781186548,0.707106781186547,0.));
#5208=DIRECTION('',(0.,0.,1.));
#5209=DIRECTION('',(0.707106781186548,-0.707106781186547,0.));
#5210=DIRECTION('',(0.,0.,1.));
#5211=DIRECTION('center_axis',(0.,1.,0.));
#5212=DIRECTION('ref_axis',(-1.,0.,0.));
#5213=DIRECTION('',(1.,0.,0.));
#5214=DIRECTION('',(-1.,0.,0.));
#5215=DIRECTION('center_axis',(-0.707106781186547,-0.707106781186548,0.));
#5216=DIRECTION('ref_axis',(0.707106781186548,-0.707106781186547,0.));
#5217=DIRECTION('',(-0.707106781186548,0.707106781186547,0.));
#5218=DIRECTION('',(0.,0.,1.));
#5219=DIRECTION('',(0.707106781186548,-0.707106781186547,0.));
#5220=DIRECTION('',(0.,0.,1.));
#5221=DIRECTION('center_axis',(0.,1.,0.));
#5222=DIRECTION('ref_axis',(-1.,0.,0.));
#5223=DIRECTION('',(1.,0.,0.));
#5224=DIRECTION('',(-1.,0.,0.));
#5225=DIRECTION('',(0.,0.,1.));
#5226=DIRECTION('center_axis',(0.707106781186547,0.707106781186548,0.));
#5227=DIRECTION('ref_axis',(-0.707106781186548,0.707106781186547,0.));
#5228=DIRECTION('',(0.707106781186548,-0.707106781186547,0.));
#5229=DIRECTION('',(0.,0.,1.));
#5230=DIRECTION('',(-0.707106781186548,0.707106781186547,0.));
#5231=DIRECTION('',(0.,0.,1.));
#5232=DIRECTION('center_axis',(1.,0.,0.));
#5233=DIRECTION('ref_axis',(0.,1.,0.));
#5234=DIRECTION('',(0.,-1.,0.));
#5235=DIRECTION('',(0.,1.,0.));
#5236=DIRECTION('',(0.,0.,1.));
#5237=DIRECTION('center_axis',(-0.707106781186545,-0.70710678118655,0.));
#5238=DIRECTION('ref_axis',(0.70710678118655,-0.707106781186545,0.));
#5239=DIRECTION('',(-0.70710678118655,0.707106781186545,0.));
#5240=DIRECTION('',(0.,0.,1.));
#5241=DIRECTION('',(0.70710678118655,-0.707106781186545,0.));
#5242=DIRECTION('',(0.,0.,1.));
#5243=DIRECTION('center_axis',(0.,1.,0.));
#5244=DIRECTION('ref_axis',(-1.,0.,0.));
#5245=DIRECTION('',(1.,0.,0.));
#5246=DIRECTION('',(-1.,0.,0.));
#5247=DIRECTION('center_axis',(0.707106781186546,0.707106781186549,0.));
#5248=DIRECTION('ref_axis',(-0.707106781186549,0.707106781186546,0.));
#5249=DIRECTION('',(0.707106781186549,-0.707106781186546,0.));
#5250=DIRECTION('',(0.,0.,1.));
#5251=DIRECTION('',(-0.707106781186549,0.707106781186546,0.));
#5252=DIRECTION('',(0.,0.,1.));
#5253=DIRECTION('center_axis',(-0.707106781186547,-0.707106781186548,0.));
#5254=DIRECTION('ref_axis',(0.707106781186548,-0.707106781186547,0.));
#5255=DIRECTION('',(-0.707106781186548,0.707106781186547,0.));
#5256=DIRECTION('',(0.,0.,1.));
#5257=DIRECTION('',(0.707106781186548,-0.707106781186547,0.));
#5258=DIRECTION('',(0.,0.,1.));
#5259=DIRECTION('center_axis',(0.,1.,0.));
#5260=DIRECTION('ref_axis',(-1.,0.,0.));
#5261=DIRECTION('',(1.,0.,0.));
#5262=DIRECTION('',(-1.,0.,0.));
#5263=DIRECTION('center_axis',(0.707106781186548,0.707106781186548,0.));
#5264=DIRECTION('ref_axis',(-0.707106781186548,0.707106781186548,0.));
#5265=DIRECTION('',(0.707106781186548,-0.707106781186548,0.));
#5266=DIRECTION('',(0.,0.,1.));
#5267=DIRECTION('',(-0.707106781186548,0.707106781186548,0.));
#5268=DIRECTION('',(0.,0.,1.));
#5269=DIRECTION('center_axis',(0.,1.,0.));
#5270=DIRECTION('ref_axis',(-1.,0.,0.));
#5271=DIRECTION('',(1.,0.,0.));
#5272=DIRECTION('',(0.,0.,1.));
#5273=DIRECTION('',(-1.,0.,0.));
#5274=DIRECTION('center_axis',(-0.707106781186547,-0.707106781186548,0.));
#5275=DIRECTION('ref_axis',(0.707106781186548,-0.707106781186547,0.));
#5276=DIRECTION('',(-0.707106781186548,0.707106781186547,0.));
#5277=DIRECTION('',(0.,0.,1.));
#5278=DIRECTION('',(0.707106781186548,-0.707106781186547,0.));
#5279=DIRECTION('center_axis',(0.707106781186547,0.707106781186548,0.));
#5280=DIRECTION('ref_axis',(-0.707106781186548,0.707106781186547,0.));
#5281=DIRECTION('',(0.707106781186548,-0.707106781186547,0.));
#5282=DIRECTION('',(0.,0.,1.));
#5283=DIRECTION('',(-0.707106781186548,0.707106781186547,0.));
#5284=DIRECTION('',(0.,0.,1.));
#5285=DIRECTION('center_axis',(-1.,0.,0.));
#5286=DIRECTION('ref_axis',(0.,-1.,0.));
#5287=DIRECTION('',(0.,1.,0.));
#5288=DIRECTION('',(0.,0.,1.));
#5289=DIRECTION('',(0.,-1.,0.));
#5290=DIRECTION('center_axis',(-0.707106781186549,-0.707106781186546,0.));
#5291=DIRECTION('ref_axis',(0.707106781186546,-0.707106781186549,0.));
#5292=DIRECTION('',(-0.707106781186546,0.707106781186549,0.));
#5293=DIRECTION('',(0.,0.,1.));
#5294=DIRECTION('',(0.707106781186546,-0.707106781186549,0.));
#5295=DIRECTION('center_axis',(0.707106781186548,0.707106781186548,0.));
#5296=DIRECTION('ref_axis',(-0.707106781186548,0.707106781186548,0.));
#5297=DIRECTION('',(0.707106781186548,-0.707106781186548,0.));
#5298=DIRECTION('',(0.,0.,1.));
#5299=DIRECTION('',(-0.707106781186548,0.707106781186548,0.));
#5300=DIRECTION('',(0.,0.,1.));
#5301=DIRECTION('center_axis',(0.,1.,0.));
#5302=DIRECTION('ref_axis',(-1.,0.,0.));
#5303=DIRECTION('',(1.,0.,0.));
#5304=DIRECTION('',(0.,0.,1.));
#5305=DIRECTION('',(-1.,0.,0.));
#5306=DIRECTION('center_axis',(-0.707106781186546,-0.707106781186549,0.));
#5307=DIRECTION('ref_axis',(0.707106781186549,-0.707106781186546,0.));
#5308=DIRECTION('',(-0.707106781186549,0.707106781186546,0.));
#5309=DIRECTION('',(0.,0.,1.));
#5310=DIRECTION('',(0.707106781186549,-0.707106781186546,0.));
#5311=DIRECTION('center_axis',(0.707106781186547,0.707106781186548,0.));
#5312=DIRECTION('ref_axis',(-0.707106781186548,0.707106781186547,0.));
#5313=DIRECTION('',(0.707106781186548,-0.707106781186547,0.));
#5314=DIRECTION('',(0.,0.,1.));
#5315=DIRECTION('',(-0.707106781186548,0.707106781186547,0.));
#5316=DIRECTION('',(0.,0.,1.));
#5317=DIRECTION('center_axis',(0.,1.,0.));
#5318=DIRECTION('ref_axis',(-1.,0.,0.));
#5319=DIRECTION('',(1.,0.,0.));
#5320=DIRECTION('',(0.,0.,1.));
#5321=DIRECTION('',(-1.,0.,0.));
#5322=DIRECTION('center_axis',(-0.707106781186547,-0.707106781186548,0.));
#5323=DIRECTION('ref_axis',(0.707106781186548,-0.707106781186547,0.));
#5324=DIRECTION('',(-0.707106781186548,0.707106781186547,0.));
#5325=DIRECTION('',(0.,0.,1.));
#5326=DIRECTION('',(0.707106781186548,-0.707106781186547,0.));
#5327=DIRECTION('center_axis',(-0.707106781186547,-0.707106781186548,0.));
#5328=DIRECTION('ref_axis',(0.707106781186548,-0.707106781186547,0.));
#5329=DIRECTION('',(-0.707106781186548,0.707106781186547,0.));
#5330=DIRECTION('',(0.,0.,1.));
#5331=DIRECTION('',(0.707106781186548,-0.707106781186547,0.));
#5332=DIRECTION('',(0.,0.,1.));
#5333=DIRECTION('center_axis',(0.,1.,0.));
#5334=DIRECTION('ref_axis',(-1.,0.,0.));
#5335=DIRECTION('',(1.,0.,0.));
#5336=DIRECTION('',(-1.,0.,0.));
#5337=DIRECTION('',(0.,0.,1.));
#5338=DIRECTION('center_axis',(0.707106781186548,0.707106781186547,0.));
#5339=DIRECTION('ref_axis',(-0.707106781186547,0.707106781186548,0.));
#5340=DIRECTION('',(0.707106781186547,-0.707106781186548,0.));
#5341=DIRECTION('',(-0.707106781186547,0.707106781186548,0.));
#5342=DIRECTION('',(0.,0.,1.));
#5343=DIRECTION('center_axis',(-0.707106781186548,-0.707106781186548,0.));
#5344=DIRECTION('ref_axis',(0.707106781186548,-0.707106781186548,0.));
#5345=DIRECTION('',(-0.707106781186548,0.707106781186548,0.));
#5346=DIRECTION('',(0.,0.,1.));
#5347=DIRECTION('',(0.707106781186548,-0.707106781186548,0.));
#5348=DIRECTION('',(0.,0.,1.));
#5349=DIRECTION('center_axis',(0.,1.,0.));
#5350=DIRECTION('ref_axis',(-1.,0.,0.));
#5351=DIRECTION('',(1.,0.,0.));
#5352=DIRECTION('',(-1.,0.,0.));
#5353=DIRECTION('',(0.,0.,1.));
#5354=DIRECTION('center_axis',(0.707106781186548,0.707106781186547,0.));
#5355=DIRECTION('ref_axis',(-0.707106781186547,0.707106781186548,0.));
#5356=DIRECTION('',(0.707106781186547,-0.707106781186548,0.));
#5357=DIRECTION('',(-0.707106781186547,0.707106781186548,0.));
#5358=DIRECTION('',(0.,0.,1.));
#5359=DIRECTION('center_axis',(0.707106781186547,0.707106781186548,0.));
#5360=DIRECTION('ref_axis',(-0.707106781186548,0.707106781186547,0.));
#5361=DIRECTION('',(0.707106781186548,-0.707106781186547,0.));
#5362=DIRECTION('',(0.,0.,1.));
#5363=DIRECTION('',(-0.707106781186548,0.707106781186547,0.));
#5364=DIRECTION('',(0.,0.,1.));
#5365=DIRECTION('center_axis',(0.,1.,0.));
#5366=DIRECTION('ref_axis',(-1.,0.,0.));
#5367=DIRECTION('',(1.,0.,0.));
#5368=DIRECTION('',(0.,0.,1.));
#5369=DIRECTION('',(-1.,0.,0.));
#5370=DIRECTION('center_axis',(-0.707106781186547,-0.707106781186548,0.));
#5371=DIRECTION('ref_axis',(0.707106781186548,-0.707106781186547,0.));
#5372=DIRECTION('',(-0.707106781186548,0.707106781186547,0.));
#5373=DIRECTION('',(0.,0.,1.));
#5374=DIRECTION('',(0.707106781186548,-0.707106781186547,0.));
#5375=DIRECTION('center_axis',(0.707106781186547,0.707106781186548,0.));
#5376=DIRECTION('ref_axis',(-0.707106781186548,0.707106781186547,0.));
#5377=DIRECTION('',(0.707106781186548,-0.707106781186547,0.));
#5378=DIRECTION('',(0.,0.,1.));
#5379=DIRECTION('',(-0.707106781186548,0.707106781186547,0.));
#5380=DIRECTION('',(0.,0.,1.));
#5381=DIRECTION('center_axis',(-0.707106781186547,-0.707106781186548,0.));
#5382=DIRECTION('ref_axis',(0.707106781186548,-0.707106781186547,0.));
#5383=DIRECTION('',(-0.707106781186548,0.707106781186547,0.));
#5384=DIRECTION('',(0.,0.,1.));
#5385=DIRECTION('',(0.707106781186548,-0.707106781186547,0.));
#5386=DIRECTION('',(0.,0.,1.));
#5387=DIRECTION('center_axis',(0.,1.,0.));
#5388=DIRECTION('ref_axis',(-1.,0.,0.));
#5389=DIRECTION('',(1.,0.,0.));
#5390=DIRECTION('',(-1.,0.,0.));
#5391=DIRECTION('center_axis',(0.707106781186549,0.707106781186546,0.));
#5392=DIRECTION('ref_axis',(-0.707106781186546,0.707106781186549,0.));
#5393=DIRECTION('',(0.707106781186546,-0.707106781186549,0.));
#5394=DIRECTION('',(0.,0.,1.));
#5395=DIRECTION('',(-0.707106781186546,0.707106781186549,0.));
#5396=DIRECTION('',(0.,0.,1.));
#5397=DIRECTION('center_axis',(-1.,0.,0.));
#5398=DIRECTION('ref_axis',(0.,-1.,0.));
#5399=DIRECTION('',(0.,1.,0.));
#5400=DIRECTION('',(0.,0.,1.));
#5401=DIRECTION('',(0.,-1.,0.));
#5402=DIRECTION('center_axis',(-0.707106781186556,-0.707106781186539,0.));
#5403=DIRECTION('ref_axis',(0.707106781186539,-0.707106781186556,0.));
#5404=DIRECTION('',(-0.707106781186539,0.707106781186556,0.));
#5405=DIRECTION('',(0.,0.,1.));
#5406=DIRECTION('',(0.707106781186539,-0.707106781186556,0.));
#5407=DIRECTION('center_axis',(-1.,0.,0.));
#5408=DIRECTION('ref_axis',(0.,0.,1.));
#5409=DIRECTION('',(0.,0.707106781186548,-0.707106781186547));
#5410=DIRECTION('',(0.,-1.,0.));
#5411=DIRECTION('',(0.,1.,0.));
#5412=DIRECTION('',(0.,1.,0.));
#5413=DIRECTION('',(0.,-0.707106781186548,0.707106781186547));
#5414=DIRECTION('',(0.,0.,-1.));
#5415=DIRECTION('',(0.,1.,0.));
#5416=DIRECTION('',(0.,0.,-1.));
#5417=DIRECTION('',(0.,1.,0.));
#5418=DIRECTION('',(0.,0.,1.));
#5419=DIRECTION('center_axis',(-1.,0.,0.));
#5420=DIRECTION('ref_axis',(0.,0.,1.));
#5421=DIRECTION('',(0.,0.707106781186548,-0.707106781186548));
#5422=DIRECTION('',(0.,-1.,0.));
#5423=DIRECTION('',(0.,1.,0.));
#5424=DIRECTION('',(0.,1.,0.));
#5425=DIRECTION('',(0.,-0.707106781186548,0.707106781186547));
#5426=DIRECTION('',(0.,0.,-1.));
#5427=DIRECTION('',(0.,1.,0.));
#5428=DIRECTION('',(0.,0.,-1.));
#5429=DIRECTION('',(0.,1.,0.));
#5430=DIRECTION('',(0.,0.,1.));
#5431=DIRECTION('center_axis',(-1.,0.,0.));
#5432=DIRECTION('ref_axis',(0.,0.,1.));
#5433=DIRECTION('',(0.,0.707106781186548,-0.707106781186547));
#5434=DIRECTION('',(0.,-1.,0.));
#5435=DIRECTION('',(0.,1.,0.));
#5436=DIRECTION('',(0.,1.,0.));
#5437=DIRECTION('',(0.,-0.707106781186548,0.707106781186548));
#5438=DIRECTION('',(0.,0.,-1.));
#5439=DIRECTION('',(0.,1.,0.));
#5440=DIRECTION('',(0.,0.,-1.));
#5441=DIRECTION('',(0.,1.,0.));
#5442=DIRECTION('',(0.,0.,1.));
#5443=DIRECTION('center_axis',(0.,0.,-1.));
#5444=DIRECTION('ref_axis',(-1.,0.,0.));
#5445=DIRECTION('',(1.,0.,0.));
#5446=DIRECTION('',(0.,-1.,0.));
#5447=DIRECTION('center_axis',(0.,0.,-1.));
#5448=DIRECTION('ref_axis',(-1.,0.,0.));
#5449=DIRECTION('',(1.,0.,0.));
#5450=DIRECTION('',(0.,-1.,0.));
#5451=DIRECTION('center_axis',(0.,0.,-1.));
#5452=DIRECTION('ref_axis',(-1.,0.,0.));
#5453=DIRECTION('',(1.,0.,0.));
#5454=DIRECTION('',(0.,-1.,0.));
#5455=DIRECTION('center_axis',(0.,0.,-1.));
#5456=DIRECTION('ref_axis',(-1.,0.,0.));
#5457=DIRECTION('',(0.,-1.,0.));
#5458=DIRECTION('',(0.,1.,0.));
#5459=DIRECTION('',(0.,1.,0.));
#5460=DIRECTION('',(0.,1.,0.));
#5461=DIRECTION('',(0.,1.,0.));
#5462=DIRECTION('',(1.,0.,0.));
#5463=DIRECTION('',(1.,0.,0.));
#5464=DIRECTION('',(1.,0.,0.));
#5465=DIRECTION('',(1.,0.,0.));
#5466=DIRECTION('',(1.,0.,0.));
#5467=DIRECTION('',(1.,0.,0.));
#5468=DIRECTION('',(1.,0.,0.));
#5469=DIRECTION('',(1.,0.,0.));
#5470=DIRECTION('',(1.,0.,0.));
#5471=DIRECTION('center_axis',(0.,0.,1.));
#5472=DIRECTION('ref_axis',(1.,0.,0.));
#5473=DIRECTION('',(-1.,0.,0.));
#5474=DIRECTION('',(0.,-1.,0.));
#5475=DIRECTION('',(-1.,0.,0.));
#5476=DIRECTION('center_axis',(0.,0.,1.));
#5477=DIRECTION('ref_axis',(1.,0.,0.));
#5478=DIRECTION('',(-1.,0.,0.));
#5479=DIRECTION('',(0.,1.,0.));
#5480=DIRECTION('',(-1.,0.,0.));
#5481=DIRECTION('',(0.,1.,0.));
#5482=DIRECTION('',(-1.,0.,0.));
#5483=DIRECTION('',(-1.,0.,0.));
#5484=DIRECTION('',(0.,1.,0.));
#5485=DIRECTION('',(-1.,0.,0.));
#5486=DIRECTION('',(0.,1.,0.));
#5487=DIRECTION('',(-1.,0.,0.));
#5488=DIRECTION('',(-1.,0.,0.));
#5489=DIRECTION('',(0.,1.,0.));
#5490=DIRECTION('',(-1.,0.,0.));
#5491=DIRECTION('',(0.,1.,0.));
#5492=DIRECTION('',(-1.,0.,0.));
#5493=DIRECTION('',(-1.,0.,0.));
#5494=DIRECTION('',(0.,1.,0.));
#5495=DIRECTION('',(-1.,0.,0.));
#5496=DIRECTION('',(0.,1.,0.));
#5497=DIRECTION('',(-1.,0.,0.));
#5498=DIRECTION('',(-1.,0.,0.));
#5499=DIRECTION('',(0.,1.,0.));
#5500=DIRECTION('',(-1.,0.,0.));
#5501=DIRECTION('',(0.,1.,0.));
#5502=DIRECTION('',(-1.,0.,0.));
#5503=DIRECTION('',(-1.,0.,0.));
#5504=DIRECTION('',(0.,1.,0.));
#5505=DIRECTION('',(-1.,0.,0.));
#5506=DIRECTION('',(0.,1.,0.));
#5507=DIRECTION('',(-1.,0.,0.));
#5508=DIRECTION('',(-1.,0.,0.));
#5509=DIRECTION('',(0.,1.,0.));
#5510=DIRECTION('',(-1.,0.,0.));
#5511=DIRECTION('',(0.,1.,0.));
#5512=DIRECTION('',(-1.,0.,0.));
#5513=DIRECTION('',(-1.,0.,0.));
#5514=DIRECTION('',(0.,1.,0.));
#5515=DIRECTION('',(-1.,0.,0.));
#5516=DIRECTION('',(0.,1.,0.));
#5517=DIRECTION('',(-1.,0.,0.));
#5518=DIRECTION('',(-1.,0.,0.));
#5519=DIRECTION('',(0.,1.,0.));
#5520=DIRECTION('',(-1.,0.,0.));
#5521=DIRECTION('',(0.,1.,0.));
#5522=DIRECTION('',(-1.,0.,0.));
#5523=DIRECTION('',(-1.,0.,0.));
#5524=DIRECTION('',(0.,-1.,0.));
#5525=DIRECTION('',(-1.,0.,0.));
#5526=DIRECTION('',(-1.,0.,0.));
#5527=DIRECTION('',(0.,-1.,0.));
#5528=DIRECTION('',(-1.,0.,0.));
#5529=DIRECTION('',(-1.,0.,0.));
#5530=DIRECTION('',(0.,-1.,0.));
#5531=DIRECTION('',(-1.,0.,0.));
#5532=DIRECTION('',(0.,1.,0.));
#5533=DIRECTION('',(0.,-1.,0.));
#5534=DIRECTION('',(1.,0.,0.));
#5535=DIRECTION('',(0.,1.,0.));
#5536=DIRECTION('',(1.,0.,0.));
#5537=DIRECTION('',(0.,-1.,0.));
#5538=DIRECTION('',(1.,0.,0.));
#5539=DIRECTION('',(0.,1.,0.));
#5540=DIRECTION('',(1.,0.,0.));
#5541=DIRECTION('',(0.,-1.,0.));
#5542=DIRECTION('',(1.,0.,0.));
#5543=DIRECTION('',(0.,1.,0.));
#5544=DIRECTION('',(1.,0.,0.));
#5545=DIRECTION('',(0.,-1.,0.));
#5546=DIRECTION('',(1.,0.,0.));
#5547=DIRECTION('',(0.,1.,0.));
#5548=DIRECTION('',(-1.,0.,0.));
#5549=DIRECTION('',(0.,1.,0.));
#5550=DIRECTION('',(-1.,0.,0.));
#5551=DIRECTION('',(0.,1.,0.));
#5552=DIRECTION('',(-1.,0.,0.));
#5553=DIRECTION('',(-1.,0.,0.));
#5554=DIRECTION('',(0.,1.,0.));
#5555=DIRECTION('',(-1.,0.,0.));
#5556=DIRECTION('',(0.,1.,0.));
#5557=DIRECTION('',(-1.,0.,0.));
#5558=DIRECTION('',(-1.,0.,0.));
#5559=DIRECTION('',(0.,1.,0.));
#5560=DIRECTION('',(-1.,0.,0.));
#5561=DIRECTION('',(0.,1.,0.));
#5562=DIRECTION('',(-1.,0.,0.));
#5563=DIRECTION('center_axis',(0.,0.707106781186547,-0.707106781186548));
#5564=DIRECTION('ref_axis',(0.,0.707106781186548,0.707106781186547));
#5565=DIRECTION('',(0.,-0.707106781186548,-0.707106781186547));
#5566=DIRECTION('',(0.,0.707106781186548,0.707106781186547));
#5567=DIRECTION('',(1.,0.,0.));
#5568=DIRECTION('center_axis',(0.,-0.707106781186548,0.707106781186548));
#5569=DIRECTION('ref_axis',(0.,-0.707106781186548,-0.707106781186548));
#5570=DIRECTION('',(0.,0.707106781186548,0.707106781186548));
#5571=DIRECTION('',(1.,0.,0.));
#5572=DIRECTION('',(0.,-0.707106781186548,-0.707106781186548));
#5573=DIRECTION('center_axis',(0.,-0.707106676845404,0.707106885527676));
#5574=DIRECTION('ref_axis',(0.,-0.707106885527675,-0.707106676845404));
#5575=DIRECTION('',(0.,0.707106885527675,0.707106676845404));
#5576=DIRECTION('',(0.,-0.707106885527675,-0.707106676845404));
#5577=DIRECTION('',(1.,0.,0.));
#5578=DIRECTION('center_axis',(0.,1.,0.));
#5579=DIRECTION('ref_axis',(0.,0.,1.));
#5580=DIRECTION('',(0.,0.,-1.));
#5581=DIRECTION('',(0.,0.,1.));
#5582=DIRECTION('center_axis',(0.,0.707106781186547,-0.707106781186548));
#5583=DIRECTION('ref_axis',(0.,0.707106781186548,0.707106781186547));
#5584=DIRECTION('',(0.,-0.707106781186548,-0.707106781186547));
#5585=DIRECTION('',(1.,0.,0.));
#5586=DIRECTION('',(0.,0.707106781186548,0.707106781186547));
#5587=DIRECTION('center_axis',(0.,1.,0.));
#5588=DIRECTION('ref_axis',(0.,0.,1.));
#5589=DIRECTION('',(0.,0.,-1.));
#5590=DIRECTION('',(0.,0.,1.));
#5591=DIRECTION('center_axis',(0.,-0.707106781186547,0.707106781186548));
#5592=DIRECTION('ref_axis',(0.,-0.707106781186548,-0.707106781186547));
#5593=DIRECTION('',(0.,0.707106781186548,0.707106781186547));
#5594=DIRECTION('',(1.,0.,0.));
#5595=DIRECTION('',(0.,-0.707106781186548,-0.707106781186547));
#5596=DIRECTION('center_axis',(0.,0.707106781186548,-0.707106781186548));
#5597=DIRECTION('ref_axis',(0.,0.707106781186548,0.707106781186548));
#5598=DIRECTION('',(0.,-0.707106781186548,-0.707106781186548));
#5599=DIRECTION('',(0.,0.707106781186548,0.707106781186548));
#5600=DIRECTION('',(1.,0.,0.));
#5601=DIRECTION('center_axis',(0.,-0.707106781186547,0.707106781186548));
#5602=DIRECTION('ref_axis',(0.,-0.707106781186548,-0.707106781186547));
#5603=DIRECTION('',(0.,0.707106781186548,0.707106781186547));
#5604=DIRECTION('',(1.,0.,0.));
#5605=DIRECTION('',(0.,-0.707106781186548,-0.707106781186547));
#5606=DIRECTION('center_axis',(0.,1.,0.));
#5607=DIRECTION('ref_axis',(0.,0.,1.));
#5608=DIRECTION('',(0.,0.,-1.));
#5609=DIRECTION('',(1.,0.,0.));
#5610=DIRECTION('',(0.,0.,1.));
#5611=DIRECTION('',(1.,0.,0.));
#5612=DIRECTION('center_axis',(0.,0.707106781186548,-0.707106781186547));
#5613=DIRECTION('ref_axis',(0.,0.707106781186547,0.707106781186548));
#5614=DIRECTION('',(0.,-0.707106781186547,-0.707106781186548));
#5615=DIRECTION('',(0.,0.707106781186547,0.707106781186548));
#5616=DIRECTION('center_axis',(0.,-0.707106781186547,0.707106781186548));
#5617=DIRECTION('ref_axis',(0.,-0.707106781186548,-0.707106781186547));
#5618=DIRECTION('',(0.,0.707106781186548,0.707106781186547));
#5619=DIRECTION('',(0.,-0.707106781186548,-0.707106781186547));
#5620=DIRECTION('center_axis',(0.,1.,0.));
#5621=DIRECTION('ref_axis',(0.,0.,1.));
#5622=DIRECTION('',(0.,0.,-1.));
#5623=DIRECTION('',(1.,0.,0.));
#5624=DIRECTION('',(0.,0.,1.));
#5625=DIRECTION('',(1.,0.,0.));
#5626=DIRECTION('center_axis',(0.,0.707106781186548,-0.707106781186548));
#5627=DIRECTION('ref_axis',(0.,0.707106781186548,0.707106781186548));
#5628=DIRECTION('',(0.,-0.707106781186547,-0.707106781186547));
#5629=DIRECTION('',(0.,0.707106781186548,0.707106781186548));
#5630=DIRECTION('center_axis',(0.,-0.707106781186548,0.707106781186547));
#5631=DIRECTION('ref_axis',(0.,-0.707106781186547,-0.707106781186548));
#5632=DIRECTION('',(0.,0.707106781186547,0.707106781186548));
#5633=DIRECTION('',(0.,-0.707106781186547,-0.707106781186548));
#5634=DIRECTION('center_axis',(0.,0.707106781186547,-0.707106781186548));
#5635=DIRECTION('ref_axis',(0.,0.707106781186548,0.707106781186547));
#5636=DIRECTION('',(0.,-0.707106781186548,-0.707106781186547));
#5637=DIRECTION('',(0.,0.707106781186548,0.707106781186547));
#5638=DIRECTION('',(1.,0.,0.));
#5639=DIRECTION('center_axis',(-1.,0.,0.));
#5640=DIRECTION('ref_axis',(0.,0.,1.));
#5641=DIRECTION('center_axis',(-1.,0.,0.));
#5642=DIRECTION('ref_axis',(0.,0.,1.));
#5643=DIRECTION('',(0.,-6.16790569236198E-17,1.));
#5644=DIRECTION('center_axis',(-1.,0.,0.));
#5645=DIRECTION('ref_axis',(0.,0.,1.));
#5646=DIRECTION('',(0.,-6.16790569236198E-17,1.));
#5647=DIRECTION('center_axis',(0.,1.,0.));
#5648=DIRECTION('ref_axis',(0.,0.,1.));
#5649=DIRECTION('',(0.,0.,-1.));
#5650=DIRECTION('',(0.,0.,-1.));
#5651=DIRECTION('',(0.707106781186549,0.,0.707106781186546));
#5652=DIRECTION('',(-0.707106781186548,0.,-0.707106781186547));
#5653=DIRECTION('',(0.,0.,-1.));
#5654=DIRECTION('',(0.707106781186548,0.,0.707106781186547));
#5655=DIRECTION('',(-0.707106781186548,0.,-0.707106781186547));
#5656=DIRECTION('',(0.,0.,-1.));
#5657=DIRECTION('',(0.707106781186548,0.,0.707106781186547));
#5658=DIRECTION('',(-0.707106781186548,0.,-0.707106781186547));
#5659=DIRECTION('',(0.,0.,-1.));
#5660=DIRECTION('',(0.,0.,-1.));
#5661=DIRECTION('',(0.,0.,-1.));
#5662=DIRECTION('',(0.,-6.16790569236198E-17,1.));
#5663=DIRECTION('',(0.,0.,-1.));
#5664=DIRECTION('center_axis',(-1.,0.,0.));
#5665=DIRECTION('ref_axis',(0.,0.,1.));
#5666=DIRECTION('',(0.,1.,0.));
#5667=DIRECTION('',(0.,1.,0.));
#5668=DIRECTION('',(0.,1.,0.));
#5669=DIRECTION('',(0.,1.,0.));
#5670=DIRECTION('',(0.,0.,-1.));
#5671=DIRECTION('',(0.,0.,-1.));
#5672=DIRECTION('',(0.,0.,-1.));
#5673=DIRECTION('',(0.,0.,-1.));
#5674=DIRECTION('',(0.,-1.,0.));
#5675=DIRECTION('center_axis',(0.707106781186548,0.,-0.707106781186547));
#5676=DIRECTION('ref_axis',(-0.707106781186547,0.,-0.707106781186548));
#5677=DIRECTION('',(0.707106781186547,0.,0.707106781186548));
#5678=DIRECTION('',(-0.707106781186547,0.,-0.707106781186548));
#5679=DIRECTION('center_axis',(-0.707106781186548,0.,0.707106781186547));
#5680=DIRECTION('ref_axis',(0.707106781186547,0.,0.707106781186548));
#5681=DIRECTION('',(-0.707106781186547,0.,-0.707106781186548));
#5682=DIRECTION('',(0.707106781186547,0.,0.707106781186548));
#5683=DIRECTION('center_axis',(0.707106781186547,0.,-0.707106781186548));
#5684=DIRECTION('ref_axis',(-0.707106781186548,0.,-0.707106781186547));
#5685=DIRECTION('',(0.707106781186548,0.,0.707106781186547));
#5686=DIRECTION('',(-0.707106781186548,0.,-0.707106781186547));
#5687=DIRECTION('center_axis',(-0.707106781186547,0.,0.707106781186548));
#5688=DIRECTION('ref_axis',(0.707106781186548,0.,0.707106781186547));
#5689=DIRECTION('',(-0.707106781186548,0.,-0.707106781186547));
#5690=DIRECTION('',(0.707106781186548,0.,0.707106781186547));
#5691=DIRECTION('center_axis',(0.707106781186547,0.,-0.707106781186548));
#5692=DIRECTION('ref_axis',(-0.707106781186548,0.,-0.707106781186547));
#5693=DIRECTION('',(0.707106781186548,0.,0.707106781186547));
#5694=DIRECTION('',(-0.707106781186548,0.,-0.707106781186547));
#5695=DIRECTION('center_axis',(-0.707106781186547,0.,0.707106781186548));
#5696=DIRECTION('ref_axis',(0.707106781186548,0.,0.707106781186547));
#5697=DIRECTION('',(-0.707106781186548,0.,-0.707106781186547));
#5698=DIRECTION('',(0.707106781186548,0.,0.707106781186547));
#5699=DIRECTION('center_axis',(0.707106781186546,0.,-0.707106781186549));
#5700=DIRECTION('ref_axis',(-0.707106781186549,0.,-0.707106781186546));
#5701=DIRECTION('',(0.,1.,0.));
#5702=DIRECTION('',(-0.707106781186549,0.,-0.707106781186546));
#5703=DIRECTION('center_axis',(-1.,0.,0.));
#5704=DIRECTION('ref_axis',(0.,0.,1.));
#5705=DIRECTION('',(0.,0.,1.));
#5706=DIRECTION('center_axis',(-0.707106781186547,0.,0.707106781186548));
#5707=DIRECTION('ref_axis',(0.707106781186548,0.,0.707106781186547));
#5708=DIRECTION('',(0.707106781186548,0.,0.707106781186547));
#5709=DIRECTION('',(0.,1.,0.));
#5710=DIRECTION('center_axis',(-1.,0.,0.));
#5711=DIRECTION('ref_axis',(0.,0.,1.));
#5712=DIRECTION('',(0.,0.,1.));
#5713=DIRECTION('center_axis',(0.707106781186546,0.,-0.70710678118655));
#5714=DIRECTION('ref_axis',(-0.707106781186549,0.,-0.707106781186545));
#5715=DIRECTION('',(0.707106781186549,0.,0.707106781186545));
#5716=DIRECTION('',(-0.707106781186549,0.,-0.707106781186545));
#5717=DIRECTION('center_axis',(-0.707106781186546,0.,0.707106781186549));
#5718=DIRECTION('ref_axis',(0.707106781186549,0.,0.707106781186546));
#5719=DIRECTION('',(-0.707106781186549,0.,-0.707106781186546));
#5720=DIRECTION('',(0.707106781186549,0.,0.707106781186546));
#5721=DIRECTION('center_axis',(0.707106781186547,0.,-0.707106781186548));
#5722=DIRECTION('ref_axis',(-0.707106781186548,0.,-0.707106781186547));
#5723=DIRECTION('',(0.707106781186548,0.,0.707106781186547));
#5724=DIRECTION('',(-0.707106781186548,0.,-0.707106781186547));
#5725=DIRECTION('center_axis',(0.707106781186547,0.,-0.707106781186548));
#5726=DIRECTION('ref_axis',(-0.707106781186548,0.,-0.707106781186547));
#5727=DIRECTION('',(0.707106781186548,0.,0.707106781186547));
#5728=DIRECTION('',(-0.707106781186548,0.,-0.707106781186547));
#5729=DIRECTION('center_axis',(-0.707106781186548,0.,0.707106781186548));
#5730=DIRECTION('ref_axis',(0.707106781186548,0.,0.707106781186548));
#5731=DIRECTION('',(-0.707106781186548,0.,-0.707106781186548));
#5732=DIRECTION('',(0.707106781186548,0.,0.707106781186548));
#5733=DIRECTION('center_axis',(0.707106781186549,0.,-0.707106781186546));
#5734=DIRECTION('ref_axis',(-0.707106781186546,0.,-0.707106781186549));
#5735=DIRECTION('',(0.707106781186546,0.,0.707106781186549));
#5736=DIRECTION('',(-0.707106781186546,0.,-0.707106781186549));
#5737=DIRECTION('center_axis',(-0.707106781186547,0.,0.707106781186548));
#5738=DIRECTION('ref_axis',(0.707106781186548,0.,0.707106781186547));
#5739=DIRECTION('',(-0.707106781186548,0.,-0.707106781186547));
#5740=DIRECTION('',(0.707106781186548,0.,0.707106781186547));
#5741=DIRECTION('center_axis',(0.707106781186546,0.,-0.707106781186549));
#5742=DIRECTION('ref_axis',(-0.707106781186549,0.,-0.707106781186546));
#5743=DIRECTION('',(0.707106781186549,0.,0.707106781186546));
#5744=DIRECTION('',(-0.707106781186549,0.,-0.707106781186546));
#5745=DIRECTION('center_axis',(-0.707106781186548,0.,0.707106781186548));
#5746=DIRECTION('ref_axis',(0.707106781186548,0.,0.707106781186548));
#5747=DIRECTION('',(-0.707106781186548,0.,-0.707106781186548));
#5748=DIRECTION('',(0.707106781186548,0.,0.707106781186548));
#5749=DIRECTION('center_axis',(0.707106781186547,0.,-0.707106781186548));
#5750=DIRECTION('ref_axis',(-0.707106781186548,0.,-0.707106781186547));
#5751=DIRECTION('',(0.707106781186548,0.,0.707106781186547));
#5752=DIRECTION('',(-0.707106781186548,0.,-0.707106781186547));
#5753=DIRECTION('center_axis',(-0.707106781186547,0.,0.707106781186548));
#5754=DIRECTION('ref_axis',(0.707106781186548,0.,0.707106781186547));
#5755=DIRECTION('',(-0.707106781186548,0.,-0.707106781186547));
#5756=DIRECTION('',(0.707106781186548,0.,0.707106781186547));
#5757=DIRECTION('center_axis',(-0.707106781186547,0.,0.707106781186548));
#5758=DIRECTION('ref_axis',(0.707106781186548,0.,0.707106781186547));
#5759=DIRECTION('',(0.707106781186548,0.,0.707106781186547));
#5760=DIRECTION('',(0.,1.,0.));
#5761=DIRECTION('center_axis',(-1.,0.,0.));
#5762=DIRECTION('ref_axis',(0.,0.,1.));
#5763=DIRECTION('',(0.,0.,1.));
#5764=DIRECTION('',(0.,1.,0.));
#5765=DIRECTION('center_axis',(0.707106781186547,0.,-0.707106781186548));
#5766=DIRECTION('ref_axis',(-0.707106781186548,0.,-0.707106781186547));
#5767=DIRECTION('',(-0.707106781186548,0.,-0.707106781186547));
#5768=DIRECTION('center_axis',(-0.707106781186547,0.,0.707106781186548));
#5769=DIRECTION('ref_axis',(0.707106781186548,0.,0.707106781186547));
#5770=DIRECTION('',(0.707106781186548,0.,0.707106781186547));
#5771=DIRECTION('',(0.,1.,0.));
#5772=DIRECTION('center_axis',(-1.,0.,0.));
#5773=DIRECTION('ref_axis',(0.,0.,1.));
#5774=DIRECTION('',(0.,0.,1.));
#5775=DIRECTION('',(0.,1.,0.));
#5776=DIRECTION('center_axis',(0.707106781186547,0.,-0.707106781186548));
#5777=DIRECTION('ref_axis',(-0.707106781186548,0.,-0.707106781186547));
#5778=DIRECTION('',(-0.707106781186548,0.,-0.707106781186547));
#5779=DIRECTION('center_axis',(0.707106781186547,0.,-0.707106781186548));
#5780=DIRECTION('ref_axis',(-0.707106781186548,0.,-0.707106781186547));
#5781=DIRECTION('',(0.707106781186548,0.,0.707106781186547));
#5782=DIRECTION('',(-0.707106781186548,0.,-0.707106781186547));
#5783=DIRECTION('center_axis',(-0.707106781186547,0.,0.707106781186548));
#5784=DIRECTION('ref_axis',(0.707106781186548,0.,0.707106781186547));
#5785=DIRECTION('',(-0.707106781186548,0.,-0.707106781186547));
#5786=DIRECTION('',(0.707106781186548,0.,0.707106781186547));
#5787=DIRECTION('center_axis',(-0.707106781186547,0.,0.707106781186548));
#5788=DIRECTION('ref_axis',(0.707106781186548,0.,0.707106781186547));
#5789=DIRECTION('',(-0.707106781186548,0.,-0.707106781186547));
#5790=DIRECTION('',(0.707106781186548,0.,0.707106781186547));
#5791=DIRECTION('center_axis',(0.707106781186547,0.,-0.707106781186548));
#5792=DIRECTION('ref_axis',(-0.707106781186548,0.,-0.707106781186547));
#5793=DIRECTION('',(0.707106781186548,0.,0.707106781186547));
#5794=DIRECTION('',(-0.707106781186548,0.,-0.707106781186547));
#5795=DIRECTION('center_axis',(0.707106781186556,0.,-0.707106781186539));
#5796=DIRECTION('ref_axis',(-0.707106781186539,0.,-0.707106781186556));
#5797=DIRECTION('',(0.707106781186539,0.,0.707106781186556));
#5798=DIRECTION('',(-0.707106781186539,0.,-0.707106781186556));
#5799=DIRECTION('center_axis',(-0.707106781186549,0.,0.707106781186546));
#5800=DIRECTION('ref_axis',(0.707106781186546,0.,0.707106781186549));
#5801=DIRECTION('',(-0.707106781186546,0.,-0.707106781186549));
#5802=DIRECTION('',(0.707106781186546,0.,0.707106781186549));
#5803=DIRECTION('center_axis',(0.,1.,0.));
#5804=DIRECTION('ref_axis',(1.,0.,0.));
#5805=DIRECTION('',(-1.,0.,0.));
#5806=DIRECTION('',(0.,0.,-1.));
#5807=DIRECTION('center_axis',(0.,1.,0.));
#5808=DIRECTION('ref_axis',(1.,0.,0.));
#5809=DIRECTION('',(-1.,0.,0.));
#5810=DIRECTION('',(0.,0.,-1.));
#5811=DIRECTION('center_axis',(0.,1.,0.));
#5812=DIRECTION('ref_axis',(1.,0.,0.));
#5813=DIRECTION('',(0.,0.,-1.));
#5814=DIRECTION('',(1.,0.,0.));
#5815=DIRECTION('',(0.,0.,1.));
#5816=DIRECTION('',(0.,0.,1.));
#5817=DIRECTION('',(0.,0.,1.));
#5818=DIRECTION('',(0.,0.,1.));
#5819=DIRECTION('',(-1.,0.,0.));
#5820=DIRECTION('',(-1.,0.,0.));
#5821=DIRECTION('',(-1.,0.,0.));
#5822=DIRECTION('',(-1.,0.,0.));
#5823=DIRECTION('',(-1.,0.,0.));
#5824=DIRECTION('',(-1.,0.,0.));
#5825=DIRECTION('',(-1.,0.,0.));
#5826=DIRECTION('',(-1.,0.,0.));
#5827=DIRECTION('',(-1.,0.,0.));
#5828=DIRECTION('center_axis',(0.,1.,0.));
#5829=DIRECTION('ref_axis',(1.,0.,0.));
#5830=DIRECTION('',(-1.,0.,0.));
#5831=DIRECTION('',(0.,0.,-1.));
#5832=DIRECTION('center_axis',(0.,1.,0.));
#5833=DIRECTION('ref_axis',(0.,0.,1.));
#5834=DIRECTION('',(-1.,0.,0.));
#5835=DIRECTION('',(0.,0.,1.));
#5836=DIRECTION('',(1.,0.,0.));
#5837=DIRECTION('center_axis',(0.,1.,0.));
#5838=DIRECTION('ref_axis',(0.,0.,1.));
#5839=DIRECTION('',(1.,0.,0.));
#5840=DIRECTION('center_axis',(0.,1.,0.));
#5841=DIRECTION('ref_axis',(0.,0.,1.));
#5842=DIRECTION('',(1.,0.,0.));
#5843=DIRECTION('center_axis',(0.,1.,0.));
#5844=DIRECTION('ref_axis',(0.,0.,1.));
#5845=DIRECTION('',(-1.,0.,0.));
#5846=DIRECTION('',(0.,0.,1.));
#5847=DIRECTION('',(-1.,0.,0.));
#5848=DIRECTION('',(1.,0.,0.));
#5849=DIRECTION('center_axis',(0.,1.,0.));
#5850=DIRECTION('ref_axis',(0.,0.,1.));
#5851=DIRECTION('',(1.,0.,0.));
#5852=DIRECTION('center_axis',(0.,1.,0.));
#5853=DIRECTION('ref_axis',(0.,0.,1.));
#5854=DIRECTION('',(1.,0.,0.));
#5855=DIRECTION('center_axis',(0.,1.,0.));
#5856=DIRECTION('ref_axis',(0.,0.,1.));
#5857=DIRECTION('',(1.,0.,0.));
#5858=DIRECTION('center_axis',(0.,1.,0.));
#5859=DIRECTION('ref_axis',(0.,0.,1.));
#5860=DIRECTION('',(1.,0.,0.));
#5861=DIRECTION('center_axis',(0.,1.,0.));
#5862=DIRECTION('ref_axis',(0.,0.,1.));
#5863=DIRECTION('',(1.,0.,0.));
#5864=DIRECTION('center_axis',(0.,1.,0.));
#5865=DIRECTION('ref_axis',(0.,0.,1.));
#5866=DIRECTION('',(1.,0.,0.));
#5867=DIRECTION('center_axis',(0.,1.,0.));
#5868=DIRECTION('ref_axis',(0.,0.,1.));
#5869=DIRECTION('',(-1.,0.,0.));
#5870=DIRECTION('',(0.,0.,1.));
#5871=DIRECTION('',(-1.,0.,0.));
#5872=DIRECTION('',(1.,0.,0.));
#5873=DIRECTION('center_axis',(0.,-0.707106781186548,-0.707106781186548));
#5874=DIRECTION('ref_axis',(0.,-0.707106781186548,0.707106781186548));
#5875=DIRECTION('',(0.,-0.707106781186548,0.707106781186548));
#5876=DIRECTION('center_axis',(0.,0.707106781186547,0.707106781186548));
#5877=DIRECTION('ref_axis',(0.,0.707106781186548,-0.707106781186547));
#5878=DIRECTION('',(0.,0.707106781186548,-0.707106781186547));
#5879=DIRECTION('center_axis',(0.,-0.707106676845404,-0.707106885527676));
#5880=DIRECTION('ref_axis',(0.,-0.707106885527675,0.707106676845404));
#5881=DIRECTION('',(0.,0.707106885527675,-0.707106676845404));
#5882=DIRECTION('',(-1.,0.,0.));
#5883=DIRECTION('center_axis',(0.,1.,0.));
#5884=DIRECTION('ref_axis',(0.,0.,-1.));
#5885=DIRECTION('',(0.,0.,1.));
#5886=DIRECTION('center_axis',(0.,1.,0.));
#5887=DIRECTION('ref_axis',(0.,0.,-1.));
#5888=DIRECTION('',(0.,0.,1.));
#5889=DIRECTION('',(-1.,0.,0.));
#5890=DIRECTION('center_axis',(0.,0.707106781186547,0.707106781186548));
#5891=DIRECTION('ref_axis',(0.,0.707106781186548,-0.707106781186547));
#5892=DIRECTION('',(0.,-0.707106781186548,0.707106781186547));
#5893=DIRECTION('center_axis',(0.,-0.707106781186547,-0.707106781186548));
#5894=DIRECTION('ref_axis',(0.,-0.707106781186548,0.707106781186547));
#5895=DIRECTION('',(-1.,0.,0.));
#5896=DIRECTION('',(0.,-0.707106781186548,0.707106781186547));
#5897=DIRECTION('center_axis',(0.,-0.707106781186547,-0.707106781186548));
#5898=DIRECTION('ref_axis',(0.,-0.707106781186548,0.707106781186547));
#5899=DIRECTION('',(0.,-0.707106781186548,0.707106781186547));
#5900=DIRECTION('center_axis',(0.,0.707106781186547,0.707106781186548));
#5901=DIRECTION('ref_axis',(0.,0.707106781186548,-0.707106781186547));
#5902=DIRECTION('',(0.,0.707106781186548,-0.707106781186547));
#5903=DIRECTION('center_axis',(0.,1.,0.));
#5904=DIRECTION('ref_axis',(0.,0.,-1.));
#5905=DIRECTION('',(0.,0.,1.));
#5906=DIRECTION('',(-1.,0.,0.));
#5907=DIRECTION('',(-1.,0.,0.));
#5908=DIRECTION('center_axis',(0.,0.707106781186548,0.707106781186547));
#5909=DIRECTION('ref_axis',(0.,0.707106781186547,-0.707106781186548));
#5910=DIRECTION('',(0.,-0.707106781186547,0.707106781186548));
#5911=DIRECTION('center_axis',(0.,-0.707106781186548,-0.707106781186547));
#5912=DIRECTION('ref_axis',(0.,-0.707106781186547,0.707106781186548));
#5913=DIRECTION('',(0.,0.707106781186547,-0.707106781186548));
#5914=DIRECTION('center_axis',(0.,1.,0.));
#5915=DIRECTION('ref_axis',(0.,0.,-1.));
#5916=DIRECTION('',(0.,0.,1.));
#5917=DIRECTION('',(-1.,0.,0.));
#5918=DIRECTION('',(-1.,0.,0.));
#5919=DIRECTION('center_axis',(0.,0.707106781186548,0.707106781186548));
#5920=DIRECTION('ref_axis',(0.,0.707106781186548,-0.707106781186548));
#5921=DIRECTION('',(0.,-0.707106781186548,0.707106781186548));
#5922=DIRECTION('center_axis',(0.,-0.707106781186548,-0.707106781186547));
#5923=DIRECTION('ref_axis',(0.,-0.707106781186547,0.707106781186548));
#5924=DIRECTION('',(0.,0.707106781186547,-0.707106781186548));
#5925=DIRECTION('center_axis',(0.,0.707106781186548,0.707106781186548));
#5926=DIRECTION('ref_axis',(0.,0.707106781186548,-0.707106781186548));
#5927=DIRECTION('',(0.,0.707106781186548,-0.707106781186548));
#5928=DIRECTION('center_axis',(0.,1.,0.));
#5929=DIRECTION('ref_axis',(0.,0.,1.));
#5930=DIRECTION('',(0.,0.,1.));
#5931=DIRECTION('',(1.,0.,0.));
#5932=DIRECTION('center_axis',(-1.,0.,0.));
#5933=DIRECTION('ref_axis',(0.,0.,1.));
#5934=DIRECTION('center_axis',(1.,0.,0.));
#5935=DIRECTION('ref_axis',(0.,0.,-1.));
#5936=DIRECTION('',(0.,0.,1.));
#5937=DIRECTION('',(0.,-1.,0.));
#5938=DIRECTION('center_axis',(1.,0.,0.));
#5939=DIRECTION('ref_axis',(0.,0.,-1.));
#5940=DIRECTION('',(0.,0.,1.));
#5941=DIRECTION('',(0.,-1.,0.));
#5942=DIRECTION('center_axis',(1.,0.,0.));
#5943=DIRECTION('ref_axis',(0.,0.,-1.));
#5944=DIRECTION('',(0.,-1.,0.));
#5945=DIRECTION('',(0.,0.,1.));
#5946=DIRECTION('center_axis',(-1.,0.,0.));
#5947=DIRECTION('ref_axis',(0.,0.,1.));
#5948=DIRECTION('',(0.,-1.,0.));
#5949=DIRECTION('',(0.,0.,-1.));
#5950=DIRECTION('',(0.,1.,0.));
#5951=DIRECTION('center_axis',(-1.,0.,0.));
#5952=DIRECTION('ref_axis',(0.,0.,1.));
#5953=DIRECTION('center_axis',(0.,0.,1.));
#5954=DIRECTION('ref_axis',(1.,0.,0.));
#5955=DIRECTION('',(-1.,0.,0.));
#5956=DIRECTION('center_axis',(0.,1.,0.));
#5957=DIRECTION('ref_axis',(0.,0.,1.));
#5958=DIRECTION('',(1.,0.,0.));
#5959=DIRECTION('center_axis',(0.408248290463863,-0.816496580927726,-0.408248290463863));
#5960=DIRECTION('ref_axis',(-0.577350269189626,-0.577350269189626,0.577350269189626));
#5961=DIRECTION('center_axis',(0.,0.,1.));
#5962=DIRECTION('ref_axis',(0.,-1.,0.));
#5963=DIRECTION('center_axis',(-1.,0.,0.));
#5964=DIRECTION('ref_axis',(0.,0.,1.));
#5965=DIRECTION('center_axis',(0.,-1.,0.));
#5966=DIRECTION('ref_axis',(-1.,0.,0.));
#5967=DIRECTION('center_axis',(0.408248290463863,0.408248290463862,-0.816496580927726));
#5968=DIRECTION('ref_axis',(-0.577350269189627,-0.577350269189626,-0.577350269189625));
#5969=DIRECTION('center_axis',(0.,-1.,0.));
#5970=DIRECTION('ref_axis',(0.,0.,-1.));
#5971=DIRECTION('center_axis',(-1.,0.,0.));
#5972=DIRECTION('ref_axis',(0.,-1.,0.));
#5973=DIRECTION('center_axis',(0.,0.,-1.));
#5974=DIRECTION('ref_axis',(-1.,0.,0.));
#5975=DIRECTION('center_axis',(-0.40824829046386,-0.816496580927727,-0.408248290463863));
#5976=DIRECTION('ref_axis',(0.577350269189626,-0.577350269189625,0.577350269189626));
#5977=DIRECTION('center_axis',(0.,-1.,0.));
#5978=DIRECTION('ref_axis',(0.,0.,1.));
#5979=DIRECTION('center_axis',(1.,0.,0.));
#5980=DIRECTION('ref_axis',(0.,-1.,0.));
#5981=DIRECTION('center_axis',(0.,-4.44089209850063E-15,1.));
#5982=DIRECTION('ref_axis',(1.,0.,0.));
#5983=DIRECTION('center_axis',(-1.,0.,0.));
#5984=DIRECTION('ref_axis',(0.,-0.707106781186546,0.707106781186549));
#5985=DIRECTION('',(-1.,0.,0.));
#5986=DIRECTION('center_axis',(-0.408248290463863,-0.816496580927726,0.408248290463863));
#5987=DIRECTION('ref_axis',(0.577350269189626,-0.577350269189625,-0.577350269189626));
#5988=DIRECTION('center_axis',(0.,-1.,0.));
#5989=DIRECTION('ref_axis',(1.,0.,0.));
#5990=DIRECTION('center_axis',(0.,0.,-1.));
#5991=DIRECTION('ref_axis',(0.,-1.,0.));
#5992=DIRECTION('center_axis',(1.,0.,0.));
#5993=DIRECTION('ref_axis',(0.,0.,-1.));
#5994=DIRECTION('center_axis',(0.,0.,1.));
#5995=DIRECTION('ref_axis',(0.707106781186548,-0.707106781186547,0.));
#5996=DIRECTION('center_axis',(1.,0.,0.));
#5997=DIRECTION('ref_axis',(0.,-0.707106781186548,-0.707106781186547));
#5998=DIRECTION('center_axis',(0.,1.,0.));
#5999=DIRECTION('ref_axis',(0.707106781186548,0.,-0.707106781186548));
#6000=DIRECTION('center_axis',(0.,1.,0.));
#6001=DIRECTION('ref_axis',(0.707106781186549,0.,0.707106781186546));
#6002=DIRECTION('',(0.,-1.,0.));
#6003=DIRECTION('center_axis',(0.,0.,-1.));
#6004=DIRECTION('ref_axis',(-0.707106781186547,-0.707106781186548,0.));
#6005=DIRECTION('center_axis',(0.,1.,0.));
#6006=DIRECTION('ref_axis',(-0.707106781186547,0.,-0.707106781186548));
#6007=DIRECTION('center_axis',(0.,1.,0.));
#6008=DIRECTION('ref_axis',(-0.707106781186546,0.,0.707106781186549));
#6009=DIRECTION('',(0.,1.,0.));
#6010=DIRECTION('center_axis',(0.,0.,-1.));
#6011=DIRECTION('ref_axis',(-1.,0.,0.));
#6012=DIRECTION('center_axis',(0.,0.,1.));
#6013=DIRECTION('ref_axis',(1.,0.,0.));
#6014=CARTESIAN_POINT('',(0.,0.,0.));
#6015=CARTESIAN_POINT('Origin',(26.25,3.75000000000024,45.7500003427267));
#6016=CARTESIAN_POINT('',(10.0000001490116,4.,45.5000006854534));
#6017=CARTESIAN_POINT('',(10.0000001490116,3.50000000000047,46.0000006854534));
#6018=CARTESIAN_POINT('',(10.0000001490116,-5.0000001303767,54.4999884776772));
#6019=CARTESIAN_POINT('',(63.0000009387732,3.50000000000047,46.0000006854534));
#6020=CARTESIAN_POINT('',(26.25,3.50000000000047,46.));
#6021=CARTESIAN_POINT('',(63.0000009387732,4.,45.5000006854534));
#6022=CARTESIAN_POINT('',(63.0000009387732,3.75000000000023,45.7500003427267));
#6023=CARTESIAN_POINT('',(26.25,4.,45.5000006854534));
#6024=CARTESIAN_POINT('Origin',(15.,4.,46.));
#6025=CARTESIAN_POINT('',(10.0000001490116,3.,46.0000006854534));
#6026=CARTESIAN_POINT('',(10.0000001490116,4.,46.0000006854534));
#6027=CARTESIAN_POINT('',(14.5,3.,46.0000006854534));
#6028=CARTESIAN_POINT('',(10.0000001490116,3.,46.0000006854534));
#6029=CARTESIAN_POINT('',(15.,2.5,46.));
#6030=CARTESIAN_POINT('',(14.5,3.,46.));
#6031=CARTESIAN_POINT('',(15.,0.,46.));
#6032=CARTESIAN_POINT('',(15.,4.,46.));
#6033=CARTESIAN_POINT('',(58.,0.,46.));
#6034=CARTESIAN_POINT('',(26.25,0.,46.));
#6035=CARTESIAN_POINT('',(58.,2.5,46.));
#6036=CARTESIAN_POINT('',(58.,4.,46.));
#6037=CARTESIAN_POINT('',(58.5,3.,46.0000006854534));
#6038=CARTESIAN_POINT('',(47.75,-7.75,46.));
#6039=CARTESIAN_POINT('',(63.0000009387732,3.,46.0000006854534));
#6040=CARTESIAN_POINT('',(10.0000001490116,3.,46.0000006854534));
#6041=CARTESIAN_POINT('',(63.0000009387732,4.,46.0000006854534));
#6042=CARTESIAN_POINT('Origin',(14.75,2.75,72.2500003017485));
#6043=CARTESIAN_POINT('',(14.5,3.,81.0000012069941));
#6044=CARTESIAN_POINT('',(14.5,3.,72.2500003017485));
#6045=CARTESIAN_POINT('',(15.,2.5,81.));
#6046=CARTESIAN_POINT('',(25.25,-7.75,81.));
#6047=CARTESIAN_POINT('',(15.,2.5,72.2500003017485));
#6048=CARTESIAN_POINT('Origin',(12.5000000745058,3.,63.500000603497));
#6049=CARTESIAN_POINT('',(10.0000001490116,3.,81.0000012069941));
#6050=CARTESIAN_POINT('',(10.0000001490116,3.,81.0000012069941));
#6051=CARTESIAN_POINT('',(63.0000009387732,3.,81.0000012069941));
#6052=CARTESIAN_POINT('Origin',(47.75,3.75000000000073,81.250000603497));
#6053=CARTESIAN_POINT('',(63.0000009387732,4.,81.5000012069941));
#6054=CARTESIAN_POINT('',(63.0000009387732,3.50000000000146,81.0000012069941));
#6055=CARTESIAN_POINT('',(63.0000009387732,-5.00000013035894,72.4999793507157));
#6056=CARTESIAN_POINT('',(10.0000001490116,3.50000000000146,81.0000012069941));
#6057=CARTESIAN_POINT('',(47.75,3.50000000000146,81.));
#6058=CARTESIAN_POINT('',(10.0000001490116,4.,81.5000012069941));
#6059=CARTESIAN_POINT('',(10.0000001490116,3.75000000000073,81.250000603497));
#6060=CARTESIAN_POINT('',(47.75,4.,81.5000012069941));
#6061=CARTESIAN_POINT('Origin',(58.,4.,81.));
#6062=CARTESIAN_POINT('',(63.0000009387732,3.,81.0000012069941));
#6063=CARTESIAN_POINT('',(63.0000009387732,4.,81.0000012069941));
#6064=CARTESIAN_POINT('',(58.5,3.,81.0000012069941));
#6065=CARTESIAN_POINT('',(63.0000009387732,3.,81.0000012069941));
#6066=CARTESIAN_POINT('',(58.,2.5,81.));
#6067=CARTESIAN_POINT('',(58.5,3.,81.));
#6068=CARTESIAN_POINT('',(58.,0.,81.));
#6069=CARTESIAN_POINT('',(58.,4.,81.));
#6070=CARTESIAN_POINT('',(15.,0.,81.));
#6071=CARTESIAN_POINT('',(47.75,0.,81.));
#6072=CARTESIAN_POINT('',(15.,4.,81.));
#6073=CARTESIAN_POINT('',(10.0000001490116,4.,81.0000012069941));
#6074=CARTESIAN_POINT('Origin',(58.25,2.75,54.7500003017485));
#6075=CARTESIAN_POINT('',(58.5,3.,54.7500003017485));
#6076=CARTESIAN_POINT('',(58.,2.5,54.7500003017485));
#6077=CARTESIAN_POINT('Origin',(60.5000004693866,3.,63.500000603497));
#6078=CARTESIAN_POINT('',(63.0000009387732,3.,46.0000006854534));
#6079=CARTESIAN_POINT('Origin',(63.0000009387732,4.,46.0000006854534));
#6080=CARTESIAN_POINT('',(63.0000009387732,4.,48.0000003427267));
#6081=CARTESIAN_POINT('Origin',(10.0000001490116,4.,81.0000012069941));
#6082=CARTESIAN_POINT('',(10.0000001490116,4.,65.500000603497));
#6083=CARTESIAN_POINT('Origin',(58.,4.,46.));
#6084=CARTESIAN_POINT('',(58.,0.,48.));
#6085=CARTESIAN_POINT('Origin',(15.,4.,81.));
#6086=CARTESIAN_POINT('',(15.,0.,65.5));
#6087=CARTESIAN_POINT('Origin',(28.,19.,24.));
#6088=CARTESIAN_POINT('',(28.,19.,24.));
#6089=CARTESIAN_POINT('',(45.,19.,24.));
#6090=CARTESIAN_POINT('',(32.25,19.,24.));
#6091=CARTESIAN_POINT('',(28.,17.,24.));
#6092=CARTESIAN_POINT('',(28.,19.,24.));
#6093=CARTESIAN_POINT('',(45.,17.,24.));
#6094=CARTESIAN_POINT('',(28.,17.,24.));
#6095=CARTESIAN_POINT('',(45.,19.,24.));
#6096=CARTESIAN_POINT('Origin',(36.5,17.,25.));
#6097=CARTESIAN_POINT('',(45.,17.,26.));
#6098=CARTESIAN_POINT('',(28.,17.,26.));
#6099=CARTESIAN_POINT('',(20.25,17.,26.));
#6100=CARTESIAN_POINT('',(45.,17.,24.));
#6101=CARTESIAN_POINT('',(28.,17.,26.));
#6102=CARTESIAN_POINT('Origin',(36.5,19.,24.));
#6103=CARTESIAN_POINT('',(45.,19.,22.));
#6104=CARTESIAN_POINT('',(45.,19.,21.0000003129244));
#6105=CARTESIAN_POINT('',(28.,19.,22.));
#6106=CARTESIAN_POINT('',(53.75,19.,22.));
#6107=CARTESIAN_POINT('',(28.,19.,27.0000004023314));
#6108=CARTESIAN_POINT('Origin',(28.,24.,26.));
#6109=CARTESIAN_POINT('',(28.,24.,26.));
#6110=CARTESIAN_POINT('',(28.,24.,22.));
#6111=CARTESIAN_POINT('',(28.,24.,38.));
#6112=CARTESIAN_POINT('',(28.,14.,26.));
#6113=CARTESIAN_POINT('',(28.,14.,22.));
#6114=CARTESIAN_POINT('Origin',(45.,24.,22.));
#6115=CARTESIAN_POINT('',(45.,24.,22.));
#6116=CARTESIAN_POINT('',(45.,24.,26.));
#6117=CARTESIAN_POINT('',(45.,24.,36.));
#6118=CARTESIAN_POINT('',(45.,14.,22.));
#6119=CARTESIAN_POINT('',(45.,14.,26.));
#6120=CARTESIAN_POINT('Origin',(37.5,24.,50.));
#6121=CARTESIAN_POINT('',(2.,24.,22.));
#6122=CARTESIAN_POINT('',(71.,24.,22.));
#6123=CARTESIAN_POINT('',(2.,24.,4.));
#6124=CARTESIAN_POINT('',(2.,24.,50.));
#6125=CARTESIAN_POINT('',(71.,24.,4.));
#6126=CARTESIAN_POINT('',(20.75,24.,4.));
#6127=CARTESIAN_POINT('',(71.,24.,22.));
#6128=CARTESIAN_POINT('',(71.,24.,4.));
#6129=CARTESIAN_POINT('',(71.,24.,22.));
#6130=CARTESIAN_POINT('',(71.0000010579824,24.,26.));
#6131=CARTESIAN_POINT('',(4.,24.,26.));
#6132=CARTESIAN_POINT('',(71.,24.,30.));
#6133=CARTESIAN_POINT('',(71.,24.,4.));
#6134=CARTESIAN_POINT('',(75.,24.,30.));
#6135=CARTESIAN_POINT('',(18.75,24.,30.));
#6136=CARTESIAN_POINT('',(75.,24.,4.));
#6137=CARTESIAN_POINT('',(75.,24.,0.));
#6138=CARTESIAN_POINT('',(71.,24.,0.));
#6139=CARTESIAN_POINT('Origin',(71.,24.,4.));
#6140=CARTESIAN_POINT('',(4.,24.,0.));
#6141=CARTESIAN_POINT('',(0.,24.,0.));
#6142=CARTESIAN_POINT('',(0.,24.,4.));
#6143=CARTESIAN_POINT('Origin',(4.,24.,4.));
#6144=CARTESIAN_POINT('',(0.,24.,30.));
#6145=CARTESIAN_POINT('',(0.,24.,100.));
#6146=CARTESIAN_POINT('',(2.,24.,30.));
#6147=CARTESIAN_POINT('',(18.75,24.,30.));
#6148=CARTESIAN_POINT('',(2.,24.,26.));
#6149=CARTESIAN_POINT('',(2.,24.,50.));
#6150=CARTESIAN_POINT('',(4.,24.,26.));
#6151=CARTESIAN_POINT('Origin',(71.,4.,22.));
#6152=CARTESIAN_POINT('',(71.,22.0000003278,22.));
#6153=CARTESIAN_POINT('',(71.,4.,22.));
#6154=CARTESIAN_POINT('',(75.,22.0000003278,22.0000002682));
#6155=CARTESIAN_POINT('',(75.,22.0000003278,22.0000002682));
#6156=CARTESIAN_POINT('',(75.,19.1715731732421,22.0000002682));
#6157=CARTESIAN_POINT('',(75.,9.58578658662105,22.0000002682));
#6158=CARTESIAN_POINT('',(71.,19.1715731732421,22.0000002682));
#6159=CARTESIAN_POINT('',(75.,19.1715731732421,22.0000002682));
#6160=CARTESIAN_POINT('',(71.,16.3431463377759,22.));
#6161=CARTESIAN_POINT('',(71.,4.,22.));
#6162=CARTESIAN_POINT('',(75.,16.343146069576,22.0000002682));
#6163=CARTESIAN_POINT('',(75.,16.343146069576,22.0000002682));
#6164=CARTESIAN_POINT('',(75.,13.5147189448298,22.0000002682));
#6165=CARTESIAN_POINT('',(75.,6.75735947241488,22.0000002682));
#6166=CARTESIAN_POINT('',(71.,13.5147192130298,22.));
#6167=CARTESIAN_POINT('',(75.,13.5147189448298,22.0000002682));
#6168=CARTESIAN_POINT('',(71.,10.6862920882836,22.));
#6169=CARTESIAN_POINT('',(71.,4.,22.));
#6170=CARTESIAN_POINT('',(75.,10.6862918200836,22.0000002682));
#6171=CARTESIAN_POINT('',(75.,10.6862918200836,22.0000002682));
#6172=CARTESIAN_POINT('',(75.,7.85786469533738,22.0000002682));
#6173=CARTESIAN_POINT('',(75.,3.92893234766869,22.0000002682));
#6174=CARTESIAN_POINT('',(71.,7.85786496353738,22.));
#6175=CARTESIAN_POINT('',(75.,7.85786469533738,22.0000002682));
#6176=CARTESIAN_POINT('',(71.,5.02943783879117,22.));
#6177=CARTESIAN_POINT('',(71.,4.,22.));
#6178=CARTESIAN_POINT('',(75.,5.02943757059117,22.0000002682));
#6179=CARTESIAN_POINT('',(75.,5.02943757059117,22.0000002682));
#6180=CARTESIAN_POINT('',(75.,4.,22.0000002682));
#6181=CARTESIAN_POINT('',(75.,2.,22.0000002682));
#6182=CARTESIAN_POINT('',(69.0538238691624,4.,22.0000003278255));
#6183=CARTESIAN_POINT('',(4.,4.,22.));
#6184=CARTESIAN_POINT('',(69.0538238691624,0.,22.0000003278255));
#6185=CARTESIAN_POINT('',(69.0538238691624,0.,22.0000003278255));
#6186=CARTESIAN_POINT('',(66.2253967444162,0.,22.0000003278255));
#6187=CARTESIAN_POINT('',(51.8626983722081,0.,22.0000003278255));
#6188=CARTESIAN_POINT('',(66.2253967444162,4.,22.0000003278255));
#6189=CARTESIAN_POINT('',(66.2253967444162,0.,22.0000003278255));
#6190=CARTESIAN_POINT('',(63.39696961967,4.,22.0000003278255));
#6191=CARTESIAN_POINT('',(4.,4.,22.));
#6192=CARTESIAN_POINT('',(63.39696961967,0.,22.0000003278255));
#6193=CARTESIAN_POINT('',(63.39696961967,0.,22.0000003278255));
#6194=CARTESIAN_POINT('',(60.5685424949238,0.,22.0000003278256));
#6195=CARTESIAN_POINT('',(49.0342712474619,0.,22.0000003278255));
#6196=CARTESIAN_POINT('',(60.5685424949238,4.,22.0000003278256));
#6197=CARTESIAN_POINT('',(60.5685424949238,0.,22.0000003278256));
#6198=CARTESIAN_POINT('',(57.7401153701776,4.,22.0000003278255));
#6199=CARTESIAN_POINT('',(4.,4.,22.));
#6200=CARTESIAN_POINT('',(57.7401153701776,0.,22.0000003278255));
#6201=CARTESIAN_POINT('',(57.7401153701776,0.,22.0000003278255));
#6202=CARTESIAN_POINT('',(54.9116882454314,0.,22.0000003278255));
#6203=CARTESIAN_POINT('',(46.2058441227157,0.,22.0000003278255));
#6204=CARTESIAN_POINT('',(54.9116882454314,4.,22.0000003278255));
#6205=CARTESIAN_POINT('',(54.9116882454314,0.,22.0000003278255));
#6206=CARTESIAN_POINT('',(52.0832611206852,4.,22.0000003278255));
#6207=CARTESIAN_POINT('',(4.,4.,22.));
#6208=CARTESIAN_POINT('',(52.0832611206852,0.,22.0000003278255));
#6209=CARTESIAN_POINT('',(52.0832611206852,0.,22.0000003278255));
#6210=CARTESIAN_POINT('',(49.254833995939,0.,22.0000003278255));
#6211=CARTESIAN_POINT('',(43.3774169979695,0.,22.0000003278255));
#6212=CARTESIAN_POINT('',(49.254833995939,4.,22.0000003278255));
#6213=CARTESIAN_POINT('',(49.254833995939,0.,22.0000003278255));
#6214=CARTESIAN_POINT('',(46.4264068711928,4.,22.0000003278255));
#6215=CARTESIAN_POINT('',(4.,4.,22.));
#6216=CARTESIAN_POINT('',(46.4264068711928,0.,22.0000003278255));
#6217=CARTESIAN_POINT('',(46.4264068711928,0.,22.0000003278255));
#6218=CARTESIAN_POINT('',(43.5979797464467,0.,22.0000003278255));
#6219=CARTESIAN_POINT('',(40.5489898732233,0.,22.0000003278255));
#6220=CARTESIAN_POINT('',(43.5979797464467,4.,22.0000003278255));
#6221=CARTESIAN_POINT('',(43.5979797464467,0.,22.0000003278255));
#6222=CARTESIAN_POINT('',(40.7695526217004,4.,22.0000003278255));
#6223=CARTESIAN_POINT('',(4.,4.,22.));
#6224=CARTESIAN_POINT('',(40.7695526217004,0.,22.0000003278255));
#6225=CARTESIAN_POINT('',(40.7695526217004,0.,22.0000003278255));
#6226=CARTESIAN_POINT('',(37.9411254969543,0.,22.0000003278255));
#6227=CARTESIAN_POINT('',(37.7205627484771,0.,22.0000003278255));
#6228=CARTESIAN_POINT('',(37.9411254969543,4.,22.0000003278255));
#6229=CARTESIAN_POINT('',(37.9411254969543,0.,22.0000003278255));
#6230=CARTESIAN_POINT('',(35.1126983722081,4.,22.0000003278255));
#6231=CARTESIAN_POINT('',(4.,4.,22.));
#6232=CARTESIAN_POINT('',(35.1126983722081,0.,22.0000003278255));
#6233=CARTESIAN_POINT('',(35.1126983722081,0.,22.0000003278255));
#6234=CARTESIAN_POINT('',(32.2842712474619,0.,22.0000003278255));
#6235=CARTESIAN_POINT('',(34.8921356237309,0.,22.0000003278255));
#6236=CARTESIAN_POINT('',(32.2842712474619,4.,22.0000003278255));
#6237=CARTESIAN_POINT('',(32.2842712474619,0.,22.0000003278255));
#6238=CARTESIAN_POINT('',(29.4558441227157,4.,22.0000003278255));
#6239=CARTESIAN_POINT('',(4.,4.,22.));
#6240=CARTESIAN_POINT('',(29.4558441227157,0.,22.0000003278255));
#6241=CARTESIAN_POINT('',(29.4558441227157,0.,22.0000003278255));
#6242=CARTESIAN_POINT('',(26.6274169979696,0.,22.0000003278255));
#6243=CARTESIAN_POINT('',(32.0637084989848,0.,22.0000003278255));
#6244=CARTESIAN_POINT('',(26.6274169979696,4.,22.0000003278255));
#6245=CARTESIAN_POINT('',(26.6274169979696,0.,22.0000003278255));
#6246=CARTESIAN_POINT('',(23.7989898732234,4.,22.0000003278255));
#6247=CARTESIAN_POINT('',(4.,4.,22.));
#6248=CARTESIAN_POINT('',(23.7989898732234,0.,22.0000003278255));
#6249=CARTESIAN_POINT('',(23.7989898732234,0.,22.0000003278255));
#6250=CARTESIAN_POINT('',(20.9705627484771,0.,22.0000003278255));
#6251=CARTESIAN_POINT('',(29.2352813742386,0.,22.0000003278255));
#6252=CARTESIAN_POINT('',(20.9705627484771,4.,22.0000003278255));
#6253=CARTESIAN_POINT('',(20.9705627484771,0.,22.0000003278255));
#6254=CARTESIAN_POINT('',(18.142135623731,4.,22.0000003278255));
#6255=CARTESIAN_POINT('',(4.,4.,22.));
#6256=CARTESIAN_POINT('',(18.142135623731,0.,22.0000003278255));
#6257=CARTESIAN_POINT('',(18.142135623731,0.,22.0000003278255));
#6258=CARTESIAN_POINT('',(15.3137084989848,0.,22.0000003278255));
#6259=CARTESIAN_POINT('',(26.4068542494924,0.,22.0000003278255));
#6260=CARTESIAN_POINT('',(15.3137084989848,4.,22.0000003278255));
#6261=CARTESIAN_POINT('',(15.3137084989848,0.,22.0000003278255));
#6262=CARTESIAN_POINT('',(12.4852813742386,4.,22.0000003278255));
#6263=CARTESIAN_POINT('',(4.,4.,22.));
#6264=CARTESIAN_POINT('',(12.4852813742386,0.,22.0000003278255));
#6265=CARTESIAN_POINT('',(12.4852813742386,0.,22.0000003278255));
#6266=CARTESIAN_POINT('',(9.65685424949238,0.,22.0000003278255));
#6267=CARTESIAN_POINT('',(23.5784271247462,0.,22.0000003278255));
#6268=CARTESIAN_POINT('',(9.65685424949238,4.,22.0000003278255));
#6269=CARTESIAN_POINT('',(9.65685424949238,0.,22.0000003278255));
#6270=CARTESIAN_POINT('',(6.8284271247462,4.,22.0000003278255));
#6271=CARTESIAN_POINT('',(4.,4.,22.));
#6272=CARTESIAN_POINT('',(6.8284271247462,0.,22.0000003278255));
#6273=CARTESIAN_POINT('',(6.8284271247462,0.,22.0000003278255));
#6274=CARTESIAN_POINT('',(4.,0.,22.0000003278255));
#6275=CARTESIAN_POINT('',(20.75,0.,22.0000003278255));
#6276=CARTESIAN_POINT('',(4.,4.,22.0000003278255));
#6277=CARTESIAN_POINT('',(4.,0.,22.0000003278255));
#6278=CARTESIAN_POINT('',(0.,4.00000005960464,22.0000003278255));
#6279=CARTESIAN_POINT('',(4.,4.,22.));
#6280=CARTESIAN_POINT('',(0.,6.05887509031405,22.0000002682));
#6281=CARTESIAN_POINT('',(0.,3.02943754515702,22.0000002682));
#6282=CARTESIAN_POINT('',(2.,6.05887509031405,22.0000002682));
#6283=CARTESIAN_POINT('',(0.,6.05887509031405,22.0000002682));
#6284=CARTESIAN_POINT('',(2.,8.88730221506024,22.0000002682));
#6285=CARTESIAN_POINT('',(2.,18.,22.));
#6286=CARTESIAN_POINT('',(0.,8.88730221506024,22.0000002682));
#6287=CARTESIAN_POINT('',(0.,8.88730221506024,22.0000002682));
#6288=CARTESIAN_POINT('',(0.,11.7157293398064,22.0000002682));
#6289=CARTESIAN_POINT('',(0.,5.85786466990321,22.0000002682));
#6290=CARTESIAN_POINT('',(2.,11.7157293398064,22.0000002682));
#6291=CARTESIAN_POINT('',(0.,11.7157293398064,22.0000002682));
#6292=CARTESIAN_POINT('',(2.,14.5441564645526,22.0000002682));
#6293=CARTESIAN_POINT('',(2.,18.,22.));
#6294=CARTESIAN_POINT('',(0.,14.5441564645526,22.0000002682));
#6295=CARTESIAN_POINT('',(0.,14.5441564645526,22.0000002682));
#6296=CARTESIAN_POINT('',(0.,17.3725835892988,22.0000002682));
#6297=CARTESIAN_POINT('',(0.,8.6862917946494,22.0000002682));
#6298=CARTESIAN_POINT('',(2.,17.3725835892988,22.0000002682));
#6299=CARTESIAN_POINT('',(0.,17.3725835892988,22.0000002682));
#6300=CARTESIAN_POINT('',(2.,20.201010714045,22.0000002682));
#6301=CARTESIAN_POINT('',(2.,18.,22.));
#6302=CARTESIAN_POINT('',(0.,20.201010714045,22.0000002682));
#6303=CARTESIAN_POINT('',(0.,20.201010714045,22.0000002682));
#6304=CARTESIAN_POINT('',(0.,22.0000003278,22.0000002682));
#6305=CARTESIAN_POINT('',(0.,11.0000001639,22.0000002682));
#6306=CARTESIAN_POINT('',(2.,22.0000003278,22.0000002682));
#6307=CARTESIAN_POINT('',(0.,22.0000003278,22.0000002682));
#6308=CARTESIAN_POINT('',(2.,18.,22.));
#6309=CARTESIAN_POINT('Origin',(0.,24.,30.));
#6310=CARTESIAN_POINT('',(2.,19.,30.));
#6311=CARTESIAN_POINT('',(2.,19.,30.));
#6312=CARTESIAN_POINT('',(0.,19.,30.));
#6313=CARTESIAN_POINT('',(0.,12.,30.));
#6314=CARTESIAN_POINT('',(-17.0145316355327,19.,30.));
#6315=CARTESIAN_POINT('Origin',(73.0000004534211,19.,33.));
#6316=CARTESIAN_POINT('',(1.99999999999999,19.,36.));
#6317=CARTESIAN_POINT('',(2.,19.,41.5));
#6318=CARTESIAN_POINT('',(0.,19.,36.));
#6319=CARTESIAN_POINT('',(0.,19.,16.5));
#6320=CARTESIAN_POINT('',(90.,19.,36.));
#6321=CARTESIAN_POINT('Origin',(75.,24.,36.));
#6322=CARTESIAN_POINT('',(1.99999999999999,24.,36.));
#6323=CARTESIAN_POINT('',(2.,19.,36.));
#6324=CARTESIAN_POINT('',(0.,24.,36.));
#6325=CARTESIAN_POINT('',(0.,12.,36.));
#6326=CARTESIAN_POINT('',(56.25,24.,36.));
#6327=CARTESIAN_POINT('Origin',(0.,24.,30.));
#6328=CARTESIAN_POINT('',(71.,19.,30.));
#6329=CARTESIAN_POINT('',(71.,14.,30.));
#6330=CARTESIAN_POINT('',(75.,19.,30.));
#6331=CARTESIAN_POINT('',(-17.0145316355327,19.,30.));
#6332=CARTESIAN_POINT('',(75.,12.,30.));
#6333=CARTESIAN_POINT('Origin',(75.,24.,36.));
#6334=CARTESIAN_POINT('',(71.,24.,36.));
#6335=CARTESIAN_POINT('',(71.,19.,36.));
#6336=CARTESIAN_POINT('',(71.,14.,36.));
#6337=CARTESIAN_POINT('',(75.,24.,36.));
#6338=CARTESIAN_POINT('',(56.25,24.,36.));
#6339=CARTESIAN_POINT('',(75.,19.,36.));
#6340=CARTESIAN_POINT('',(75.,12.,36.));
#6341=CARTESIAN_POINT('',(90.,19.,36.));
#6342=CARTESIAN_POINT('Origin',(73.0000004534211,19.,33.));
#6343=CARTESIAN_POINT('',(71.,19.,18.5));
#6344=CARTESIAN_POINT('',(75.,19.,66.5));
#6345=CARTESIAN_POINT('Origin',(75.,0.,100.));
#6346=CARTESIAN_POINT('',(75.,24.,96.));
#6347=CARTESIAN_POINT('',(75.,24.,0.));
#6348=CARTESIAN_POINT('',(75.,4.,96.));
#6349=CARTESIAN_POINT('',(75.,0.,96.));
#6350=CARTESIAN_POINT('',(75.,4.,75.));
#6351=CARTESIAN_POINT('',(75.,22.0000003278,5.0294375109912));
#6352=CARTESIAN_POINT('',(75.,-15.7279217550066,42.7573595937978));
#6353=CARTESIAN_POINT('',(75.,22.0000003278,4.));
#6354=CARTESIAN_POINT('',(75.,22.0000003278,52.5147187554956));
#6355=CARTESIAN_POINT('',(75.,0.,4.));
#6356=CARTESIAN_POINT('',(75.,22.0000003278,19.1715739483711));
#6357=CARTESIAN_POINT('',(75.,22.0000003278,61.0000001341));
#6358=CARTESIAN_POINT('',(75.,-3.70710789022352,44.8786745796806));
#6359=CARTESIAN_POINT('',(75.,22.0000003278,13.5147188852298));
#6360=CARTESIAN_POINT('',(75.,-5.12132003284256,40.6360392458723));
#6361=CARTESIAN_POINT('',(75.,22.0000003278,16.343146009976));
#6362=CARTESIAN_POINT('',(75.,-7.24264038076803,45.585786718544));
#6363=CARTESIAN_POINT('',(75.,22.0000003278,58.171573004988));
#6364=CARTESIAN_POINT('',(75.,22.0000003278,7.85786463573738));
#6365=CARTESIAN_POINT('',(75.,-6.53553359521565,36.3933985587531));
#6366=CARTESIAN_POINT('',(75.,22.0000003278,10.6862917604836));
#6367=CARTESIAN_POINT('',(75.,-11.4852810678873,44.1715731561709));
#6368=CARTESIAN_POINT('',(75.,22.0000003278,55.3431458802418));
#6369=CARTESIAN_POINT('Origin',(37.5,24.,50.));
#6370=CARTESIAN_POINT('',(71.,24.,96.));
#6371=CARTESIAN_POINT('',(71.,24.,4.));
#6372=CARTESIAN_POINT('',(2.,24.,96.));
#6373=CARTESIAN_POINT('',(71.,24.,96.));
#6374=CARTESIAN_POINT('',(2.,24.,50.));
#6375=CARTESIAN_POINT('',(0.,24.,96.));
#6376=CARTESIAN_POINT('',(0.,24.,100.));
#6377=CARTESIAN_POINT('',(4.,24.,100.));
#6378=CARTESIAN_POINT('Origin',(4.,24.,96.));
#6379=CARTESIAN_POINT('',(71.,24.,100.));
#6380=CARTESIAN_POINT('',(75.,24.,100.));
#6381=CARTESIAN_POINT('Origin',(71.,24.,96.));
#6382=CARTESIAN_POINT('Origin',(2.,14.,50.));
#6383=CARTESIAN_POINT('',(2.,4.,96.));
#6384=CARTESIAN_POINT('',(2.,19.,96.));
#6385=CARTESIAN_POINT('',(2.,4.,26.));
#6386=CARTESIAN_POINT('',(2.,4.,96.));
#6387=CARTESIAN_POINT('',(2.,4.,26.));
#6388=CARTESIAN_POINT('Origin',(21.117749333917,4.,0.));
#6389=CARTESIAN_POINT('',(3.99999999999999,21.117749333917,4.));
#6390=CARTESIAN_POINT('',(21.117749333917,4.,4.));
#6391=CARTESIAN_POINT('',(16.8383120004378,8.27943733347926,4.));
#6392=CARTESIAN_POINT('',(3.99999999999999,21.117749333917,0.));
#6393=CARTESIAN_POINT('',(3.99999999999999,21.117749333917,0.));
#6394=CARTESIAN_POINT('',(21.117749333917,4.,0.));
#6395=CARTESIAN_POINT('',(35.5883120004378,-10.4705626665207,0.));
#6396=CARTESIAN_POINT('',(21.117749333917,4.,0.));
#6397=CARTESIAN_POINT('Origin',(3.99999999999999,21.117749333917,0.));
#6398=CARTESIAN_POINT('',(3.99999999999999,18.2893222091708,4.));
#6399=CARTESIAN_POINT('',(3.99999999999999,12.5588746669585,4.));
#6400=CARTESIAN_POINT('',(3.99999999999999,18.2893222091708,0.));
#6401=CARTESIAN_POINT('',(3.99999999999999,18.2893222091708,0.));
#6402=CARTESIAN_POINT('',(4.,0.,0.));
#6403=CARTESIAN_POINT('Origin',(4.,18.2893222091708,0.));
#6404=CARTESIAN_POINT('',(18.2893222091708,4.,4.));
#6405=CARTESIAN_POINT('',(7.5723305522927,14.7169916568781,4.));
#6406=CARTESIAN_POINT('',(18.2893222091708,4.,0.));
#6407=CARTESIAN_POINT('',(18.2893222091708,4.,0.));
#6408=CARTESIAN_POINT('',(26.3223305522927,-4.03300834312189,0.));
#6409=CARTESIAN_POINT('Origin',(43.7451663318865,4.,0.));
#6410=CARTESIAN_POINT('',(25.745166004061,22.0000003278255,4.));
#6411=CARTESIAN_POINT('',(43.7451663318865,4.,4.));
#6412=CARTESIAN_POINT('',(33.8088747489149,13.9362915829716,4.));
#6413=CARTESIAN_POINT('',(25.745166004061,22.0000003278255,0.));
#6414=CARTESIAN_POINT('',(25.745166004061,22.0000003278255,0.));
#6415=CARTESIAN_POINT('',(43.7451663318865,4.,0.));
#6416=CARTESIAN_POINT('',(52.5588747489149,-4.81370841702836,0.));
#6417=CARTESIAN_POINT('',(43.7451663318865,4.,0.));
#6418=CARTESIAN_POINT('Origin',(25.745166004061,22.0000003278255,0.));
#6419=CARTESIAN_POINT('',(22.9167388793148,22.0000003278255,4.));
#6420=CARTESIAN_POINT('',(14.8725830020305,22.0000003278255,4.));
#6421=CARTESIAN_POINT('',(22.9167388793148,22.0000003278255,0.));
#6422=CARTESIAN_POINT('',(22.9167388793148,22.0000003278255,0.));
#6423=CARTESIAN_POINT('',(50.3725830020305,22.0000003278255,0.));
#6424=CARTESIAN_POINT('Origin',(22.9167388793148,22.0000003278255,0.));
#6425=CARTESIAN_POINT('',(40.9167392071403,4.,4.));
#6426=CARTESIAN_POINT('',(22.6875542414425,22.2291849656979,4.));
#6427=CARTESIAN_POINT('',(40.9167392071403,4.,0.));
#6428=CARTESIAN_POINT('',(40.9167392071403,4.,0.));
#6429=CARTESIAN_POINT('',(41.4375542414425,3.47918496569786,0.));
#6430=CARTESIAN_POINT('Origin',(66.372583329856,4.,0.));
#6431=CARTESIAN_POINT('',(48.3725830020305,22.0000003278255,4.));
#6432=CARTESIAN_POINT('',(66.372583329856,4.,4.));
#6433=CARTESIAN_POINT('',(50.779437497392,19.593145832464,4.));
#6434=CARTESIAN_POINT('',(48.3725830020305,22.0000003278255,0.));
#6435=CARTESIAN_POINT('',(48.3725830020305,22.0000003278255,0.));
#6436=CARTESIAN_POINT('',(66.372583329856,4.,0.));
#6437=CARTESIAN_POINT('',(69.529437497392,0.843145832464009,0.));
#6438=CARTESIAN_POINT('',(66.372583329856,4.,0.));
#6439=CARTESIAN_POINT('Origin',(45.5441558772843,22.0000003278255,0.));
#6440=CARTESIAN_POINT('',(63.5441562051099,4.,4.));
#6441=CARTESIAN_POINT('',(45.5441558772843,22.0000003278255,4.));
#6442=CARTESIAN_POINT('',(39.6581169899196,27.8860392151902,4.));
#6443=CARTESIAN_POINT('',(63.5441562051099,4.,0.));
#6444=CARTESIAN_POINT('',(63.5441562051099,4.,0.));
#6445=CARTESIAN_POINT('',(45.5441558772843,22.0000003278255,0.));
#6446=CARTESIAN_POINT('',(58.4081169899196,9.13603921519024,0.));
#6447=CARTESIAN_POINT('',(45.5441558772843,22.0000003278255,0.));
#6448=CARTESIAN_POINT('Origin',(48.3725830020305,22.0000003278255,0.));
#6449=CARTESIAN_POINT('',(26.1862915010152,22.0000003278255,4.));
#6450=CARTESIAN_POINT('',(61.6862915010152,22.0000003278255,0.));
#6451=CARTESIAN_POINT('Origin',(68.1715728752538,22.0000003278255,0.));
#6452=CARTESIAN_POINT('',(71.,19.1715732030794,4.));
#6453=CARTESIAN_POINT('',(68.1715728752538,22.0000003278255,4.));
#6454=CARTESIAN_POINT('',(56.6286797383967,33.5428934646826,4.));
#6455=CARTESIAN_POINT('',(71.,19.1715732030794,0.));
#6456=CARTESIAN_POINT('',(71.,19.1715732030794,0.));
#6457=CARTESIAN_POINT('',(68.1715728752538,22.0000003278255,0.));
#6458=CARTESIAN_POINT('',(75.3786797383967,14.7928934646826,0.));
#6459=CARTESIAN_POINT('',(68.1715728752538,22.0000003278255,0.));
#6460=CARTESIAN_POINT('Origin',(71.,22.0000003278255,0.));
#6461=CARTESIAN_POINT('',(71.,22.0000003278,4.));
#6462=CARTESIAN_POINT('',(37.5,22.0000003278255,4.));
#6463=CARTESIAN_POINT('',(71.,22.0000003278255,0.));
#6464=CARTESIAN_POINT('',(73.,22.0000003278255,0.));
#6465=CARTESIAN_POINT('',(71.,22.0000003278255,0.));
#6466=CARTESIAN_POINT('Origin',(71.,5.02943757934841,0.));
#6467=CARTESIAN_POINT('',(54.0294372515229,22.0000003278255,4.));
#6468=CARTESIAN_POINT('',(71.,5.02943757934841,4.));
#6469=CARTESIAN_POINT('',(54.5073593948371,21.5220781845113,4.));
#6470=CARTESIAN_POINT('',(54.0294372515229,22.0000003278255,0.));
#6471=CARTESIAN_POINT('',(54.0294372515229,22.0000003278255,0.));
#6472=CARTESIAN_POINT('',(71.,5.02943757934841,0.));
#6473=CARTESIAN_POINT('',(73.2573593948371,2.77207818451131,0.));
#6474=CARTESIAN_POINT('',(71.,5.02943757934841,0.));
#6475=CARTESIAN_POINT('Origin',(71.,4.,0.));
#6476=CARTESIAN_POINT('',(71.,4.,4.));
#6477=CARTESIAN_POINT('',(71.,4.,4.));
#6478=CARTESIAN_POINT('',(71.,4.,0.));
#6479=CARTESIAN_POINT('',(71.,0.,0.));
#6480=CARTESIAN_POINT('',(71.,4.,0.));
#6481=CARTESIAN_POINT('Origin',(51.2010101267766,22.0000003278255,0.));
#6482=CARTESIAN_POINT('',(69.2010104546022,4.,4.));
#6483=CARTESIAN_POINT('',(51.2010101267766,22.0000003278255,4.));
#6484=CARTESIAN_POINT('',(43.9007576770388,29.3002527775633,4.));
#6485=CARTESIAN_POINT('',(69.2010104546022,4.,0.));
#6486=CARTESIAN_POINT('',(69.2010104546022,4.,0.));
#6487=CARTESIAN_POINT('',(51.2010101267766,22.0000003278255,0.));
#6488=CARTESIAN_POINT('',(62.6507576770389,10.5502527775633,0.));
#6489=CARTESIAN_POINT('',(51.2010101267766,22.0000003278255,0.));
#6490=CARTESIAN_POINT('Origin',(54.0294372515229,22.0000003278255,0.));
#6491=CARTESIAN_POINT('',(29.0147186257614,22.0000003278255,4.));
#6492=CARTESIAN_POINT('',(64.5147186257614,22.0000003278255,0.));
#6493=CARTESIAN_POINT('Origin',(49.4020205813789,4.,0.));
#6494=CARTESIAN_POINT('',(31.4020202535533,22.0000003278255,4.));
#6495=CARTESIAN_POINT('',(49.4020205813789,4.,4.));
#6496=CARTESIAN_POINT('',(38.0515154360342,15.3505051453447,4.));
#6497=CARTESIAN_POINT('',(31.4020202535533,22.0000003278255,0.));
#6498=CARTESIAN_POINT('',(31.4020202535533,22.0000003278255,0.));
#6499=CARTESIAN_POINT('',(49.4020205813789,4.,0.));
#6500=CARTESIAN_POINT('',(56.8015154360342,-3.39949485465526,0.));
#6501=CARTESIAN_POINT('',(49.4020205813789,4.,0.));
#6502=CARTESIAN_POINT('Origin',(28.5735931288072,22.0000003278255,0.));
#6503=CARTESIAN_POINT('',(46.5735934566328,4.,4.));
#6504=CARTESIAN_POINT('',(28.5735931288072,22.0000003278255,4.));
#6505=CARTESIAN_POINT('',(26.9301949285618,23.643398528071,4.));
#6506=CARTESIAN_POINT('',(46.5735934566328,4.,0.));
#6507=CARTESIAN_POINT('',(46.5735934566328,4.,0.));
#6508=CARTESIAN_POINT('',(28.5735931288072,22.0000003278255,0.));
#6509=CARTESIAN_POINT('',(45.6801949285618,4.89339852807096,0.));
#6510=CARTESIAN_POINT('',(28.5735931288072,22.0000003278255,0.));
#6511=CARTESIAN_POINT('Origin',(31.4020202535533,22.0000003278255,0.));
#6512=CARTESIAN_POINT('',(17.7010101267767,22.0000003278255,4.));
#6513=CARTESIAN_POINT('',(53.2010101267767,22.0000003278255,0.));
#6514=CARTESIAN_POINT('Origin',(26.7746035834094,4.,0.));
#6515=CARTESIAN_POINT('',(8.77460325558383,22.0000003278255,4.));
#6516=CARTESIAN_POINT('',(26.7746035834094,4.,4.));
#6517=CARTESIAN_POINT('',(21.080952687557,9.69365089585235,4.));
#6518=CARTESIAN_POINT('',(8.77460325558383,22.0000003278255,0.));
#6519=CARTESIAN_POINT('',(8.77460325558383,22.0000003278255,0.));
#6520=CARTESIAN_POINT('',(26.7746035834094,4.,0.));
#6521=CARTESIAN_POINT('',(39.830952687557,-9.05634910414766,0.));
#6522=CARTESIAN_POINT('',(26.7746035834094,4.,0.));
#6523=CARTESIAN_POINT('Origin',(8.77460325558383,22.0000003278255,0.));
#6524=CARTESIAN_POINT('',(5.94617613083764,22.0000003278255,4.));
#6525=CARTESIAN_POINT('',(6.38730162779192,22.0000003278255,4.));
#6526=CARTESIAN_POINT('',(5.94617613083764,22.0000003278255,0.));
#6527=CARTESIAN_POINT('',(5.94617613083764,22.0000003278255,0.));
#6528=CARTESIAN_POINT('',(41.8873016277919,22.0000003278255,0.));
#6529=CARTESIAN_POINT('Origin',(5.94617613083764,22.0000003278255,0.));
#6530=CARTESIAN_POINT('',(23.9461764586632,4.,4.));
#6531=CARTESIAN_POINT('',(9.95963218008461,17.9865442785786,4.));
#6532=CARTESIAN_POINT('',(23.9461764586632,4.,0.));
#6533=CARTESIAN_POINT('',(23.9461764586632,4.,0.));
#6534=CARTESIAN_POINT('',(28.7096321800846,-0.763455721421427,0.));
#6535=CARTESIAN_POINT('Origin',(15.4608950844246,4.,0.));
#6536=CARTESIAN_POINT('',(3.99999999999999,15.4608950844246,4.));
#6537=CARTESIAN_POINT('',(15.4608950844246,4.,4.));
#6538=CARTESIAN_POINT('',(12.5956713133185,6.86522377110616,4.));
#6539=CARTESIAN_POINT('',(3.99999999999999,15.4608950844246,0.));
#6540=CARTESIAN_POINT('',(3.99999999999999,15.4608950844246,0.));
#6541=CARTESIAN_POINT('',(15.4608950844246,4.,0.));
#6542=CARTESIAN_POINT('',(31.3456713133185,-11.8847762288938,0.));
#6543=CARTESIAN_POINT('',(15.4608950844246,4.,0.));
#6544=CARTESIAN_POINT('Origin',(3.99999999999999,15.4608950844246,0.));
#6545=CARTESIAN_POINT('',(4.,12.6324679596785,4.));
#6546=CARTESIAN_POINT('',(3.99999999999999,9.73044754221231,4.));
#6547=CARTESIAN_POINT('',(4.,12.6324679596785,0.));
#6548=CARTESIAN_POINT('',(4.,12.6324679596785,0.));
#6549=CARTESIAN_POINT('',(4.,0.,0.));
#6550=CARTESIAN_POINT('Origin',(4.,12.6324679596785,0.));
#6551=CARTESIAN_POINT('',(12.6324679596784,4.,4.));
#6552=CARTESIAN_POINT('',(6.15811698991961,10.4743509697588,4.));
#6553=CARTESIAN_POINT('',(12.6324679596784,4.,0.));
#6554=CARTESIAN_POINT('',(12.6324679596784,4.,0.));
#6555=CARTESIAN_POINT('',(24.9081169899195,-8.27564903024117,0.));
#6556=CARTESIAN_POINT('Origin',(38.0883120823942,4.,0.));
#6557=CARTESIAN_POINT('',(20.0883117545686,22.0000003278255,4.));
#6558=CARTESIAN_POINT('',(38.0883120823942,4.,4.));
#6559=CARTESIAN_POINT('',(29.5662340617956,12.5220780205985,4.));
#6560=CARTESIAN_POINT('',(20.0883117545686,22.0000003278255,0.));
#6561=CARTESIAN_POINT('',(20.0883117545686,22.0000003278255,0.));
#6562=CARTESIAN_POINT('',(38.0883120823942,4.,0.));
#6563=CARTESIAN_POINT('',(48.3162340617956,-6.22792197940146,0.));
#6564=CARTESIAN_POINT('',(38.0883120823942,4.,0.));
#6565=CARTESIAN_POINT('Origin',(20.0883117545686,22.0000003278255,0.));
#6566=CARTESIAN_POINT('',(17.2598846298224,22.0000003278255,4.));
#6567=CARTESIAN_POINT('',(12.0441558772843,22.0000003278255,4.));
#6568=CARTESIAN_POINT('',(17.2598846298224,22.0000003278255,0.));
#6569=CARTESIAN_POINT('',(17.2598846298224,22.0000003278255,0.));
#6570=CARTESIAN_POINT('',(47.5441558772843,22.0000003278255,0.));
#6571=CARTESIAN_POINT('Origin',(17.2598846298224,22.0000003278255,0.));
#6572=CARTESIAN_POINT('',(35.259884957648,4.,4.));
#6573=CARTESIAN_POINT('',(18.4449135543231,20.8149714033248,4.));
#6574=CARTESIAN_POINT('',(35.259884957648,4.,0.));
#6575=CARTESIAN_POINT('',(35.259884957648,4.,0.));
#6576=CARTESIAN_POINT('',(37.1949135543232,2.06497140332478,0.));
#6577=CARTESIAN_POINT('Origin',(60.7157290803637,4.,0.));
#6578=CARTESIAN_POINT('',(42.7157287525381,22.0000003278255,4.));
#6579=CARTESIAN_POINT('',(60.7157290803637,4.,4.));
#6580=CARTESIAN_POINT('',(46.5367968102727,18.1789322700909,4.));
#6581=CARTESIAN_POINT('',(42.7157287525381,22.0000003278255,0.));
#6582=CARTESIAN_POINT('',(42.7157287525381,22.0000003278255,0.));
#6583=CARTESIAN_POINT('',(60.7157290803637,4.,0.));
#6584=CARTESIAN_POINT('',(65.2867968102727,-0.571067729909082,0.));
#6585=CARTESIAN_POINT('',(60.7157290803637,4.,0.));
#6586=CARTESIAN_POINT('Origin',(42.7157287525381,22.0000003278255,0.));
#6587=CARTESIAN_POINT('',(39.8873016277919,22.0000003278255,4.));
#6588=CARTESIAN_POINT('',(23.3578643762691,22.0000003278255,4.));
#6589=CARTESIAN_POINT('',(39.8873016277919,22.0000003278255,0.));
#6590=CARTESIAN_POINT('',(39.8873016277919,22.0000003278255,0.));
#6591=CARTESIAN_POINT('',(58.857864376269,22.0000003278255,0.));
#6592=CARTESIAN_POINT('Origin',(39.8873016277919,22.0000003278255,0.));
#6593=CARTESIAN_POINT('',(57.8873019556175,4.,4.));
#6594=CARTESIAN_POINT('',(35.4154763028003,26.4718256528171,4.));
#6595=CARTESIAN_POINT('',(57.8873019556175,4.,0.));
#6596=CARTESIAN_POINT('',(57.8873019556175,4.,0.));
#6597=CARTESIAN_POINT('',(54.1654763028003,7.72182565281714,0.));
#6598=CARTESIAN_POINT('Origin',(62.5147186257614,22.0000003278255,0.));
#6599=CARTESIAN_POINT('',(71.,13.514718953587,4.));
#6600=CARTESIAN_POINT('',(62.5147186257614,22.0000003278255,4.));
#6601=CARTESIAN_POINT('',(52.3860390512775,32.1286799023095,4.));
#6602=CARTESIAN_POINT('',(71.,13.514718953587,0.));
#6603=CARTESIAN_POINT('',(71.,13.514718953587,0.));
#6604=CARTESIAN_POINT('',(62.5147186257614,22.0000003278255,0.));
#6605=CARTESIAN_POINT('',(71.1360390512775,13.3786799023095,0.));
#6606=CARTESIAN_POINT('',(62.5147186257614,22.0000003278255,0.));
#6607=CARTESIAN_POINT('Origin',(65.3431457505076,22.0000003278255,0.));
#6608=CARTESIAN_POINT('',(65.3431457505076,22.0000003278255,4.));
#6609=CARTESIAN_POINT('',(34.6715728752538,22.0000003278255,4.));
#6610=CARTESIAN_POINT('',(65.3431457505076,22.0000003278255,0.));
#6611=CARTESIAN_POINT('',(70.1715728752538,22.0000003278255,0.));
#6612=CARTESIAN_POINT('',(65.3431457505076,22.0000003278255,0.));
#6613=CARTESIAN_POINT('Origin',(71.,16.3431460783332,0.));
#6614=CARTESIAN_POINT('',(71.,16.3431460783332,4.));
#6615=CARTESIAN_POINT('',(57.3357865195833,30.0073595587499,4.));
#6616=CARTESIAN_POINT('',(71.,16.3431460783332,0.));
#6617=CARTESIAN_POINT('',(76.0857865195833,11.2573595587499,0.));
#6618=CARTESIAN_POINT('',(71.,16.3431460783332,0.));
#6619=CARTESIAN_POINT('Origin',(56.857864376269,22.0000003278255,0.));
#6620=CARTESIAN_POINT('',(71.,7.8578647040946,4.));
#6621=CARTESIAN_POINT('',(56.857864376269,22.0000003278255,4.));
#6622=CARTESIAN_POINT('',(48.1433983641582,30.7144663399364,4.));
#6623=CARTESIAN_POINT('',(71.,7.8578647040946,0.));
#6624=CARTESIAN_POINT('',(71.,7.8578647040946,0.));
#6625=CARTESIAN_POINT('',(56.857864376269,22.0000003278255,0.));
#6626=CARTESIAN_POINT('',(66.8933983641582,11.9644663399364,0.));
#6627=CARTESIAN_POINT('',(56.857864376269,22.0000003278255,0.));
#6628=CARTESIAN_POINT('Origin',(59.6862915010152,22.0000003278255,0.));
#6629=CARTESIAN_POINT('',(59.6862915010152,22.0000003278255,4.));
#6630=CARTESIAN_POINT('',(31.8431457505076,22.0000003278255,4.));
#6631=CARTESIAN_POINT('',(59.6862915010152,22.0000003278255,0.));
#6632=CARTESIAN_POINT('',(67.3431457505076,22.0000003278255,0.));
#6633=CARTESIAN_POINT('',(59.6862915010152,22.0000003278255,0.));
#6634=CARTESIAN_POINT('Origin',(71.,10.6862918288408,0.));
#6635=CARTESIAN_POINT('',(71.,10.6862918288408,4.));
#6636=CARTESIAN_POINT('',(55.9215729572102,25.7647188716306,4.));
#6637=CARTESIAN_POINT('',(71.,10.6862918288408,0.));
#6638=CARTESIAN_POINT('',(74.6715729572102,7.01471887163059,0.));
#6639=CARTESIAN_POINT('',(71.,10.6862918288408,0.));
#6640=CARTESIAN_POINT('Origin',(55.0588748308713,4.,0.));
#6641=CARTESIAN_POINT('',(37.0588745030457,22.0000003278255,4.));
#6642=CARTESIAN_POINT('',(55.0588748308713,4.,4.));
#6643=CARTESIAN_POINT('',(42.2941561231534,16.7647187077178,4.));
#6644=CARTESIAN_POINT('',(37.0588745030457,22.0000003278255,0.));
#6645=CARTESIAN_POINT('',(37.0588745030457,22.0000003278255,0.));
#6646=CARTESIAN_POINT('',(55.0588748308713,4.,0.));
#6647=CARTESIAN_POINT('',(61.0441561231535,-1.98528129228218,0.));
#6648=CARTESIAN_POINT('',(55.0588748308713,4.,0.));
#6649=CARTESIAN_POINT('Origin',(37.0588745030457,22.0000003278255,0.));
#6650=CARTESIAN_POINT('',(34.2304473782996,22.0000003278255,4.));
#6651=CARTESIAN_POINT('',(20.5294372515229,22.0000003278255,4.));
#6652=CARTESIAN_POINT('',(34.2304473782996,22.0000003278255,0.));
#6653=CARTESIAN_POINT('',(34.2304473782996,22.0000003278255,0.));
#6654=CARTESIAN_POINT('',(56.0294372515229,22.0000003278255,0.));
#6655=CARTESIAN_POINT('Origin',(34.2304473782996,22.0000003278255,0.));
#6656=CARTESIAN_POINT('',(52.2304477061251,4.,4.));
#6657=CARTESIAN_POINT('',(31.172835615681,25.0576120904441,4.));
#6658=CARTESIAN_POINT('',(52.2304477061251,4.,0.));
#6659=CARTESIAN_POINT('',(52.2304477061251,4.,0.));
#6660=CARTESIAN_POINT('',(49.9228356156811,6.30761209044406,0.));
#6661=CARTESIAN_POINT('Origin',(32.4314578329018,4.,0.));
#6662=CARTESIAN_POINT('',(14.4314575050762,22.0000003278256,4.));
#6663=CARTESIAN_POINT('',(32.4314578329018,4.,4.));
#6664=CARTESIAN_POINT('',(25.3235933746763,11.1078644582254,4.));
#6665=CARTESIAN_POINT('',(14.4314575050762,22.0000003278256,0.));
#6666=CARTESIAN_POINT('',(14.4314575050762,22.0000003278256,0.));
#6667=CARTESIAN_POINT('',(32.4314578329018,4.,0.));
#6668=CARTESIAN_POINT('',(44.0735933746763,-7.64213554177456,0.));
#6669=CARTESIAN_POINT('',(32.4314578329018,4.,0.));
#6670=CARTESIAN_POINT('Origin',(11.60303038033,22.0000003278255,0.));
#6671=CARTESIAN_POINT('',(29.6030307081556,4.,4.));
#6672=CARTESIAN_POINT('',(11.60303038033,22.0000003278255,4.));
#6673=CARTESIAN_POINT('',(14.2022728672039,19.4007578409517,4.));
#6674=CARTESIAN_POINT('',(29.6030307081556,4.,0.));
#6675=CARTESIAN_POINT('',(29.6030307081556,4.,0.));
#6676=CARTESIAN_POINT('',(11.60303038033,22.0000003278255,0.));
#6677=CARTESIAN_POINT('',(32.9522728672039,0.650757840951661,0.));
#6678=CARTESIAN_POINT('',(11.60303038033,22.0000003278255,0.));
#6679=CARTESIAN_POINT('Origin',(14.4314575050762,22.0000003278255,0.));
#6680=CARTESIAN_POINT('',(9.21572875253809,22.0000003278255,4.));
#6681=CARTESIAN_POINT('',(44.7157287525381,22.0000003278255,0.));
#6682=CARTESIAN_POINT('Origin',(9.8040408349322,4.,0.));
#6683=CARTESIAN_POINT('',(3.99999999999999,9.80404083493224,4.));
#6684=CARTESIAN_POINT('',(9.8040408349322,4.,4.));
#6685=CARTESIAN_POINT('',(8.35303062619916,5.45101020873305,4.));
#6686=CARTESIAN_POINT('',(3.99999999999999,9.80404083493224,0.));
#6687=CARTESIAN_POINT('',(3.99999999999999,9.80404083493224,0.));
#6688=CARTESIAN_POINT('',(9.8040408349322,4.,0.));
#6689=CARTESIAN_POINT('',(27.1030306261991,-13.2989897912669,0.));
#6690=CARTESIAN_POINT('',(9.8040408349322,4.,0.));
#6691=CARTESIAN_POINT('Origin',(3.99999999999999,9.80404083493224,0.));
#6692=CARTESIAN_POINT('',(3.99999999999999,6.97561371018607,4.));
#6693=CARTESIAN_POINT('',(3.99999999999999,6.90202041746612,4.));
#6694=CARTESIAN_POINT('',(3.99999999999999,6.97561371018607,0.));
#6695=CARTESIAN_POINT('',(3.99999999999999,6.97561371018607,0.));
#6696=CARTESIAN_POINT('',(4.,0.,0.));
#6697=CARTESIAN_POINT('Origin',(3.99999999999999,6.97561371018607,0.));
#6698=CARTESIAN_POINT('',(6.97561371018599,4.,4.));
#6699=CARTESIAN_POINT('',(4.74390342754651,6.23171028263953,4.));
#6700=CARTESIAN_POINT('',(6.97561371018599,4.,0.));
#6701=CARTESIAN_POINT('',(6.97561371018599,4.,0.));
#6702=CARTESIAN_POINT('',(23.4939034275461,-12.5182897173605,0.));
#6703=CARTESIAN_POINT('Origin',(71.,4.,4.));
#6704=CARTESIAN_POINT('',(71.,4.,20.201010714045));
#6705=CARTESIAN_POINT('',(71.,20.201010714045,4.));
#6706=CARTESIAN_POINT('',(71.,16.1507580355338,8.05025267851126));
#6707=CARTESIAN_POINT('',(71.,11.5857866015397,4.));
#6708=CARTESIAN_POINT('',(71.,0.,0.));
#6709=CARTESIAN_POINT('',(71.,17.3725835892988,4.));
#6710=CARTESIAN_POINT('',(71.,4.,4.));
#6711=CARTESIAN_POINT('',(71.,4.,17.3725835892988));
#6712=CARTESIAN_POINT('',(71.,7.3431458973247,14.0294376919741));
#6713=CARTESIAN_POINT('',(71.,4.,18.2893222091708));
#6714=CARTESIAN_POINT('',(71.,4.,27.));
#6715=CARTESIAN_POINT('',(71.,0.,18.2893222091708));
#6716=CARTESIAN_POINT('',(71.,0.,18.2893222091708));
#6717=CARTESIAN_POINT('',(71.,0.,21.117749333917));
#6718=CARTESIAN_POINT('',(71.,0.,75.));
#6719=CARTESIAN_POINT('',(71.,4.,21.117749333917));
#6720=CARTESIAN_POINT('',(71.,0.,21.117749333917));
#6721=CARTESIAN_POINT('',(71.,4.,35.5588746669585));
#6722=CARTESIAN_POINT('Origin',(71.,4.,4.));
#6723=CARTESIAN_POINT('',(71.,4.,14.5441564645526));
#6724=CARTESIAN_POINT('',(71.,14.5441564645526,4.));
#6725=CARTESIAN_POINT('',(71.,11.9081173484145,6.63603911613816));
#6726=CARTESIAN_POINT('',(71.,8.75735947679349,4.));
#6727=CARTESIAN_POINT('',(71.,0.,0.));
#6728=CARTESIAN_POINT('',(71.,11.7157293398064,4.));
#6729=CARTESIAN_POINT('',(71.,4.,4.));
#6730=CARTESIAN_POINT('',(71.,4.,11.7157293398064));
#6731=CARTESIAN_POINT('',(71.,5.92893233495161,9.78679700485482));
#6732=CARTESIAN_POINT('',(71.,4.,12.6324679596785));
#6733=CARTESIAN_POINT('',(71.,4.,27.));
#6734=CARTESIAN_POINT('',(71.,0.,12.6324679596785));
#6735=CARTESIAN_POINT('',(71.,0.,12.6324679596785));
#6736=CARTESIAN_POINT('',(71.,0.,15.4608950844246));
#6737=CARTESIAN_POINT('',(71.,0.,75.));
#6738=CARTESIAN_POINT('',(71.,4.,15.4608950844246));
#6739=CARTESIAN_POINT('',(71.,0.,15.4608950844246));
#6740=CARTESIAN_POINT('',(71.,4.,32.7304475422123));
#6741=CARTESIAN_POINT('Origin',(71.,4.,4.));
#6742=CARTESIAN_POINT('',(71.,4.,8.88730221506024));
#6743=CARTESIAN_POINT('',(71.,8.88730221506024,4.));
#6744=CARTESIAN_POINT('',(71.,7.66547666129518,5.22182555376506));
#6745=CARTESIAN_POINT('',(71.,5.9289323520473,4.));
#6746=CARTESIAN_POINT('',(71.,0.,0.));
#6747=CARTESIAN_POINT('',(71.,6.05887509031405,4.));
#6748=CARTESIAN_POINT('',(71.,4.,4.));
#6749=CARTESIAN_POINT('',(71.,4.,6.05887509031405));
#6750=CARTESIAN_POINT('',(71.,4.51471877257851,5.54415631773554));
#6751=CARTESIAN_POINT('',(71.,4.,6.97561371018607));
#6752=CARTESIAN_POINT('',(71.,4.,27.));
#6753=CARTESIAN_POINT('',(71.,0.,6.97561371018607));
#6754=CARTESIAN_POINT('',(71.,0.,6.97561371018607));
#6755=CARTESIAN_POINT('',(71.,0.,9.80404083493224));
#6756=CARTESIAN_POINT('',(71.,0.,75.));
#6757=CARTESIAN_POINT('',(71.,4.,9.80404083493224));
#6758=CARTESIAN_POINT('',(71.,0.,9.80404083493224));
#6759=CARTESIAN_POINT('',(71.,4.,29.9020204174661));
#6760=CARTESIAN_POINT('Origin',(75.,0.,0.));
#6761=CARTESIAN_POINT('',(4.,4.,0.));
#6762=CARTESIAN_POINT('',(56.25,4.,0.));
#6763=CARTESIAN_POINT('',(4.,0.,0.));
#6764=CARTESIAN_POINT('Origin',(75.,0.,0.));
#6765=CARTESIAN_POINT('',(56.25,4.,0.));
#6766=CARTESIAN_POINT('',(4.,0.,0.));
#6767=CARTESIAN_POINT('Origin',(75.,0.,0.));
#6768=CARTESIAN_POINT('',(56.25,4.,0.));
#6769=CARTESIAN_POINT('',(4.,0.,0.));
#6770=CARTESIAN_POINT('Origin',(75.,0.,0.));
#6771=CARTESIAN_POINT('',(4.,0.,0.));
#6772=CARTESIAN_POINT('',(71.,0.,0.));
#6773=CARTESIAN_POINT('',(71.,0.,0.));
#6774=CARTESIAN_POINT('',(71.,0.,0.));
#6775=CARTESIAN_POINT('',(71.,0.,0.));
#6776=CARTESIAN_POINT('',(56.25,4.,0.));
#6777=CARTESIAN_POINT('',(56.25,4.,0.));
#6778=CARTESIAN_POINT('',(56.25,4.,0.));
#6779=CARTESIAN_POINT('',(56.25,4.,0.));
#6780=CARTESIAN_POINT('',(56.25,4.,0.));
#6781=CARTESIAN_POINT('',(56.25,4.,0.));
#6782=CARTESIAN_POINT('',(56.25,4.,0.));
#6783=CARTESIAN_POINT('',(56.25,4.,0.));
#6784=CARTESIAN_POINT('',(56.25,4.,0.));
#6785=CARTESIAN_POINT('Origin',(4.,4.,4.));
#6786=CARTESIAN_POINT('',(75.,20.201010714045,4.));
#6787=CARTESIAN_POINT('',(75.,20.201010714045,4.));
#6788=CARTESIAN_POINT('',(75.,0.,4.));
#6789=CARTESIAN_POINT('',(75.,22.0000003278,4.));
#6790=CARTESIAN_POINT('Origin',(4.,4.,4.));
#6791=CARTESIAN_POINT('',(19.9411251691287,4.,4.));
#6792=CARTESIAN_POINT('',(11.1446611045854,4.,4.));
#6793=CARTESIAN_POINT('',(19.9411251691287,0.,4.));
#6794=CARTESIAN_POINT('',(19.9411251691287,0.,4.));
#6795=CARTESIAN_POINT('',(22.7695522938749,0.,4.));
#6796=CARTESIAN_POINT('',(56.25,0.,4.));
#6797=CARTESIAN_POINT('',(22.7695522938749,4.,4.));
#6798=CARTESIAN_POINT('',(22.7695522938749,0.,4.));
#6799=CARTESIAN_POINT('',(20.75,4.,4.));
#6800=CARTESIAN_POINT('',(25.5979794186211,4.,4.));
#6801=CARTESIAN_POINT('',(13.9730882293316,4.,4.));
#6802=CARTESIAN_POINT('',(25.5979794186211,0.,4.));
#6803=CARTESIAN_POINT('',(25.5979794186211,0.,4.));
#6804=CARTESIAN_POINT('',(28.4264065433673,0.,4.));
#6805=CARTESIAN_POINT('',(56.25,0.,4.));
#6806=CARTESIAN_POINT('',(28.4264065433673,4.,4.));
#6807=CARTESIAN_POINT('',(28.4264065433673,0.,4.));
#6808=CARTESIAN_POINT('',(20.75,4.,4.));
#6809=CARTESIAN_POINT('',(31.2548336681135,4.,4.));
#6810=CARTESIAN_POINT('',(16.8015153540778,4.,4.));
#6811=CARTESIAN_POINT('',(31.2548336681135,0.,4.));
#6812=CARTESIAN_POINT('',(31.2548336681135,0.,4.));
#6813=CARTESIAN_POINT('',(34.0832607928597,0.,4.));
#6814=CARTESIAN_POINT('',(56.25,0.,4.));
#6815=CARTESIAN_POINT('',(34.0832607928597,4.,4.));
#6816=CARTESIAN_POINT('',(34.0832607928597,0.,4.));
#6817=CARTESIAN_POINT('',(20.75,4.,4.));
#6818=CARTESIAN_POINT('',(36.9116879176058,4.,4.));
#6819=CARTESIAN_POINT('',(19.629942478824,4.,4.));
#6820=CARTESIAN_POINT('',(36.9116879176058,0.,4.));
#6821=CARTESIAN_POINT('',(36.9116879176058,0.,4.));
#6822=CARTESIAN_POINT('',(39.740115042352,0.,4.));
#6823=CARTESIAN_POINT('',(56.25,0.,4.));
#6824=CARTESIAN_POINT('',(39.740115042352,4.,4.));
#6825=CARTESIAN_POINT('',(39.740115042352,0.,4.));
#6826=CARTESIAN_POINT('',(20.75,4.,4.));
#6827=CARTESIAN_POINT('',(42.5685421670982,4.,4.));
#6828=CARTESIAN_POINT('',(22.4583696035702,4.,4.));
#6829=CARTESIAN_POINT('',(42.5685421670982,0.,4.));
#6830=CARTESIAN_POINT('',(42.5685421670982,0.,4.));
#6831=CARTESIAN_POINT('',(45.3969692918444,0.,4.));
#6832=CARTESIAN_POINT('',(56.25,0.,4.));
#6833=CARTESIAN_POINT('',(45.3969692918444,4.,4.));
#6834=CARTESIAN_POINT('',(45.3969692918444,0.,4.));
#6835=CARTESIAN_POINT('',(20.75,4.,4.));
#6836=CARTESIAN_POINT('',(48.2253964165906,4.,4.));
#6837=CARTESIAN_POINT('',(25.2867967283164,4.,4.));
#6838=CARTESIAN_POINT('',(48.2253964165906,0.,4.));
#6839=CARTESIAN_POINT('',(48.2253964165906,0.,4.));
#6840=CARTESIAN_POINT('',(51.0538235413368,0.,4.));
#6841=CARTESIAN_POINT('',(56.25,0.,4.));
#6842=CARTESIAN_POINT('',(51.0538235413368,4.,4.));
#6843=CARTESIAN_POINT('',(51.0538235413368,0.,4.));
#6844=CARTESIAN_POINT('',(20.75,4.,4.));
#6845=CARTESIAN_POINT('',(53.882250666083,4.,4.));
#6846=CARTESIAN_POINT('',(28.1152238530626,4.,4.));
#6847=CARTESIAN_POINT('',(53.882250666083,0.,4.));
#6848=CARTESIAN_POINT('',(53.882250666083,0.,4.));
#6849=CARTESIAN_POINT('',(56.7106777908292,0.,4.));
#6850=CARTESIAN_POINT('',(56.25,0.,4.));
#6851=CARTESIAN_POINT('',(56.7106777908292,4.,4.));
#6852=CARTESIAN_POINT('',(56.7106777908292,0.,4.));
#6853=CARTESIAN_POINT('',(20.75,4.,4.));
#6854=CARTESIAN_POINT('',(59.5391049155754,4.,4.));
#6855=CARTESIAN_POINT('',(30.9436509778087,4.,4.));
#6856=CARTESIAN_POINT('',(59.5391049155754,0.,4.));
#6857=CARTESIAN_POINT('',(59.5391049155754,0.,4.));
#6858=CARTESIAN_POINT('',(62.3675320403216,0.,4.));
#6859=CARTESIAN_POINT('',(56.25,0.,4.));
#6860=CARTESIAN_POINT('',(62.3675320403216,4.,4.));
#6861=CARTESIAN_POINT('',(62.3675320403216,0.,4.));
#6862=CARTESIAN_POINT('',(20.75,4.,4.));
#6863=CARTESIAN_POINT('',(65.1959591650678,4.,4.));
#6864=CARTESIAN_POINT('',(33.7720781025549,4.,4.));
#6865=CARTESIAN_POINT('',(65.1959591650678,0.,4.));
#6866=CARTESIAN_POINT('',(65.1959591650678,0.,4.));
#6867=CARTESIAN_POINT('',(68.024386289814,0.,4.));
#6868=CARTESIAN_POINT('',(56.25,0.,4.));
#6869=CARTESIAN_POINT('',(68.024386289814,4.,4.));
#6870=CARTESIAN_POINT('',(68.024386289814,0.,4.));
#6871=CARTESIAN_POINT('',(20.75,4.,4.));
#6872=CARTESIAN_POINT('',(75.,4.,4.));
#6873=CARTESIAN_POINT('',(20.75,4.,4.));
#6874=CARTESIAN_POINT('',(75.,6.05887509031405,4.));
#6875=CARTESIAN_POINT('',(75.,0.,4.));
#6876=CARTESIAN_POINT('',(75.,6.05887509031405,4.));
#6877=CARTESIAN_POINT('',(75.,8.88730221506024,4.));
#6878=CARTESIAN_POINT('',(75.,8.88730221506024,4.));
#6879=CARTESIAN_POINT('',(75.,11.7157293398064,4.));
#6880=CARTESIAN_POINT('',(75.,0.,4.));
#6881=CARTESIAN_POINT('',(75.,11.7157293398064,4.));
#6882=CARTESIAN_POINT('',(75.,14.5441564645526,4.));
#6883=CARTESIAN_POINT('',(75.,14.5441564645526,4.));
#6884=CARTESIAN_POINT('',(75.,17.3725835892988,4.));
#6885=CARTESIAN_POINT('',(75.,0.,4.));
#6886=CARTESIAN_POINT('',(75.,17.3725835892988,4.));
#6887=CARTESIAN_POINT('',(71.,4.,4.));
#6888=CARTESIAN_POINT('',(2.,22.0000003278,4.));
#6889=CARTESIAN_POINT('',(2.,4.,4.));
#6890=CARTESIAN_POINT('',(0.,22.0000003278,4.));
#6891=CARTESIAN_POINT('',(0.,22.0000003278,4.));
#6892=CARTESIAN_POINT('',(0.,19.1715731732421,4.));
#6893=CARTESIAN_POINT('',(0.,0.,4.));
#6894=CARTESIAN_POINT('',(2.,19.1715731732421,4.));
#6895=CARTESIAN_POINT('',(0.,19.1715731732421,4.));
#6896=CARTESIAN_POINT('',(2.,16.343146069576,4.));
#6897=CARTESIAN_POINT('',(2.,4.,4.));
#6898=CARTESIAN_POINT('',(0.,16.343146069576,4.));
#6899=CARTESIAN_POINT('',(0.,16.343146069576,4.));
#6900=CARTESIAN_POINT('',(0.,13.5147189448298,4.));
#6901=CARTESIAN_POINT('',(0.,0.,4.));
#6902=CARTESIAN_POINT('',(2.,13.5147189448298,4.));
#6903=CARTESIAN_POINT('',(0.,13.5147189448298,4.));
#6904=CARTESIAN_POINT('',(2.,10.6862918200836,4.));
#6905=CARTESIAN_POINT('',(2.,4.,4.));
#6906=CARTESIAN_POINT('',(0.,10.6862918200836,4.));
#6907=CARTESIAN_POINT('',(0.,10.6862918200836,4.));
#6908=CARTESIAN_POINT('',(0.,7.85786469533738,4.));
#6909=CARTESIAN_POINT('',(0.,0.,4.));
#6910=CARTESIAN_POINT('',(2.,7.85786469533739,4.));
#6911=CARTESIAN_POINT('',(0.,7.85786469533738,4.));
#6912=CARTESIAN_POINT('',(2.,5.02943757059118,4.));
#6913=CARTESIAN_POINT('',(2.,4.,4.));
#6914=CARTESIAN_POINT('',(0.,5.02943757059117,4.));
#6915=CARTESIAN_POINT('',(0.,5.02943757059117,4.));
#6916=CARTESIAN_POINT('',(0.,4.,4.));
#6917=CARTESIAN_POINT('',(0.,0.,4.));
#6918=CARTESIAN_POINT('',(4.,4.,4.));
#6919=CARTESIAN_POINT('',(20.75,4.,4.));
#6920=CARTESIAN_POINT('',(4.,0.,4.));
#6921=CARTESIAN_POINT('',(4.,0.,4.));
#6922=CARTESIAN_POINT('',(5.79898954539777,0.,4.));
#6923=CARTESIAN_POINT('',(56.25,0.,4.));
#6924=CARTESIAN_POINT('',(5.79898954539777,4.,4.));
#6925=CARTESIAN_POINT('',(5.79898954539777,0.,4.));
#6926=CARTESIAN_POINT('',(20.75,4.,4.));
#6927=CARTESIAN_POINT('',(8.62741667014398,4.,4.));
#6928=CARTESIAN_POINT('',(5.487806855093,4.,4.));
#6929=CARTESIAN_POINT('',(8.62741667014398,0.,4.));
#6930=CARTESIAN_POINT('',(8.62741667014398,0.,4.));
#6931=CARTESIAN_POINT('',(11.4558437948901,0.,4.));
#6932=CARTESIAN_POINT('',(56.25,0.,4.));
#6933=CARTESIAN_POINT('',(11.4558437948901,4.,4.));
#6934=CARTESIAN_POINT('',(11.4558437948901,0.,4.));
#6935=CARTESIAN_POINT('',(20.75,4.,4.));
#6936=CARTESIAN_POINT('',(14.2842709196363,4.,4.));
#6937=CARTESIAN_POINT('',(8.31623397983921,4.,4.));
#6938=CARTESIAN_POINT('',(14.2842709196363,0.,4.));
#6939=CARTESIAN_POINT('',(14.2842709196363,0.,4.));
#6940=CARTESIAN_POINT('',(17.1126980443825,0.,4.));
#6941=CARTESIAN_POINT('',(56.25,0.,4.));
#6942=CARTESIAN_POINT('',(17.1126980443825,4.,4.));
#6943=CARTESIAN_POINT('',(17.1126980443825,0.,4.));
#6944=CARTESIAN_POINT('',(20.75,4.,4.));
#6945=CARTESIAN_POINT('Origin',(0.,4.00000002980232,8.62741670870352));
#6946=CARTESIAN_POINT('',(2.,4.,8.6274166789012));
#6947=CARTESIAN_POINT('',(2.,16.8431458451759,21.4705625240771));
#6948=CARTESIAN_POINT('',(0.,4.00000005960464,8.6274166789012));
#6949=CARTESIAN_POINT('',(0.,0.84314584517586,5.47056252407706));
#6950=CARTESIAN_POINT('',(0.,4.00000005960464,8.6274166789012));
#6951=CARTESIAN_POINT('Origin',(0.,14.5441564645526,22.0000002682));
#6952=CARTESIAN_POINT('',(2.,4.,11.4558438036474));
#6953=CARTESIAN_POINT('',(2.,21.4081172813645,28.8639610850118));
#6954=CARTESIAN_POINT('',(0.,4.00000005960464,11.4558438036474));
#6955=CARTESIAN_POINT('',(0.,4.00000005960464,11.4558438036474));
#6956=CARTESIAN_POINT('',(0.,5.40811728136446,12.8639610850118));
#6957=CARTESIAN_POINT('Origin',(0.,22.0000003278,6.82842631982893));
#6958=CARTESIAN_POINT('',(2.,22.0000003278,6.82842631982893));
#6959=CARTESIAN_POINT('',(2.,30.7928930756497,15.6213164727091));
#6960=CARTESIAN_POINT('',(0.,22.0000003278,6.82842631982893));
#6961=CARTESIAN_POINT('',(0.,14.7928920427257,-0.378679838274552));
#6962=CARTESIAN_POINT('',(0.,22.0000003278,6.82842631982893));
#6963=CARTESIAN_POINT('Origin',(0.,22.0000003278,4.));
#6964=CARTESIAN_POINT('',(2.,22.0000003278,27.));
#6965=CARTESIAN_POINT('',(0.,22.0000003278,2.));
#6966=CARTESIAN_POINT('Origin',(0.,5.02943757059118,4.));
#6967=CARTESIAN_POINT('',(2.,22.0000003278,20.9705627572088));
#6968=CARTESIAN_POINT('',(2.,18.7720781779434,17.7426406073522));
#6969=CARTESIAN_POINT('',(0.,22.0000003278,20.9705627572088));
#6970=CARTESIAN_POINT('',(0.,22.0000003278,20.9705627572088));
#6971=CARTESIAN_POINT('',(0.,2.77207817794338,1.74264060735221));
#6972=CARTESIAN_POINT('Origin',(0.,22.0000003278,20.9705627572088));
#6973=CARTESIAN_POINT('',(2.,22.0000003278,35.4852813786044));
#6974=CARTESIAN_POINT('',(0.,22.0000003278,10.4852813786044));
#6975=CARTESIAN_POINT('Origin',(0.,20.201010714045,22.0000002682));
#6976=CARTESIAN_POINT('',(2.,4.00000005960464,5.79898955415501));
#6977=CARTESIAN_POINT('',(2.,25.6507579684838,27.4497475226387));
#6978=CARTESIAN_POINT('',(0.,4.00000005960464,5.79898955415501));
#6979=CARTESIAN_POINT('',(0.,4.00000005960464,5.79898955415501));
#6980=CARTESIAN_POINT('',(0.,9.65075796848375,11.4497475226388));
#6981=CARTESIAN_POINT('Origin',(0.,4.00000002980232,14.2842709581959));
#6982=CARTESIAN_POINT('',(2.,4.,14.2842709283936));
#6983=CARTESIAN_POINT('',(2.,15.4289322828028,25.7132032111963));
#6984=CARTESIAN_POINT('',(0.,4.00000005960464,14.2842709283936));
#6985=CARTESIAN_POINT('',(0.,-0.571067717197234,9.71320321119634));
#6986=CARTESIAN_POINT('',(0.,4.00000005960464,14.2842709283936));
#6987=CARTESIAN_POINT('Origin',(0.,8.88730221506024,22.0000002682));
#6988=CARTESIAN_POINT('',(2.,4.,17.1126980531398));
#6989=CARTESIAN_POINT('',(2.,17.1654765942452,30.2781746473849));
#6990=CARTESIAN_POINT('',(0.,4.00000005960464,17.1126980531398));
#6991=CARTESIAN_POINT('',(0.,4.00000005960464,17.1126980531398));
#6992=CARTESIAN_POINT('',(0.,1.16547659424518,14.2781746473849));
#6993=CARTESIAN_POINT('Origin',(0.,22.0000003278,9.65685425822405));
#6994=CARTESIAN_POINT('',(2.,22.0000003278,12.4852813829702));
#6995=CARTESIAN_POINT('',(2.,22.0000003278,9.65685425822405));
#6996=CARTESIAN_POINT('',(2.,22.0000003278,29.828427129112));
#6997=CARTESIAN_POINT('',(0.,22.0000003278,12.4852813829702));
#6998=CARTESIAN_POINT('',(0.,22.0000003278,12.4852813829702));
#6999=CARTESIAN_POINT('',(0.,22.0000003278,9.65685425822405));
#7000=CARTESIAN_POINT('',(0.,22.0000003278,4.82842712911203));
#7001=CARTESIAN_POINT('',(0.,22.0000003278,9.65685425822405));
#7002=CARTESIAN_POINT('Origin',(0.,16.343146069576,4.));
#7003=CARTESIAN_POINT('',(2.,27.257359552182,14.914213482606));
#7004=CARTESIAN_POINT('',(0.,11.257359552182,-1.08578651739399));
#7005=CARTESIAN_POINT('Origin',(0.,22.0000003278,12.4852813829702));
#7006=CARTESIAN_POINT('',(2.,29.3786799001074,19.8639609552777));
#7007=CARTESIAN_POINT('',(0.,13.3786799001074,3.86396095527768));
#7008=CARTESIAN_POINT('Origin',(0.,22.0000003278,15.3137085077164));
#7009=CARTESIAN_POINT('',(2.,22.0000003278,18.1421356324626));
#7010=CARTESIAN_POINT('',(2.,22.0000003278,15.3137085077164));
#7011=CARTESIAN_POINT('',(2.,22.0000003278,32.6568542538582));
#7012=CARTESIAN_POINT('',(0.,22.0000003278,18.1421356324626));
#7013=CARTESIAN_POINT('',(0.,22.0000003278,18.1421356324626));
#7014=CARTESIAN_POINT('',(0.,22.0000003278,15.3137085077164));
#7015=CARTESIAN_POINT('',(0.,22.0000003278,7.65685425385821));
#7016=CARTESIAN_POINT('',(0.,22.0000003278,15.3137085077164));
#7017=CARTESIAN_POINT('Origin',(0.,10.6862918200836,4.));
#7018=CARTESIAN_POINT('',(2.,23.0147188650627,16.3284270449791));
#7019=CARTESIAN_POINT('',(0.,7.01471886506268,0.328427044979109));
#7020=CARTESIAN_POINT('Origin',(0.,22.0000003278,18.1421356324626));
#7021=CARTESIAN_POINT('',(2.,27.9644663377344,24.106601642397));
#7022=CARTESIAN_POINT('',(0.,11.9644663377343,8.10660164239696));
#7023=CARTESIAN_POINT('Origin',(0.,4.00000002980232,19.9411252076883));
#7024=CARTESIAN_POINT('',(2.,4.,19.941125177886));
#7025=CARTESIAN_POINT('',(2.,14.0147187204297,29.9558438983156));
#7026=CARTESIAN_POINT('',(0.,4.00000005960464,19.941125177886));
#7027=CARTESIAN_POINT('',(0.,-1.98528127957033,13.9558438983156));
#7028=CARTESIAN_POINT('',(0.,4.00000005960464,19.941125177886));
#7029=CARTESIAN_POINT('Origin',(2.,14.,50.));
#7030=CARTESIAN_POINT('Origin',(2.,14.,50.));
#7031=CARTESIAN_POINT('',(2.,4.,22.));
#7032=CARTESIAN_POINT('Origin',(2.,14.,50.));
#7033=CARTESIAN_POINT('',(2.,4.,22.));
#7034=CARTESIAN_POINT('Origin',(37.5,4.,50.));
#7035=CARTESIAN_POINT('',(0.,4.,25.));
#7036=CARTESIAN_POINT('',(4.,4.,19.1715732030794));
#7037=CARTESIAN_POINT('',(4.,4.,34.5857866015397));
#7038=CARTESIAN_POINT('',(21.4963202616033,4.,36.6678934646826));
#7039=CARTESIAN_POINT('',(4.,4.,16.3431460783332));
#7040=CARTESIAN_POINT('',(20.7892134804167,4.,33.1323595587499));
#7041=CARTESIAN_POINT('',(4.,4.,13.514718953587));
#7042=CARTESIAN_POINT('',(4.,4.,31.7573594767935));
#7043=CARTESIAN_POINT('',(25.7389609487225,4.,35.2536799023095));
#7044=CARTESIAN_POINT('',(4.,4.,10.6862918288408));
#7045=CARTESIAN_POINT('',(22.2034270427898,4.,28.8897188716306));
#7046=CARTESIAN_POINT('',(4.,4.,7.8578647040946));
#7047=CARTESIAN_POINT('',(4.,4.,28.9289323520473));
#7048=CARTESIAN_POINT('',(29.9816016358418,4.,33.8394663399364));
#7049=CARTESIAN_POINT('',(4.,4.,5.02943757934841));
#7050=CARTESIAN_POINT('',(23.6176406051629,4.,24.6470781845113));
#7051=CARTESIAN_POINT('',(4.,4.,27.));
#7052=CARTESIAN_POINT('',(0.,4.,25.));
#7053=CARTESIAN_POINT('',(0.,4.,25.));
#7054=CARTESIAN_POINT('',(2.,4.,22.));
#7055=CARTESIAN_POINT('',(0.,4.,25.));
#7056=CARTESIAN_POINT('Origin',(0.,0.,0.));
#7057=CARTESIAN_POINT('',(0.,0.,4.));
#7058=CARTESIAN_POINT('',(0.,0.,4.));
#7059=CARTESIAN_POINT('',(0.,0.,4.));
#7060=CARTESIAN_POINT('',(0.,0.,4.));
#7061=CARTESIAN_POINT('',(0.,4.,25.));
#7062=CARTESIAN_POINT('',(0.,4.,25.));
#7063=CARTESIAN_POINT('',(0.,4.,25.));
#7064=CARTESIAN_POINT('',(0.,4.,96.));
#7065=CARTESIAN_POINT('',(0.,4.,25.));
#7066=CARTESIAN_POINT('',(0.,0.,96.));
#7067=CARTESIAN_POINT('Origin',(71.,0.,18.2893222091708));
#7068=CARTESIAN_POINT('',(70.5526694477073,4.,17.8419916568781));
#7069=CARTESIAN_POINT('',(70.5526694477073,0.,17.8419916568781));
#7070=CARTESIAN_POINT('Origin',(53.882250666083,0.,4.));
#7071=CARTESIAN_POINT('',(61.2866879995622,4.,11.4044373334793));
#7072=CARTESIAN_POINT('',(61.2866879995622,0.,11.4044373334793));
#7073=CARTESIAN_POINT('Origin',(52.0832611206852,0.,22.0000003278255));
#7074=CARTESIAN_POINT('',(55.4374457585575,4.,25.3541849656978));
#7075=CARTESIAN_POINT('',(55.4374457585575,0.,25.3541849656978));
#7076=CARTESIAN_POINT('Origin',(31.2548336681135,0.,4.));
#7077=CARTESIAN_POINT('',(44.3161252510851,4.,17.0612915829716));
#7078=CARTESIAN_POINT('',(44.3161252510851,0.,17.0612915829716));
#7079=CARTESIAN_POINT('Origin',(29.4558441227157,0.,22.0000003278255));
#7080=CARTESIAN_POINT('',(38.4668830100804,4.,31.0110392151902));
#7081=CARTESIAN_POINT('',(38.4668830100804,0.,31.0110392151902));
#7082=CARTESIAN_POINT('Origin',(8.62741667014398,0.,4.));
#7083=CARTESIAN_POINT('',(27.345562502608,4.,22.718145832464));
#7084=CARTESIAN_POINT('',(27.345562502608,0.,22.718145832464));
#7085=CARTESIAN_POINT('Origin',(6.8284271247462,0.,22.0000003278255));
#7086=CARTESIAN_POINT('',(4.,0.,19.1715732030794));
#7087=CARTESIAN_POINT('',(4.,0.,19.1715732030794));
#7088=CARTESIAN_POINT('',(21.4963202616033,0.,36.6678934646826));
#7089=CARTESIAN_POINT('Origin',(4.,0.,19.1715732030794));
#7090=CARTESIAN_POINT('',(4.,0.,25.));
#7091=CARTESIAN_POINT('Origin',(4.,0.,5.02943757934841));
#7092=CARTESIAN_POINT('',(4.,0.,5.02943757934841));
#7093=CARTESIAN_POINT('',(23.6176406051629,0.,24.6470781845113));
#7094=CARTESIAN_POINT('',(4.,0.,5.02943757934841));
#7095=CARTESIAN_POINT('Origin',(4.,0.,4.));
#7096=CARTESIAN_POINT('',(4.,0.,25.));
#7097=CARTESIAN_POINT('Origin',(23.7989898732234,0.,22.0000003278255));
#7098=CARTESIAN_POINT('',(34.2242423229612,4.,32.4252527775633));
#7099=CARTESIAN_POINT('',(34.2242423229612,0.,32.4252527775633));
#7100=CARTESIAN_POINT('Origin',(25.5979794186211,0.,4.));
#7101=CARTESIAN_POINT('',(40.0734845639658,4.,18.4755051453447));
#7102=CARTESIAN_POINT('',(40.0734845639658,0.,18.4755051453447));
#7103=CARTESIAN_POINT('Origin',(46.4264068711928,0.,22.0000003278255));
#7104=CARTESIAN_POINT('',(51.1948050714382,4.,26.768398528071));
#7105=CARTESIAN_POINT('',(51.1948050714382,0.,26.768398528071));
#7106=CARTESIAN_POINT('Origin',(69.0538238691624,0.,22.0000003278255));
#7107=CARTESIAN_POINT('',(68.1653678199154,4.,21.1115442785786));
#7108=CARTESIAN_POINT('',(68.1653678199154,0.,21.1115442785786));
#7109=CARTESIAN_POINT('Origin',(48.2253964165906,0.,4.));
#7110=CARTESIAN_POINT('',(57.044047312443,4.,12.8186508958523));
#7111=CARTESIAN_POINT('',(57.044047312443,0.,12.8186508958523));
#7112=CARTESIAN_POINT('Origin',(71.,0.,12.6324679596785));
#7113=CARTESIAN_POINT('',(71.9668830100804,4.,13.5993509697589));
#7114=CARTESIAN_POINT('',(71.9668830100804,0.,13.5993509697589));
#7115=CARTESIAN_POINT('Origin',(59.5391049155754,0.,4.));
#7116=CARTESIAN_POINT('',(65.5293286866815,4.,9.99022377110614));
#7117=CARTESIAN_POINT('',(65.5293286866815,0.,9.99022377110614));
#7118=CARTESIAN_POINT('Origin',(57.7401153701776,0.,22.0000003278255));
#7119=CARTESIAN_POINT('',(59.6800864456768,4.,23.9399714033247));
#7120=CARTESIAN_POINT('',(59.6800864456768,0.,23.9399714033247));
#7121=CARTESIAN_POINT('Origin',(36.9116879176058,0.,4.));
#7122=CARTESIAN_POINT('',(48.5587659382044,4.,15.6470780205985));
#7123=CARTESIAN_POINT('',(48.5587659382044,0.,15.6470780205985));
#7124=CARTESIAN_POINT('Origin',(35.1126983722081,0.,22.0000003278255));
#7125=CARTESIAN_POINT('',(42.7095236971997,4.,29.5968256528171));
#7126=CARTESIAN_POINT('',(42.7095236971997,0.,29.5968256528171));
#7127=CARTESIAN_POINT('Origin',(14.2842709196363,0.,4.));
#7128=CARTESIAN_POINT('',(31.5882031897273,4.,21.3039322700909));
#7129=CARTESIAN_POINT('',(31.5882031897273,0.,21.3039322700909));
#7130=CARTESIAN_POINT('Origin',(4.,0.,16.3431460783332));
#7131=CARTESIAN_POINT('',(4.,0.,16.3431460783332));
#7132=CARTESIAN_POINT('',(20.7892134804167,0.,33.1323595587499));
#7133=CARTESIAN_POINT('',(4.,0.,16.3431460783332));
#7134=CARTESIAN_POINT('Origin',(4.,0.,13.514718953587));
#7135=CARTESIAN_POINT('',(4.,0.,13.514718953587));
#7136=CARTESIAN_POINT('',(4.,0.,25.));
#7137=CARTESIAN_POINT('',(4.,0.,13.514718953587));
#7138=CARTESIAN_POINT('Origin',(12.4852813742386,0.,22.0000003278255));
#7139=CARTESIAN_POINT('',(25.7389609487225,0.,35.2536799023095));
#7140=CARTESIAN_POINT('Origin',(4.,0.,10.6862918288408));
#7141=CARTESIAN_POINT('',(4.,0.,10.6862918288408));
#7142=CARTESIAN_POINT('',(22.2034270427898,0.,28.8897188716306));
#7143=CARTESIAN_POINT('',(4.,0.,10.6862918288408));
#7144=CARTESIAN_POINT('Origin',(4.,0.,7.8578647040946));
#7145=CARTESIAN_POINT('',(4.,0.,7.8578647040946));
#7146=CARTESIAN_POINT('',(4.,0.,25.));
#7147=CARTESIAN_POINT('',(4.,0.,7.8578647040946));
#7148=CARTESIAN_POINT('Origin',(18.142135623731,0.,22.0000003278255));
#7149=CARTESIAN_POINT('',(29.9816016358418,0.,33.8394663399364));
#7150=CARTESIAN_POINT('Origin',(40.7695526217004,0.,22.0000003278255));
#7151=CARTESIAN_POINT('',(46.9521643843189,4.,28.182612090444));
#7152=CARTESIAN_POINT('',(46.9521643843189,0.,28.182612090444));
#7153=CARTESIAN_POINT('Origin',(19.9411251691287,0.,4.));
#7154=CARTESIAN_POINT('',(35.8308438768465,4.,19.8897187077178));
#7155=CARTESIAN_POINT('',(35.8308438768465,0.,19.8897187077178));
#7156=CARTESIAN_POINT('Origin',(42.5685421670982,0.,4.));
#7157=CARTESIAN_POINT('',(52.8014066253237,4.,14.2328644582254));
#7158=CARTESIAN_POINT('',(52.8014066253237,0.,14.2328644582254));
#7159=CARTESIAN_POINT('Origin',(63.39696961967,0.,22.0000003278255));
#7160=CARTESIAN_POINT('',(63.9227271327961,4.,22.5257578409516));
#7161=CARTESIAN_POINT('',(63.9227271327961,0.,22.5257578409516));
#7162=CARTESIAN_POINT('Origin',(71.,0.,6.97561371018607));
#7163=CARTESIAN_POINT('',(73.3810965724537,4.,9.3567102826398));
#7164=CARTESIAN_POINT('',(73.3810965724537,0.,9.3567102826398));
#7165=CARTESIAN_POINT('Origin',(65.1959591650678,0.,4.));
#7166=CARTESIAN_POINT('',(69.7719693738009,4.,8.57601020873311));
#7167=CARTESIAN_POINT('',(69.7719693738009,0.,8.57601020873311));
#7168=CARTESIAN_POINT('Origin',(37.5,0.,50.));
#7169=CARTESIAN_POINT('',(71.,0.,4.));
#7170=CARTESIAN_POINT('',(56.25,0.,4.));
#7171=CARTESIAN_POINT('',(71.,0.,75.));
#7172=CARTESIAN_POINT('Origin',(37.5,0.,50.));
#7173=CARTESIAN_POINT('',(56.25,0.,4.));
#7174=CARTESIAN_POINT('',(71.,0.,75.));
#7175=CARTESIAN_POINT('Origin',(37.5,0.,50.));
#7176=CARTESIAN_POINT('',(71.,0.,96.));
#7177=CARTESIAN_POINT('',(71.,0.,75.));
#7178=CARTESIAN_POINT('',(4.,0.,96.));
#7179=CARTESIAN_POINT('',(18.75,0.,96.));
#7180=CARTESIAN_POINT('',(4.,0.,25.));
#7181=CARTESIAN_POINT('',(4.,0.,25.));
#7182=CARTESIAN_POINT('',(4.,0.,25.));
#7183=CARTESIAN_POINT('',(4.,0.,25.));
#7184=CARTESIAN_POINT('',(56.25,0.,4.));
#7185=CARTESIAN_POINT('',(56.25,0.,4.));
#7186=CARTESIAN_POINT('',(56.25,0.,4.));
#7187=CARTESIAN_POINT('',(56.25,0.,4.));
#7188=CARTESIAN_POINT('',(56.25,0.,4.));
#7189=CARTESIAN_POINT('',(56.25,0.,4.));
#7190=CARTESIAN_POINT('',(56.25,0.,4.));
#7191=CARTESIAN_POINT('',(56.25,0.,4.));
#7192=CARTESIAN_POINT('',(56.25,0.,4.));
#7193=CARTESIAN_POINT('Origin',(37.5,0.,50.));
#7194=CARTESIAN_POINT('',(56.25,0.,4.));
#7195=CARTESIAN_POINT('',(71.,0.,75.));
#7196=CARTESIAN_POINT('Origin',(37.5,4.,50.));
#7197=CARTESIAN_POINT('',(75.,4.,6.05887509031405));
#7198=CARTESIAN_POINT('',(75.,4.,6.05887509031405));
#7199=CARTESIAN_POINT('',(75.,4.,75.));
#7200=CARTESIAN_POINT('',(56.25,4.,0.));
#7201=CARTESIAN_POINT('Origin',(37.5,4.,50.));
#7202=CARTESIAN_POINT('',(56.25,4.,0.));
#7203=CARTESIAN_POINT('Origin',(37.5,4.,50.));
#7204=CARTESIAN_POINT('',(56.25,4.,0.));
#7205=CARTESIAN_POINT('Origin',(37.5,4.,50.));
#7206=CARTESIAN_POINT('',(75.,4.,11.7157293398064));
#7207=CARTESIAN_POINT('',(75.,4.,11.7157293398064));
#7208=CARTESIAN_POINT('',(75.,4.,8.88730221506024));
#7209=CARTESIAN_POINT('',(75.,4.,75.));
#7210=CARTESIAN_POINT('',(75.,4.,8.88730221506024));
#7211=CARTESIAN_POINT('',(56.25,4.,0.));
#7212=CARTESIAN_POINT('Origin',(37.5,4.,50.));
#7213=CARTESIAN_POINT('',(56.25,4.,0.));
#7214=CARTESIAN_POINT('Origin',(37.5,4.,50.));
#7215=CARTESIAN_POINT('',(56.25,4.,0.));
#7216=CARTESIAN_POINT('Origin',(37.5,4.,50.));
#7217=CARTESIAN_POINT('',(56.25,4.,0.));
#7218=CARTESIAN_POINT('Origin',(37.5,4.,50.));
#7219=CARTESIAN_POINT('',(56.25,4.,0.));
#7220=CARTESIAN_POINT('Origin',(37.5,4.,50.));
#7221=CARTESIAN_POINT('',(56.25,4.,0.));
#7222=CARTESIAN_POINT('Origin',(37.5,4.,50.));
#7223=CARTESIAN_POINT('',(56.25,4.,0.));
#7224=CARTESIAN_POINT('Origin',(37.5,4.,50.));
#7225=CARTESIAN_POINT('',(75.,4.,17.3725835892988));
#7226=CARTESIAN_POINT('',(75.,4.,17.3725835892988));
#7227=CARTESIAN_POINT('',(75.,4.,14.5441564645526));
#7228=CARTESIAN_POINT('',(75.,4.,75.));
#7229=CARTESIAN_POINT('',(75.,4.,14.5441564645526));
#7230=CARTESIAN_POINT('',(56.25,4.,0.));
#7231=CARTESIAN_POINT('Origin',(75.,14.5441564645526,4.));
#7232=CARTESIAN_POINT('',(75.,-13.0918826515855,31.6360391161382));
#7233=CARTESIAN_POINT('Origin',(75.,4.,17.3725835892988));
#7234=CARTESIAN_POINT('',(75.,-17.6568541026753,39.0294376919741));
#7235=CARTESIAN_POINT('Origin',(75.,22.0000003278,19.1715739483711));
#7236=CARTESIAN_POINT('',(71.,22.0000003278,19.1715739483711));
#7237=CARTESIAN_POINT('',(71.,21.2928924048967,19.8786816625918));
#7238=CARTESIAN_POINT('',(75.,22.0000003278,19.1715739483711));
#7239=CARTESIAN_POINT('Origin',(75.,22.0000003278,22.0000002682));
#7240=CARTESIAN_POINT('',(71.,22.0000003278,13.0000001341));
#7241=CARTESIAN_POINT('Origin',(75.,22.0000003278,5.0294375109912));
#7242=CARTESIAN_POINT('',(71.,22.0000003278,5.0294375109912));
#7243=CARTESIAN_POINT('',(71.,22.0000003278,4.5147187554956));
#7244=CARTESIAN_POINT('',(75.,22.0000003278,5.0294375109912));
#7245=CARTESIAN_POINT('Origin',(75.,5.02943757059117,22.0000002682));
#7246=CARTESIAN_POINT('',(71.,9.27207824499338,17.7573595937978));
#7247=CARTESIAN_POINT('Origin',(75.,20.201010714045,4.00000000000001));
#7248=CARTESIAN_POINT('',(75.,4.,20.201010714045));
#7249=CARTESIAN_POINT('',(75.,4.,20.201010714045));
#7250=CARTESIAN_POINT('',(75.,-8.84924196446625,33.0502526785112));
#7251=CARTESIAN_POINT('Origin',(75.,8.88730221506024,4.));
#7252=CARTESIAN_POINT('',(75.,-17.3345233387048,30.221825553765));
#7253=CARTESIAN_POINT('Origin',(75.,4.,11.7157293398064));
#7254=CARTESIAN_POINT('',(75.,-19.0710676650484,34.7867970048548));
#7255=CARTESIAN_POINT('Origin',(75.,22.0000003278,16.343146009976));
#7256=CARTESIAN_POINT('',(71.,22.0000003278,13.5147188852298));
#7257=CARTESIAN_POINT('',(71.,22.0000003278,16.343146009976));
#7258=CARTESIAN_POINT('',(71.,22.0000003278,10.171573004988));
#7259=CARTESIAN_POINT('',(75.,22.0000003278,13.5147188852298));
#7260=CARTESIAN_POINT('',(75.,22.0000003278,16.343146009976));
#7261=CARTESIAN_POINT('Origin',(75.,16.343146069576,22.0000002682));
#7262=CARTESIAN_POINT('',(71.,17.757359619232,20.585786718544));
#7263=CARTESIAN_POINT('Origin',(75.,22.0000003278,13.5147188852298));
#7264=CARTESIAN_POINT('',(71.,19.8786799671574,15.6360392458723));
#7265=CARTESIAN_POINT('Origin',(75.,22.0000003278,10.6862917604836));
#7266=CARTESIAN_POINT('',(71.,22.0000003278,7.85786463573738));
#7267=CARTESIAN_POINT('',(71.,22.0000003278,10.6862917604836));
#7268=CARTESIAN_POINT('',(71.,22.0000003278,7.34314588024179));
#7269=CARTESIAN_POINT('',(75.,22.0000003278,7.85786463573738));
#7270=CARTESIAN_POINT('',(75.,22.0000003278,10.6862917604836));
#7271=CARTESIAN_POINT('Origin',(75.,10.6862918200836,22.0000002682));
#7272=CARTESIAN_POINT('',(71.,13.5147189321127,19.1715731561709));
#7273=CARTESIAN_POINT('Origin',(75.,22.0000003278,7.85786463573738));
#7274=CARTESIAN_POINT('',(71.,18.4644664047843,11.393398558753));
#7275=CARTESIAN_POINT('Origin',(75.,4.,6.05887509031405));
#7276=CARTESIAN_POINT('',(75.,-20.4852812274215,30.5441563177355));
#7277=CARTESIAN_POINT('Origin',(37.5,4.,50.));
#7278=CARTESIAN_POINT('',(75.,4.,75.));
#7279=CARTESIAN_POINT('',(56.25,4.,0.));
#7280=CARTESIAN_POINT('Origin',(71.,4.,4.));
#7281=CARTESIAN_POINT('Origin',(75.,0.,100.));
#7282=CARTESIAN_POINT('',(75.,4.,75.));
#7283=CARTESIAN_POINT('',(75.,0.,4.));
#7284=CARTESIAN_POINT('Origin',(75.,0.,100.));
#7285=CARTESIAN_POINT('',(75.,4.,75.));
#7286=CARTESIAN_POINT('',(75.,0.,4.));
#7287=CARTESIAN_POINT('Origin',(75.,0.,100.));
#7288=CARTESIAN_POINT('',(75.,0.,4.));
#7289=CARTESIAN_POINT('',(75.,4.,75.));
#7290=CARTESIAN_POINT('Origin',(71.,4.,4.));
#7291=CARTESIAN_POINT('',(71.0000010579824,4.,26.));
#7292=CARTESIAN_POINT('',(71.,4.,26.));
#7293=CARTESIAN_POINT('',(71.,4.,96.));
#7294=CARTESIAN_POINT('',(71.,4.,27.));
#7295=CARTESIAN_POINT('',(71.,4.,96.));
#7296=CARTESIAN_POINT('Origin',(2.,14.,50.));
#7297=CARTESIAN_POINT('Origin',(4.,4.,26.));
#7298=CARTESIAN_POINT('',(4.,4.,26.));
#7299=CARTESIAN_POINT('Origin',(37.5,4.,50.));
#7300=CARTESIAN_POINT('',(54.25,4.,96.));
#7301=CARTESIAN_POINT('Origin',(4.,4.,96.));
#7302=CARTESIAN_POINT('Origin',(4.,4.,96.));
#7303=CARTESIAN_POINT('',(4.,4.,100.));
#7304=CARTESIAN_POINT('Origin',(4.,4.,96.));
#7305=CARTESIAN_POINT('Origin',(4.,4.,96.));
#7306=CARTESIAN_POINT('Origin',(4.,4.,4.));
#7307=CARTESIAN_POINT('Origin',(4.,4.,4.));
#7308=CARTESIAN_POINT('Origin',(4.,4.,4.));
#7309=CARTESIAN_POINT('Origin',(4.,4.,4.));
#7310=CARTESIAN_POINT('Origin',(71.,4.,96.));
#7311=CARTESIAN_POINT('',(71.,4.,100.));
#7312=CARTESIAN_POINT('Origin',(71.,4.,96.));
#7313=CARTESIAN_POINT('Origin',(71.,4.,96.));
#7314=CARTESIAN_POINT('Origin',(71.,4.,96.));
#7315=CARTESIAN_POINT('Origin',(18.75,4.,96.));
#7316=CARTESIAN_POINT('',(18.75,4.,100.));
#7317=CARTESIAN_POINT('Origin',(71.,4.,4.));
#7318=CARTESIAN_POINT('Origin',(71.,4.,4.));
#7319=CARTESIAN_POINT('Origin',(71.,4.,4.));
#7320=CARTESIAN_POINT('Origin',(71.,4.,4.));
#7321=CARTESIAN_POINT('Origin',(71.,4.,75.));
#7322=CARTESIAN_POINT('Origin',(56.25,4.,4.));
#7323=CARTESIAN_POINT('Origin',(71.,0.,4.));
#7324=CARTESIAN_POINT('Origin',(71.,0.,96.));
#7325=CARTESIAN_POINT('',(71.,0.,100.));
#7326=CARTESIAN_POINT('Origin',(4.,4.,25.));
#7327=CARTESIAN_POINT('Origin',(4.,0.,4.));
#7328=CARTESIAN_POINT('Origin',(4.,0.,96.));
#7329=CARTESIAN_POINT('',(4.,0.,100.));
#7330=CARTESIAN_POINT('Origin',(71.,4.,96.));
#7331=CARTESIAN_POINT('Origin',(0.,0.,100.));
#7332=UNCERTAINTY_MEASURE_WITH_UNIT(LENGTH_MEASURE(0.01),#7336,
'DISTANCE_ACCURACY_VALUE',
'Maximum model space distance between geometric entities at asserted c
onnectivities');
#7333=UNCERTAINTY_MEASURE_WITH_UNIT(LENGTH_MEASURE(0.01),#7336,
'DISTANCE_ACCURACY_VALUE',
'Maximum model space distance between geometric entities at asserted c
onnectivities');
#7334=(
GEOMETRIC_REPRESENTATION_CONTEXT(3)
GLOBAL_UNCERTAINTY_ASSIGNED_CONTEXT((#7332))
GLOBAL_UNIT_ASSIGNED_CONTEXT((#7336,#7338,#7339))
REPRESENTATION_CONTEXT('','3D')
);
#7335=(
GEOMETRIC_REPRESENTATION_CONTEXT(3)
GLOBAL_UNCERTAINTY_ASSIGNED_CONTEXT((#7333))
GLOBAL_UNIT_ASSIGNED_CONTEXT((#7336,#7338,#7339))
REPRESENTATION_CONTEXT('','3D')
);
#7336=(
LENGTH_UNIT()
NAMED_UNIT(*)
SI_UNIT(.MILLI.,.METRE.)
);
#7337=(
LENGTH_UNIT()
NAMED_UNIT(*)
SI_UNIT($,.METRE.)
);
#7338=(
NAMED_UNIT(*)
PLANE_ANGLE_UNIT()
SI_UNIT($,.RADIAN.)
);
#7339=(
NAMED_UNIT(*)
SI_UNIT($,.STERADIAN.)
SOLID_ANGLE_UNIT()
);
#7340=SHAPE_DEFINITION_REPRESENTATION(#7341,#7342);
#7341=PRODUCT_DEFINITION_SHAPE('',$,#7344);
#7342=SHAPE_REPRESENTATION('',(#4709),#7334);
#7343=PRODUCT_DEFINITION_CONTEXT('part definition',#7348,'design');
#7344=PRODUCT_DEFINITION('Geh\X\E4use oben','Geh\X\E4use oben v2',#7345,
#7343);
#7345=PRODUCT_DEFINITION_FORMATION('',$,#7350);
#7346=PRODUCT_RELATED_PRODUCT_CATEGORY('Geh\X\E4use oben v2',
'Geh\X\E4use oben v2',(#7350));
#7347=APPLICATION_PROTOCOL_DEFINITION('international standard',
'automotive_design',2009,#7348);
#7348=APPLICATION_CONTEXT(
'Core Data for Automotive Mechanical Design Process');
#7349=PRODUCT_CONTEXT('part definition',#7348,'mechanical');
#7350=PRODUCT('Geh\X\E4use oben','Geh\X\E4use oben v2',$,(#7349));
#7351=PRESENTATION_STYLE_ASSIGNMENT((#7352));
#7352=SURFACE_STYLE_USAGE(.BOTH.,#7353);
#7353=SURFACE_SIDE_STYLE('',(#7354));
#7354=SURFACE_STYLE_FILL_AREA(#7355);
#7355=FILL_AREA_STYLE('Stahl - satiniert',(#7356));
#7356=FILL_AREA_STYLE_COLOUR('Stahl - satiniert',#7357);
#7357=COLOUR_RGB('Stahl - satiniert',0.627450980392157,0.627450980392157,
0.627450980392157);
ENDSEC;
END-ISO-10303-21;
